EPAID,SITENAME,SITEADDR,SITECITY,SITECOUNTY,LATITUDE,LONGITUDE
NONCD0003384,ERWIN HILLS ROAD PFAS,180 ERWIN HILLS RD,ASHEVILLE,BUNCOMBE,35.6209884,-82.6215064
NCD093775302,"CASCADE DIE CASTING GROUP, INC.",1800 ALBERTSON RD,HIGH POINT,GUILFORD,35.92916,-80.02766
NONCD0003385,L. J. ROGERS TRUCKING PROPERTY,7723 OAKWOOD ST EXT,MEBANE,ORANGE,36.080311,-79.25512
NONCD0003386,WHITEHEAD STREET PCE,48 W WHITEHEAD ST,SPARTA,ALLEGHANY,36.5049,-81.12178
NONCD0003387,ORIOLE DRIVE PFAS,701 ORIOLE DRIVE,HENDERSONVILLE,HENDERSON,35.32862,-82.45969
NONCD0003389,ONE HOUR KORETIZING FALLS RD,202 FALLS RD,ROCKY MOUNT,NASH,35.9445,-77.79482
NONCD0003388,PAINT AND SIGN SHOP DURHAM,1100 N ALSTON AVE,DURHAM,DURHAM,35.99628,-78.8857
NONCD0003390,POPLAR STREET PFAS,2050 W POPLAR STREET,GASTONIA,GASTON,35.2727,-81.2176
NCD981861255,J & T BODY SHOP,2444 WILKINSON BLVD,CHARLOTTE,MECKLENBURG,35.22413,-80.8818
NONCD0003391,WENDELL BLVD PFAS,538 WENDELL BLVD,WENDELL,WAKE,35.802779,-78.420419
NONCD0003392,ALBERTSON ROAD PCBS,1800 ALBERTSON RD,HIGH POINT,GUILFORD,35.92903,-80.027597
NONCD0003393,TRYON RD GOLF COURSE,1610 TRYON RD,RALEIGH,WAKE,35.74028,-78.662762
NC0000056689,HITACHI CHINA GROVE,1 HITACHI METALS DRIVE,CHINA GROVE,ROWAN,35.57384,-80.55116
NC0000998336,CP PROPERTIES,2350 BROWN ROAD,SANFORD,LEE,35.554798,-79.194873
NC0001206473,GLEN RAVEN MILLS,TUCKER STREET C,BURLINGTON,ALAMANCE,36.0857,-79.43523
NC0001279710,WOODY WILSON BATTERY/ASHLEY HEIGHTS,301 OLD PINEHURST RD,ASHLEY HEIGHTS,HOKE,35.09863,-79.36562
NC0001402213,ELLIS JUNK YARD,NEEDMORE DRIVE,HAYESVILLE,CLAY,35.00764,-83.73101
NC0210020541,US DOD MILITARY OCEAN TERMINAL,SUNNY POINT OCEAN TERMINL,SOUTHPORT,BRUNSWICK,34.00799,-77.96147
NC5210022906,USA RESERVE XVIII AIRBORNE CORPS,405 FISHER ST,MOREHEAD CITY,CARTERET,34.72276,-76.70668
NCD000006361,SUPERIOR ELECTRO FINISHES,115 EAST CORUM ST,KERNERSVILLE,FORSYTH,36.11653,-80.06889
NCD000281832,SANFORD PLATING COMPANY,SR 1466,SANFORD,LEE,35.56386,-79.16967
NCD000604322,SINGER CO/FURNITURE DIV PLTS 3,904 VIRGINIA STREET,LENOIR,CALDWELL,35.89301,-81.55411
NCD000605303,"FEDERAL PAPER BOARD CO., INC.",865 JOHN L RIEGEL RD,RIEGELWOOD,COLUMBUS,34.35363,-78.21273
NCD000608117,CELANESE CORPORATION/FIBERS TECH,2300 ARCHDALE DR,CHARLOTTE,MECKLENBURG,35.147625,-80.863381
NCD000609982,UNION OIL CO. SE TERM/PAW CREEK,7300 OLD MT HOLLY RD,PAW CREEK,MECKLENBURG,35.27712,-80.93233
NCD000613273,PRAXAIR SURFACE TECHNOLOGIES,8501 OLD STATESVILLE RD,CHARLOTTE,MECKLENBURG,35.33807,-80.82555
NCD000615872,AMP INCORPORATED,1260 SHANNON-BRADLEY RD,GASTONIA,GASTON,35.27341,-81.23661
NCD000616219,GA-PACIFIC CORP,HWY 177 S,HAMLET,RICHMOND,34.87093,-79.73319
NCD000616516,SCOVILL INC/SECURITY PRODUCTS,HWY 74 E,MONROE,UNION,34.97839,-80.48635
NCD000623223,MARTIN MANUFACTURING PROPERTIES,E MAIN ST US 17,WILLIAMSTON,MARTIN,35.85987,-77.04475
NCD000653576,KERN RUBBER CO. URETHANE PLANT,1415 JAKE ALEXANDER RD S,SALISBURY,ROWAN,35.64038,-80.47708
NCD000770016,TEXAS CITY REFINING COMPANY,7325 OLD MT HOLLY RD,PAW CREEK,MECKLENBURG,35.27766,-80.92838
NCD000772046,MOBIL OIL CORP/KOCH REFINING,3334 RIVER RD,WILMINGTON,NEW HANOVER,34.18228,-77.95234
NCD000773507,GA-PACIFIC CORP/HDWD SAW,S DENNIS ST EXTENSION,ENFIELD,HALIFAX,36.15894,-77.69349
NCD000773515,GA-PACIFIC CORP/HDWD SAW,SR 1301,BOWDENS,DUPLIN,35.06129,-78.11837
NCD000813501,UNITED FURNITURE INDUSTRIES,401 W HANES MILL BLVD,WINSTON-SALEM,FORSYTH,36.18299,-80.28539
NCD000813519,DUKE UNIVERSITY,HWY 751 GATE 11,DURHAM,DURHAM,36.0183,-78.9878
NCD000813592,GA-PACIFIC CORP/HDWD SAW,PLYWOOD DR,PLYMOUTH,WASHINGTON,35.87345,-76.74101
NCD000822130,HARRELSON RUBBER COMPANY,HWY 220 SOUTH,ASHEBORO,RANDOLPH,35.66172,-79.82185
NCD000822957,UNION CARBIDE CORP/EVEREADY BATTERY,ART BRYAN DR,ASHEBORO,RANDOLPH,35.76866,-79.81669
NCD000827832,ELECTRICAL UTILITIES/CO BB&T,309 ANDERSON AVE,FARMVILLE,PITT,35.582777,-77.592777
NCD000828566,TARTAN MARINE PROPERTY,NC HIGHWAY 77 & SR 2032,HAMLET,RICHMOND,34.87312,-79.73049
NCD000828616,USS AGRI-CHEMICALS FARM SERVICE,HWY 701,WHITEVILLE,COLUMBUS,34.24824,-78.75531
NCD001493931,"WECK, EDWARD INC.",WECK DR,RTP,DURHAM,35.9263,-78.84963
NCD001704980,WILMINGTON BRANCH/BORDEN/SMITH DOUGL,NAVASSA ROAD,NAVASSA,BRUNSWICK,34.2632,-78.0014
NCD001725464,BORDEN CHEMICAL SMITH-DOUGLASS,3106 HWY 11 NORTH,KINSTON,LENOIR,35.307752,-77.526366
NCD001871854,FRUEHAUF TRAILER CORPORATION,310 DALTON,CHARLOTTE,MECKLENBURG,35.24003,-80.83217
NCD002388965,"LACKAWANNA LEATHER CO., INC.",HWY 70A WEST,CONOVER,CATAWBA,35.72016,-81.25055
NCD002464691,ALLIANCE CAROLINA TOOL AND MOLD,SR 3495-GLENN BRIDGE RD,ARDEN,BUNCOMBE,35.46235,-82.52422
NCD002571438,ABC ENGRAVERS,724 NORTH I-85,CHARLOTTE,MECKLENBURG,35.265511,-80.870253
NCD003148798,DAYCO CORP,BALSAM RD,WAYNESVILLE,HAYWOOD,35.4663,-83.00948
NCD003148889,CHAMPION INTERNATIONAL_CANTON MILL,NEWFOUND STREET,CANTON,HAYWOOD,35.53492,-82.83751
NCD003149291,GASTON COUNTY DYEING MACHINE CO.,HWY 27 EAST,MOUNT HOLLY,GASTON,35.31639,-81.04108
NCD003149663,RADIATOR SPECIALTY COMPANY,1900 WILKINSON BLVD,CHARLOTTE,MECKLENBURG,35.223186,-80.871147
NCD003149705,BASF WAYNDOTTE CORPORATION,4330 CHESAPEAKE DR,CHARLOTTE,MECKLENBURG,35.2789,-80.8741
NCD003151651,WILLARD SMELTING CO.,101 NEWBERN ST,CHARLOTTE,MECKLENBURG,35.19918,-80.86999
NCD003154960,FLEMING LABORATORIES,2215 THRIFT ROAD,CHARLOTTE,MECKLENBURG,35.23395,-80.87382
NCD003155587,SCOTT AVIATION OF MONROE/TOOL SERV,309 W. CROWELL ST,MONROE,UNION,34.98477,-80.55405
NCD003157377,AMERICAN THREAD/SEVIER PLANT,630 AMERICAN THREAD RD,MARION,MCDOWELL,35.79111,-82.02121
NCD003158094,GLEN RAVEN MILLS,EAST MAIN STREET,BURNSVILLE,YANCEY,35.91752,-82.2785
NCD003162500,CONSOLIDATED ENGRAVERS CORP.,311 E 12TH ST,CHARLOTTE,MECKLENBURG,35.23211,-80.83106
NCD003163730,GENERAL INSTRUMENT CORP.,1396 CHARLOTTE HWY,FAIRVIEW,BUNCOMBE,35.5257,-82.40735
NCD003163888,HENREDON FURNITURE,400 HENREDON RD,MORGANTON,BURKE,35.725104,-81.704942
NCD003164464,UNIROYAL INC/UNIROYAL CHEMICAL,214 W RUBY AVE,GASTONIA,GASTON,35.24477,-81.18706
NCD003167780,SPRAGUE ELECTRIC COMPANY,HWY 194,LANSING,ASHE,36.47966,-81.50469
NCD003182805,HACKNEY BROTHERS BODY CO.,HERRING AVE & PENDER ST,WILSON,WILSON,35.72951,-77.90242
NCD003183167,LONG MANUFACTURING,111 FAIRVIEW ST,TARBORO,EDGECOMBE,35.909128,-77.54397
NCD003183480,UNION CAMP CORPORATION,524 BROGDEN RD,SMITHFIELD,JOHNSTON,35.49578,-78.35143
NCD003183571,"WINTERVILLE MACHINE WORKS, INC.",2672 MILL ST,WINTERVILLE,PITT,35.52651,-77.40421
NCD003184249,UNION CARBIDE CORP/EVEREADY BATTERY,264 BYPASS-EVANS ST EXTN,GREENVILLE,PITT,35.57768,-77.38432
NCD003184710,CAROLINA CREOSOTING CORPORATION,EASTBROOK ROAD,LELAND,BRUNSWICK,34.269148,-78.040433
NCD003186004,INTERNATIONAL PAPER/RICHMOND GRAVURE,2215 S. WILMINGTON STREET,RALEIGH,WAKE,35.75096,-78.64064
NCD003186178,COASTAL CHEMICAL CORP.,EVANS ST EXT,GREENVILLE,PITT,35.56117,-77.38679
NCD003189024,BORDEN CHEMICAL FAYETTEVILLE PLANT,1411 INDUSTRIAL DR,FAYETTEVILLE,CUMBERLAND,35.02929,-78.86192
NCD003193588,"BARBOUR BOAT WORKS, INC.",527 TRYON PALACE DR,NEW BERN,CRAVEN,35.10469,-77.04299
NCD003195161,CORNING GLASS WORKS,3900 ELECTRONICS DRIVE,RALEIGH,WAKE,35.83318,-78.60387
NCD003195963,WESTINGHOUSE ELEC METER & LIGHT,US 1 N,RALEIGH,WAKE,35.816034,-78.59754
NCD003196193,"PIFER INDUSTRIES, INC.",2210 E PETTIGREW ST,DURHAM,DURHAM,35.9786,-78.8775
NCD003196847,NATIONAL SPINNING COMPANY,WEST 3RD STREET,WASHINGTON,BEAUFORT,35.55353,-77.07483
NCD003197704,"SALT WOOD PRODUCTS, INC.",11065 OLD HWY 70 W,COVE CITY,CRAVEN,35.19044,-77.33841
NCD003198520,"HONEYWELL, INC",921 HOLLOWAY STREET,DURHAM,DURHAM,35.99465,-78.8841
NCD003198967,GENERAL ELECTRIC CO/CAROLINA,900 N GEORGE ST,GOLDSBORO,WAYNE,35.39409,-77.99558
NCD003200656,"FEATHER PROCESSORS, INC",HWY 117 NORTH,ROSE HILL,DUPLIN,34.83815,-78.02585
NCD003201837,"ENCEE CHEMICAL SALES, INC.",1102 HWY 17 N D ST,BRIDGETON,CRAVEN,35.12961,-77.0256
NCD003213030,DOUGLAS BATTERY MANUFACTURING CO.,500 BATTERY DR,WINSTON-SALEM,FORSYTH,36.06,-80.2289
NCD003213568,LIBERTY FURNITURE CORP/CHROMCRAFT,330 N GREENSBORO ST,LIBERTY,RANDOLPH,35.85902,-79.57131
NCD003213881,BENDIX CORPORATION,I-85 INNES ST EXIT,SALISBURY,ROWAN,35.65158,-80.46657
NCD003214574,"SPRUANCE SOUTHERN, INC.",115 E ELLER DR,,DAVIDSON,35.96007277,-80.21803
NCD003215696,HUNT MANUFACTURING,2301 SPEEDBALL ROAD,STATESVILLE,IREDELL,35.79441,-80.92855
NCD003216397,HIGHLAND INDUSTRIES/BURLINGTON IND.,215 DRUMMOND ST/SR 2089,KERNERSVILLE,FORSYTH,36.12016,-80.07033
NCD003216413,RALEIGH ROAD FURNITURE CORP/STANLEY,802 WEST CENTER ROAD,LEXINGTON,DAVIDSON,35.83245,-80.26451
NCD003216462,UNION CARBIDE CORP/EVEREADY BATTERY,800 ALBEMARLE RD,ASHEBORO,RANDOLPH,35.69023,-79.8262
NCD003218161,CORNELL-DUBLIER ELECTRONICS,2652 DALRYMPLE ST,SANFORD,LEE,35.455113,-79.143719
NCD003218492,CAROLINA RUBBER HOSE COMPANY,1801 SOUTH RAILROAD,SALISBURY,ROWAN,35.652958,-80.492045
NCD003219789,CAROLINA BIOLOGICAL SUPPLY CO,2700 YORK RD.,BURLINGTON,ALAMANCE,36.105555,-79.488888
NCD003230836,DUKE REFINING CORPORATION,2020 JARRELL STREET,HIGH POINT,GUILFORD,35.93121,-80.00021
NCD003231545,"SHERWOOD TREATING CO., INC.",1660 SILAS CREEK PKWAY,WINSTON-SALEM,FORSYTH,36.06687,-80.26459
NCD003232477,HIGH FALLS MILLS LLC,1714 CAROLINA MILL RD,BURLINGTON,ALAMANCE,36.122023,-79.403528
NCD003233111,MARSH FURNITURE COMPANY,1001 S CENTENNIAL ST,HIGH POINT,GUILFORD,35.94314,-79.99977
NCD003233673,HOOVER REPAIR SHOP,461 N SOUTH STREET SR1669,MT AIRY,SURRY,36.503939,-80.616281
NCD003234549,SCM PROCTOR SILEX/WEAREVER,575 YADKIN RD,SOUTHERN PINES,MOORE,35.18956,-79.37807
NCD003235066,NEW AGE FURNITURE CO/MILLER TOOL,PROSPECT INDUSTRIAL PARK,LEXINGTON,DAVIDSON,35.802379,-80.277613
NCD003236841,WARLICK PAINT COMPANY,945 MONROE ST,STATESVILLE,IREDELL,35.77376,-80.86514
NCD003459336,"SURTRONICS, INC.",4001 BERYL RD,RALEIGH,WAKE,35.7941,-78.694393
NCD003464369,IMC/INTERNATIONAL MINERALS & CHEM,GLEEN AVENUE EXTENSION,WINSTON-SALEM,FORSYTH,36.13042,-80.23857
NCD003464765,VAUGHAN-BASSETT FURNITURE CO.,ROUTE 268 EAST,ELKIN,SURRY,36.24896,-80.83781
NCD003467974,AMP INCORPORATED,1126 CHURCH ST,GREENSBORO,GUILFORD,36.093115,-79.782494
NCD003520301,"OVERCASH MACHINE SHOP, INC.",865 CONNOR STREET,STATESVILLE,IREDELL,35.77699,-80.9013
NCD003528825,FIELDCREST MILLS INC.,WALPAT RD,SMITHFIELD,JOHNSTON,35.48506,-78.36059
NCD003938586,CORNING GLASS WORKS,310 NORTH COLLEGE RD,WILMINGTON,NEW HANOVER,34.25068,-77.86877
NCD003951878,SQUARE D COMPANY,128 BINGHAM RD,ASHEVILLE,BUNCOMBE,35.60668,-82.58728
NCD004520136,EATON CORPORATION,ROUTE 501 SOUTH,ROXBORO,PERSON,36.359262,-78.985681
NCD006390561,"AKZO NOBLE COATINGS, INC.",1431 PROGRESS ST,HIGH POINT,GUILFORD,35.92326,-80.02234
NCD006556963,CR INDUSTRIES,4328 S YORK HWY,GASTONIA,GASTON,35.20164,-81.2111
NCD009305699,"GTE SYLVANIA, INC.",1315 OUTLET CENTER DR,SMITHFIELD,JOHNSTON,35.51441,-78.30668
NCD024459471,GUYTON BATTERY SERVICE,HWY 401 S,CHADBOURN,COLUMBUS,34.29381,-78.82656
NCD024462327,ACADEMY STEEL DRUM,3213 RIDGE RD,MATTHEWS,MECKLENBURG,35.10161,-80.69745
NCD024468597,CHARLOTTE STEEL DRUM,2900 WEST TRADE STREET,CHARLOTTE,MECKLENBURG,35.25276,-80.86884
NCD024477556,WINSTON CONTAINER COMPANY,4732 MORRIS FIELD RD,CHARLOTTE,MECKLENBURG,35.21698,-80.92439
NCD024577421,NORTH CAROLINA SALVAGE CO.,HWY 117 SOUTH,GOLDSBORO,WAYNE,35.34783333,-78.01881389
NCD024600579,SUPERIOR PRODUCTS COMPANY,4801 BURLINGTON RD,GREENSBORO,GUILFORD,36.091355,-79.688375
NCD024740433,EC MANUFACTURING,413 N. POLK STREET,PINEVILLE,MECKLENBURG,35.088793,-80.886598
NCD024762668,BUSH BROTHERS PLATING INC/GREER,107 NE MARKET ST,REIDSVILLE,ROCKINGHAM,36.36236,-79.66263
NCD024770125,BURLINGTON FURNITURE,ATOAH STREET,ROBBINSVILLE,GRAHAM,35.31807,-83.81624
NCD024852675,SCHULHOFER JUNKYARD,816 HOWELL MILL ROAD,WAYNESVILLE,HAYWOOD,35.50729,-82.97605
NCD024852907,TAYLOR MOTOR CO,524 RUSS AVENUE,WAYNESVILLE,HAYWOOD,35.501432,-82.987087
NCD024895864,STEWART-WARNER CORP/BASSICK-SACK,2941 INDIANA AVE,WINSTON-SALEM,FORSYTH,36.12849,-80.23719
NCD033978396,ATEC INDUSTRIES,PERKINS DRIVE,ROXBORO,PERSON,36.43962,-78.97312
NCD037160439,"TOASTMASTER, INCORPORATED",17160 PLANT RD,LAURINBURG,SCOTLAND,34.80225,-79.46188
NCD038551263,TRI-COUNTY COMMUNITY COLLEGE,OFF US 64 E SOUTH OF NC 1,MURPHY,CHEROKEE,35.06675,-83.96576
NCD039102959,HEVI-DUTY ELECTRIC/GENERAL SIG,2701 HWY 117 S,GOLDSBORO,WAYNE,35.329622,-78.031985
NCD040042426,AEROQUIP,8171 PLANER MILL RD,MIDDLESEX,NASH,35.78585,-78.1851
NCD040047425,PRILLAMAN CHEMICALS,334 WORTH STREET,FAYETTEVILLE,CUMBERLAND,35.04894,-78.882533
NCD040052854,KAISER AGRICULTURAL CHEMICALS (FRMR),510 E BARNES ST,WILSON,WILSON,35.720858,-77.908228
NCD041230418,AMP INCORPORATED,3900 REIDSVILLE ROAD,WINSTON-SALEM,FORSYTH,36.1091,-80.1887
NCD041414780,FIELDCREST MILLS INC./NC FINISHING,US 29/70 N,SPENCER,ROWAN,35.72158,-80.3957
NCD041415019,VALSPAR CORPORATION,1647 ENGLISH RD,HIGH POINT,GUILFORD,35.94612,-80.01993
NCD041466525,ROCKY MOUNT FIBER DUMP,ATLANTIC AVE EXTENSION,ROCKY MOUNT,EDGECOMBE,35.96484,-77.78156
NCD041466806,PHILLIPS PLATING,US 17 HWY NORTH,BRIDGETON,CRAVEN,35.1433,-77.03231
NCD041519364,TEXASGULF CHEMICALS COMPANY,HWY 306 NORTH,AURORA,BEAUFORT,35.38,-76.775
NCD042091215,RJR TECH COMPANY,841 AVOCA FARM RD,MERRY HILL,BERTIE,36.00203,-76.71226
NCD042269134,SOUTHERN SCREW/FARLEY METALS,1225 BARKLEY RD,STATESVILLE,IREDELL,35.76493,-80.85539
NCD042423087,APOLLO CHEMICAL CORPORATION,1105 SOUTHERLAND STREET,GRAHAM,ALAMANCE,36.083134,-79.405568
NCD042890525,DIAMOND SHAMROCK CORP/MARIETTA,SR 1002,CASTLE HAYNE,NEW HANOVER,34.36904,-77.86421
NCD042891663,MITCHELL ENGR CO/CECO BLDG. DIV.,BYPASS 301,ROCKY MOUNT,NASH,36.02692,-77.76331
NCD043679349,GENERAL TIRE & RUBBER CO,1900 CONTINENTAL BLVD,CHARLOTTE,MECKLENBURG,35.12751,-80.92534
NCD043711977,"CHEMICAL LEAMAN TANK LINES, INC.",6600 WEST MARKET STREET,GREENSBORO,GUILFORD,36.07697,-79.91894
NCD044388015,GA-PACIFIC CORP HDBD,200 AMPAC RD,CONWAY,NORTHAMPTON,36.425128,-77.228083
NCD044444735,CROMPTON & KNOWLES CORP.,SPENCER MT RD,LOWELL,GASTON,35.2858,-81.1049
NCD044513307,CE SMITH CO,3704 OLD BATTLEGROUND RD,GREENSBORO,GUILFORD,36.12835,-79.84556
NCD044514602,"RJR ARCHER, INC.",CUNNINGHAM AVE,WINSTON-SALEM,FORSYTH,36.07619,-80.22706
NCD045451473,ACE CHEMICAL CORPORATION,9801 S TRYON ST,CHARLOTTE,MECKLENBURG,35.12513,-80.94277
NCD045456134,BUSS AUTOMATION INCORPORATED,"511 CREEKWAY DR, NW",LENOIR,CALDWELL,35.91493,-81.5567
NCD045915568,RALEIGH METAL PROCESSORS,2310 GARNER RD,RALEIGH,WAKE,35.749209,-78.631766
NCD045920279,HOLDING POND FOR WASTE/USS,100 QUALITY DR,NAVASSA,BRUNSWICK,34.25832,-77.98815
NCD045924032,WEST POINT PEPPERELL_ALAMAC,1885 ALAMAC RD,LUMBERTON,ROBESON,34.58923,-79.00516
NCD045924065,AMF/HATTERAS YACHTS,110 N GLENBURNIE ROAD,NEW BERN,CRAVEN,35.14035,-77.07236
NCD045924339,ACME UNITED CORPORATION,HWY 117,FREMONT,WAYNE,35.53727,-77.97992
NCD045924487,CAROLINA ALUMINUM/EASCO/ALFINITY,600 METCALF STREET,WINTON,HERTFORD,36.394876,-76.92857
NCD046148540,CENTRAL TRANSPORT COMPANY,600 MELYNDA ROAD,CHARLOTTE,MECKLENBURG,35.27454,-80.9102
NCD046149019,"HISTRAND CHEMICAL, INC.",HWY 9,LENOIR,CALDWELL,35.94447,-81.55814
NCD047257472,"APPLIED RESEARCH GROUP, INC.",2221 N. DAVIDSON STREET,CHARLOTTE,MECKLENBURG,35.23966,-80.8152
NCD047371794,COASTAL LUMBER CO,934 N CRAVEN ST,NEW BERN,CRAVEN,35.116575,-77.04246
NCD047372503,BRENNTAG/SOUTHCHEM,2000 E PETTIGREW ST,DURHAM,DURHAM,35.98,-78.880277
NCD048181218,CAROLINA GALVANIZING CORP.,HWY 221 E,ABERDEEN,MOORE,35.10797,-79.39135
NCD048184451,BURLINGTON HOME CHAIR,HIGHWAY 268,RONDA,WILKES,36.22046,-80.93765
NCD048401087,HOOKER FURNITURE,1212 THROWER ROAD,PLEASANT GARDEN,GUILFORD,35.961205,-79.766035
NCD048462881,ARMOLOY CO OF NC/HI-TECH,1603 SALISBURY ROAD,STATESVILLE,IREDELL,35.76791,-80.85129
NCD048469993,PROCTOR CHEMICAL CO INC/NATIONAL STA,237 LUMBER STREET,SALISBURY,ROWAN,35.65658,-80.48127
NCD048958615,KELLY-SPRINGFIELD TIRE CO/GOODYEAR,NAVASSA RD,FAYETTEVILLE,CUMBERLAND,35.1703,-78.85566
NCD049772023,"H & S PROCESSORS, INC.",NC HIGHWAY 150 WEST,LINCOLNTON,LINCOLN,35.4433,-81.28012
NCD049845266,STANLEY CASE GOODS (FORMER),HWY 211,WEST END,MOORE,35.23928,-79.56827
NCD049845548,"REICHHOLD CHEMICAL, INC.",SR 1916,MONCURE,CHATHAM,35.6056,-79.04865
NCD049997786,INMONT CORP/BASF CORPORATION,1110 CARBON CITY ROAD,MORGANTON,BURKE,35.732209,-81.747246
NCD050409150,GENERAL ELECTRIC CO/WILMINGTON,3901 CASTLE HAYNE RD,WILMINGTON,NEW HANOVER,34.321944,-77.923055
NCD051322980,GENERAL ELECTRIC CO.,2328 THRIFT RD,CHARLOTTE,MECKLENBURG,35.23568,-80.87391
NCD051739209,HARRELSON RUBBER COMPANY,408 TELEPHONE AVE,ASHEBORO,RANDOLPH,35.68506,-79.81233
NCD051745685,HOLDING POND FOR WASTE/USS,500 BROOME RD,GREENSBORO,GUILFORD,36.0368,-79.77981
NCD051853547,AUSTIN FOODS,E CHATHAM ST,CARY,WAKE,35.79085,-78.7721
NCD052553641,WEYERHAEUSER CO/LEWISTON,HWY 308 W,LEWISTON,BERTIE,36.12328,-77.18449
NCD053010724,"ICI - AMERICAS, INC.",2130 N TRYON,CHARLOTTE,MECKLENBURG,35.24324,-80.82062
NCD053010732,PARKS-CRAMER COMPANY,2000 S BLVD,CHARLOTTE,MECKLENBURG,35.20951,-80.86062
NCD053485991,VARCO-PRUDEN BUILDINGS,1140 PERRY RD,KERNERSVILLE,FORSYTH,36.13713,-80.09574
NCD053488409,ALLIED CHEMICAL CORP/PERFORMANCE FIBERS,338 PEA RIDGE ROAD,NEW HILL,CHATHAM,35.62083,-79.04525
NCD053488557,SOUTHERN WOOD PIEDMONT COMPANY,SR 2139,GULF,CHATHAM,35.560417,-79.277222
NCD054283189,HOOVER MACHINE SHOP,RATCHFORD ROAD,GASTONIA,GASTON,35.17334,-81.08752
NCD054290770,THOMASVILLE FURNITURE INDS/LENOIR,315 ELIZABETH ST NW,LENOIR,CALDWELL,35.93312,-81.54196
NCD054412283,BLACK & DECKER PLANT (FORMER),3301 MAIN ST,TARBORO,EDGECOMBE,35.9273,-77.56682
NCD054417308,COASTAL CHEMICAL CORP.,NC 42,CLAYTON,JOHNSTON,35.64005,-78.44604
NCD055162069,PELTON & CRANE PLANT (FORMER),200 CLANTON ROAD,CHARLOTTE,MECKLENBURG,35.194949,-80.874542
NCD055165609,PANTASOTE INC. FILM/COMPOUND DIV.,1508 S CENTER ST,HICKORY,CATAWBA,35.70848,-81.33872
NCD055167324,MITCHELL-BISSELL PLANT,HWY US 64,ROSMAN,TRANSYLVANIA,35.13848,-82.84966
NCD055550560,GULF ADHESIVES & RESINS/PERKINS,1717 WARD STREET,HIGH POINT,GUILFORD,35.93793,-80.02652
NCD057037178,PFIZER INC/COTY DIVISION,COX MILL RD & HWY 42 E,SANFORD,LEE,35.4581,-79.11291
NCD057248759,PATCH RUBBER POND,GRACE BOULEVARD,ROANOKE RAPIDS,HALIFAX,36.4391,-77.62673
NCD057454670,DIAMOND SHAMROCK CORP/OCCIDENTAL,SR 1002,CASTLE HAYNE,NEW HANOVER,34.37167,-77.86014
NCD058517467,SOUTHERN WOOD PIEDMONT COMPANY,GREENFIELD ST,WILMINGTON,NEW HANOVER,34.216,-77.94985
NCD060294139,A CLEANER WORLD,1221 W ACADEMY ST,WINSTON-SALEM,FORSYTH,36.08475,-80.25852
NCD060306727,"RICHARDS, WC COMPANY, INC.",101 EAST MAPLE STREET,ABERDEEN,MOORE,35.13397,-79.42486
NCD061099248,CONVERSE CHUCK TAYLOR SITE,4019 NC 72 WEST,LUMBERTON,ROBESON,34.658104,-79.103173
NCD061786000,BETA FUELING SYSTEMS,1209 FREEWAY DR,REIDSVILLE,ROCKINGHAM,36.32509,-79.69133
NCD061795696,UNITEX CHEMICALS,520 BROOME RD,GREENSBORO,GUILFORD,36.03889,-79.77934
NCD061801361,CIBA-GEIGY CORPORATION,410 SWING RD,GREENSBORO,GUILFORD,36.06604,-79.91153
NCD062548995,QUORUM KNITTING,REEMS CREEK RD,WEAVERVILLE,BUNCOMBE,35.68832,-82.5607
NCD062550082,CARPENTER CO - CONOVER PLANT,2009 KEISLER DAIRY RD,CONOVER,CATAWBA,35.69539,-81.18122
NCD062552989,MALLARD CREEK RD/UNION OIL CO OF CA,14700 MALLARD CREEK RD,CHARLOTTE,MECKLENBURG,35.34989,-80.71374
NCD062553490,"FLEET TRANSPORT CO., INC.",6712 FREEDOM DRIVE,CHARLOTTE,MECKLENBURG,35.27632,-80.93634
NCD062566047,FASCO CONTROLS CORPORATION,1100 AIRPORT RD,SHELBY,CLEVELAND,35.308549,-81.513369
NCD062571658,HONEYWELL MICRO SWITCH DIV.,1 HICKORY DRIVE,MARS HILL,MADISON,35.83222,-82.55895
NCD062664883,REINCO CHEMICAL COMPANY,EAST 11 ST,ROANOKE RAPIDS,HALIFAX,36.4516,-77.65206
NCD065288847,"CF NITROGEN, INCORPORATED",HWY 45,WINTON,HERTFORD,36.36944,-76.86667
NCD065295495,TEXFI IMPRESSIONS,401 PATETOWN RD,GOLDSBORO,WAYNE,35.41338,-77.97958
NCD067178707,"FAWN PLASTICS CO., INC.",10235 US 264A,MIDDLESEX,NASH,35.78496,-78.18296
NCD067187302,FULFLEX,500 AIR BOSS PKWY,SCOTLAND NECK,HALIFAX,36.12281,-77.41649
NCD067191262,FIRESTONE TIRE AND RUBBER COMPANY,HWY 301,WILSON,WILSON,35.75877,-77.86921
NCD067392175,"TRAMCO, INC.",SR 1611,CONNELLY SPRINGS,BURKE,35.754957,-81.473994
NCD067428821,"SIEMENS-ALLIS, INC/SWITCHGEAR DIV",5000 WOMACK RD,SANFORD,LEE,35.543928,-79.172041
NCD067437400,GULF OIL CORPORATION,5955 ROCK QUARRY RD,MCLEANSVILLE,GUILFORD,36.112335,-79.621395
NCD067441394,"RJR ARCHER, INC.",220 EAST POLO ROAD,WINSTON-SALEM,FORSYTH,36.14293,-80.25641
NCD070619911,TELEDYNE ALLVAC MONROE PLANT,2020 ASHCRAFT AVE,MONROE,UNION,34.98416,-80.52142
NCD071561864,SHERWIN WILLIAMS COMPANY,113 STAGECOACH TRAIL,GREENSBORO,GUILFORD,36.07844,-79.91405
NCD071567374,AGRICO #2/BILL MARTIN LIVESTOCK,408 PATTON AVE,GREENSBORO,GUILFORD,36.04054,-79.78217
NCD071579528,FORBUSH METAL,SPEER BRIDGE ROAD,YADKINVILLE,YADKIN,36.1132,-80.54764
NCD072003635,ATHOL MANUFACTURING COMPANY,C & 22ND ST,BUTNER,GRANVILLE,36.13654,-78.75188
NCD072012354,SINGER CO/FURNITURE DIV WASHINGTON,STATE ROAD 1175,CHOCOWINITY,BEAUFORT,35.5179,-77.10394
NCD072018252,GENERAL ELECTRIC CO/MED STEAM TURBIN,3701 S MIAMI BLVD,DURHAM,DURHAM,35.91543,-78.83158
NCD072019011,SAAB BARRACUDA FACILITY,608 E MCNEILL ST,LILLINGTON,HARNETT,35.391219,-78.809327
NCD074511361,AQUAIR CORPORATION,13300 SAM NEELY RD,CHARLOTTE,MECKLENBURG,35.12682,-80.97049
NCD075570820,PLYMOUTH WOOD TREATING COMPANY,N HWY 45,PLYMOUTH,WASHINGTON,35.90671,-76.70998
NCD075582197,AMORE/WORTH CHEMICAL,2418 EAST PETTIGREW ST,DURHAM,DURHAM,35.97671,-78.87451
NCD077821296,SOUTHERN RESIN/US INDUSTRIES INC,1510 DENTON ROAD,THOMASVILLE,DAVIDSON,35.82539,-80.09718
NCD077838589,THOMASVILLE FOREST PRODUCTS,CLARKSBURY CHRUCH ROAD,THOMASVILLE,DAVIDSON,35.76762,-80.10973
NCD079066833,LENOIR REFINING COMPANY,263 PENNTON AVE NW,LENOIR,CALDWELL,35.91605,-81.52511
NCD080885551,DAUGHERTY CHEMICAL COMPANY,307 WALKER STREET,DURHAM,DURHAM,35.98926,-78.89291
NCD080892441,CHAMPION PRODUCTS INC,350 ATKINSON ST,CLAYTON,JOHNSTON,35.657929,-78.471327
NCD080894645,CHLORIDE AUTOMOTIVE BATTERIES,2525 AND 2539 NOBLIN RD,RALEIGH,WAKE,35.80854,-78.59853
NCD081332900,INX (FORMER) FACILITY,3200 & 3210 CULLMAN AVE,CHARLOTTE,MECKLENBURG,35.24952,-80.80795
NCD082362989,TUNGSTEN QUEEN MINE/ATLAS MINE,SR 1348,TOWNSVILLE,VANCE,36.51791,-78.47438
NCD082363102,HELENA CHEMICAL COMPANY,17321 HARRY MALLOY RD,LAURINBURG,SCOTLAND,34.747388,-79.434544
NCD083669952,STORY BURIAL AREAS/UNION CHEMICAL,6101 ORR ROAD,CHARLOTTE,MECKLENBURG,35.26206,-80.7614
NCD083673590,BENDIX CORPORATION,701 NORTH I-85 ACCESS RD,CHARLOTTE,MECKLENBURG,35.26775,-80.87406
NCD083673616,REEVES BROTHERS,RAILROAD AVE,RUTHERFORDTON,RUTHERFORD,35.37782,-81.94779
NCD083673681,SINGER CO/KEARFOTT DIV,HIGHWAY 70,BLACK MOUNTAIN,BUNCOMBE,35.6056,-82.36493
NCD083674713,HULL SERVICE STATION/PHILLIPS 66,HIGHWAY 274 SOUTH,VALE,LINCOLN,35.50498,-81.4565
NCD083678631,SINCLAIR AND VALENTINE CO.,515 S TURNER AVE,CHARLOTTE,MECKLENBURG,35.24217,-80.86621
NCD084167444,"STANADYNE, INC/DIESEL SYSTEMS",405 WHITE ST,JACKSONVILLE,ONSLOW,34.75635,-77.38845
NCD088563242,MONSANTO COMPANY/ROHM & HAAS,CEDAR CREEK RD,FAYETTEVILLE,CUMBERLAND,34.985,-78.7836
NCD089903983,"UNIVAR USA, INC",3600 WEST WENDOVER AVE,GREENSBORO,GUILFORD,36.06069,-79.86777
NCD089914311,MILLER BREWING CO/CONT DIV,1900 BARNES ST,REIDSVILLE,ROCKINGHAM,36.32894,-79.649
NCD089989917,EMERSON ELECTRIC COMPANY,US 64,MURPHY,CHEROKEE,35.07504,-83.96482
NCD091567065,"STANADYNE, INC/DIESEL SYSTEMS",230 CLARKS NECK RD,WASHINGTON,BEAUFORT,35.564414,-77.081223
NCD091572073,NATIONAL STARCH & CHEMICAL COMPANY,2271 ANDREW JACKSON HWY,LELAND,BRUNSWICK,34.25808,-78.08489
NCD093132207,VOICE OF AMERICA RELAY STATION,COUNTY ROAD 1212,GREENVILLE,PITT,35.62572,-77.48061
NCD093137636,"GENERAL WOOD PRESERVING CO., INC.",HWY 74/76,LELAND,BRUNSWICK,34.24955,-78.07689
NCD093334209,"WILSON, RALPH PLASTICS",CANE CREEK IND PARK,FLETCHER,HENDERSON,35.43645,-82.4793
NCD093334969,S & S METALS RECYCLING COMPANY,SHORTCUT ROAD/SR 2455,GOLD HILL,CABARRUS,35.47759,-80.32881
NCD093338119,SCM CORP. GLIDDEN COATINGS & RESINS,3926 GLENWOOD DRIVE,CHARLOTTE,MECKLENBURG,35.25016,-80.88538
NCD093340487,FLORIDA STEEL CORPORATION,LAKEVIEW RD,CHARLOTTE,MECKLENBURG,35.34089,-80.82738
NCD093783876,VANIER GRAPHICS CORPORATION,655 MEADOW RD,EDEN,ROCKINGHAM,36.514029,-79.723635
NCD095458709,SCHRADER AUTOMOTIVE PRODUCTS DIV.,1609 AIRPORT ROAD,MONROE,UNION,35.022939,-80.622923
NCD095470332,THONIT A SIMMONS COMPANY,11900 STEELE CREEK ROAD,CHARLOTTE,MECKLENBURG,35.13071,-80.98052
NCD096158696,"BURLINGTON INDUSTRIES, INC.",6008 HIGH POINT RD,GREENSBORO,GUILFORD,36.00601,-79.90523
NCD097361018,KIN PROPERTIES ABANDONED DRUMS,920 EASTWAY DRIVE,CHARLOTTE,MECKLENBURG,35.24431,-80.7808
NCD098765506,SINGER CO/FURNITURE DIV BRYSON,BRYSON WALK,BRYSON CITY,SWAIN,35.42268,-83.45883
NCD101750305,"INDUSTRIAL PLASTICS, INC.",CLOVER & MCONNELL ROAD,GREENSBORO,GUILFORD,36.05776,-79.68907
NCD105797922,TECHNIBILT/DIV OF WHITTAKER,EAST PEACE ST,NEWTON,CATAWBA,35.63923,-81.2136
NCD108702606,HARTSOE BATTERY,2513 LINA AVE,KANNAPOLIS,ROWAN,35.52918,-80.61279
NCD130708126,CONSOLIDATED WAREHOUSE,8300 MOORES CHAPEL RD,CHARLOTTE,MECKLENBURG,35.275832,-80.943303
NCD144192606,PARKER-ZENITH,160 TAYLOR ST,ABERDEEN,MOORE,35.136012,-79.437928
NCD144212701,WOODY DRIVE VOCS,609 WOODY DRIVE,GRAHAM,ALAMANCE,36.06033,-79.3877
NCD980483275,HELENA CHEMICAL COMPANY,DENNIS STREET EXTENSION,ENFIELD,HALIFAX,36.17235,-77.67785
NCD980502827,BROWN #1,SR 1504 VANDERBILT RD,PISGAH FOREST,TRANSYLVANIA,35.30494,-82.7328
NCD980502892,CREEK BRIDGE/BORDEN CHEMICAL,US HWY 24-87 (GROVE ST),FAYETTEVILLE,CUMBERLAND,35.05573,-78.87171
NCD980503148,SOUTHCHEM LANDFILL,722 EAST MARKHAM AVE,DURHAM,DURHAM,36.007667,-78.88149
NCD980515308,UNIVERSITY OF NC AT CHAPEL HILL,FINLEY GOLF COURSE RD,,DURHAM,35.8902,-79.0082
NCD980518211,IRT/IBM CORPORATION,4101 S I-85,CHARLOTTE,MECKLENBURG,35.24084,-80.93161
NCD980557623,UNIVERSITY OF NC/ARPT WASTE DISP,AIRPORT RD,CHAPEL HILL,ORANGE,35.93819,-79.060226
NCD980557631,LIVEWIRE ELEC CO/CALIFORNIA SPRAY,1004 SOUTH GEORGE STREET,GOLDSBORO,WAYNE,35.36827,-78.007
NCD980557672,PITT COUNTY UTILITY LANDFILL,PORT TERMINAL RD,GREENVILLE,PITT,35.59677,-77.30611
NCD980557722,HARRISBURG BATTERY,2609 HIGHWAY 49,HARRISBURG,CABARRUS,35.33564,-80.6202
NCD980557847,KAISER ACME FARMARKET,SR 1870,RIEGELWOOD,COLUMBUS,34.32322,-78.20686
NCD980557854,FMC/NIAGARA PESTICIDES,3595 OLD NC 11,AYDEN,PITT,35.49471,-77.41499
NCD980559637,BEAUNIT CORP./DYING & FINISHING,LINEBERGER STREET,LOWELL,GASTON,35.27721,-81.09512
NCD980559983,"PPG IND., INC./WKS 52",WASHBURN SWITCH ROAD,SHELBY,CLEVELAND,35.32496,-81.6316
NCD980600449,"SED, INC. RADAR ROAD",500 RADAR ROAD,GREENSBORO,GUILFORD,36.08774,-79.9327
NCD980602791,SALVAGE OIL OF AMERICA,1227 MCLEOD STREET,ROCKINGHAN,RICHMOND,34.91283,-79.77096
NCD980712038,"SED, INC. SWING COURT",SWING COURT,GREENSBORO,GUILFORD,36.07165,-79.90934
NCD980728745,OSHIELDS FLY ASH,101 LACY LANE,PISGAH FOREST,TRANSYLVANIA,35.282849,-82.688755
NCD980729412,CAROLINA TANK CLEANING COMPANY,1025 NC HWY 68,GREENSBORO,GUILFORD,36.129515,-79.969145
NCD980729479,CAROLAWN COMPANY,1426 W MOUNTAIN ST,KERNERSVILLE,FORSYTH,36.13701,-80.10044
NCD980729677,KNOB CREEK FLYASH DISPOSAL,SR 1540,BREVARD,TRANSYLVANIA,35.22136,-82.70469
NCD980799019,CHEROKEE OIL,1201 BERRYHILL ROAD,CHARLOTTE,MECKLENBURG,35.23604,-80.87466
NCD980838379,ROWE CORP PROPERTY/BOULIGNY SITE,433 W MOREHEAD ST,CHARLOTTE,MECKLENBURG,35.22427,-80.85606
NCD980838478,HONEYWELL INTERNATIONAL INC,3475 N WESLEYAN BLVD,ROCKY MOUNT,NASH,36.01665,-77.768685
NCD980838551,MCDOWELL FIREMAN ASSOCIATION SITE,SR 1214 GREENLEE ROAD,MARION,MCDOWELL,35.68629,-82.04562
NCD980839757,INDIAN GRAVE GAP DRUM DISPOSAL,APPROX 2 MLS N OF SR 1513,LENOIR,CALDWELL,35.97717,-81.52868
NCD980843460,GRANT CREEK WWTP,CRUSE ROAD,SALISBURY,ROWAN,35.71279,-80.43048
NCD980843528,TOWN CREEK REGIONAL WWTP,HEILIGTOWN ROAD,SALISBURY,ROWAN,35.68407,-80.40941
NCD980844336,UNION CARBIDE BATTERY,5400 HOVIS ROAD,CHARLOTTE,MECKLENBURG,35.27263,-80.89558
NCD980844518,AMP INCORPORATED,4798 KINNAMON ROAD,CLEMMONS,FORSYTH,36.0406,-80.37592
NCD980845119,BUCKHORN PESTICIDES,NC 581 & NC 42,WILSON,WILSON,35.67723,-78.10702
NCD980847123,HURT RESIDENCE,HWY 64,MORGANTON,BURKE,35.72962,-81.77404
NCD980848766,GIBBS ELECTROPLATING,5210/5216 HOVIS ROAD,CHARLOTTE,MECKLENBURG,35.2708,-80.89672
NCD980848782,MADISON COUNTY CYANIDE SITE,7735 NC 63 HWY,LEICESTER,MADISON,35.697476,-82.82448
NCD981003957,HENSON LANDFILL,US HIGHWAY 221 SOUTH,FOREST CITY,RUTHERFORD,35.25715,-81.87694
NCD981014517,DYNATECH,TOOMEY AVE,CHARLOTTE,MECKLENBURG,35.2123,-80.8709
NCD981015746,CAROLINA ALUMINUM/HERBERT TAYLOR,SR 1125,ROPER,WASHINGTON,35.84131,-76.59801
NCD981015886,CAROLINA PRODUCTION FINISHING,105 FAIRVIEW RD,ASHEVILLE,BUNCOMBE,35.56547,-82.53511
NCD981021702,"CAMP, LEONARD PROPERTY",SR 2226,EARL,CLEVELAND,35.19825,-81.51242
NCD981022288,C&T REFINERY,4800 SOUTH BOULEVARD,CHARLOTTE,MECKLENBURG,35.17061,-80.87728
NCD981023732,NEUVILLE SOCK PROPERTY,US 64/70 I-40 ACCESS ROAD,HILDEBRAN,BURKE,35.71567,-81.40634
NCD981027915,J STREET FLYASH DISPOSAL SITE,SR 1769,ERWIN,HARNETT,35.3321,-78.68596
NCD981030893,MUSIC CLUB PESTICIDE SITE,SE QUADRANT OF INT US 17,WILLIAMSTON,MARTIN,35.85882,-77.03927
NCD981031578,RAINBOW DRIVE BATTERY,SR 1646,KANNAPOLIS,CABARRUS,35.49155,-80.64284
NCD981473150,CHERRY MT STREET DRUM,602 CHERRY MOUNTAIN,FOREST CITY,RUTHERFORD,35.3414,-81.86236
NCD981474158,SWEETEN CREEK DRUM SITE,115 SWEETEN CREEK ROAD,ASHEVILLE,BUNCOMBE,35.563425,-82.529054
NCD981477839,CRESCENT SQUARE DRY CLEANERS,807-825 MAIN ST,GRAHAM,ALAMANCE,36.056468,-79.401494
NCD981861214,CHARLOTTE TRANSPORTATION TERMINAL,2246 OLD STEELE CREEK RD,CHARLOTTE,MECKLENBURG,35.221024,-80.90248
NCD981861743,DUKE POWER/GREENSBORO GAS PLANT,320 EAST FRIENDLY AVENUE,GREENSBORO,GUILFORD,36.07404,-79.78564
NCD981863012,TRANSCO,236 TRANSCO RD,MOORESVILLE,IREDELL,35.525833,-80.859166
NCD981863228,"SCHERER, R.P.",2021 E. ROOSEVELT BLVD.,MONROE,UNION,34.97906,-80.49294
NCD981863277,PERRY BUILDERS - RALEIGH RD,2846 RALEIGH RD,HENDERSON,VANCE,36.293065,-78.405503
NCD981863814,LANCASTER PLATING,802 EDWARDS ROAD,LILLINGTON,HARNETT,35.39304444,-78.80429444
NCD981864614,ULAH BATTERY/BATTERY PILES,SR 1219/DINAH RD,ASHEBORO,RANDOLPH,35.63955,-79.82928
NCD981865520,T AND S HARDWOODS INC,3635 SKYLAND DRIVE,SYLVA,JACKSON,35.40329,-83.16605
NCD981921083,SWIFT ADHESIVES,9724 INDUSTRIAL DRIVE,PINEVILLE,MECKLENBURG,35.102531,-80.887877
NCD981922362,"GREIF, INC",409 E ELM ST,BLADENBORO,BLADEN,34.53571,-78.78289
NCD981928088,"TEXFI INDUSTRIES, INC/NEW BERN",197 BOSCH BLVD,NEW BERN,CRAVEN,35.13784,-77.10952
NCD981928385,JOHN DEERE TRACTOR,HWY 601 AND SR 1413,MOCKSVILLE,DAVIE,35.96432,-80.61738
NCD981932023,TARBORO-EDGECOMBE AIRPORT,HWY 44,TARBORO,EDGECOMBE,35.93764,-77.54082
NCD981933096,"ROCKY MOUNT, OLD AIRPORT",US 301 BUSINESS,ROCKY MOUNT,NASH,35.96435,-77.78893
NCD982080152,PEE DEE TIMBER CO,230 W BIZZELL ST,LAURINBURG,SCOTLAND,34.77946,-79.46331
NCD982084113,LINAMAR FORGINGS/CAROLINA FORGE,2401 STATONSBURG RD SOUTHEAST,WILSON,WILSON,35.69706,-77.88983
NCD982098774,CAL-TONE PAINTS,5115 NEW BERN AVE,RALEIGH,WAKE,35.79528,-78.55023
NCD982101669,CARY VILLAGE 66,1101 WALNUT ST.,CARY,WAKE,35.77235,-78.76386
NCD982108433,BEAMAN CORP.,6306 N.OLD HWY 421,LIBERTY,RANDOLPH,35.8857,-79.58029
NCD982109084,BROWN EQUIP MFG CO,11601 HAMBRIGHT ROAD,HUNTERSVILLE,MECKLENBURG,35.37719,-80.84444
NCD982115040,PERRY BUILDERS - MOBILE TRACT,NICHOLAS ST & SKENES AVE,HENDERSON,VANCE,36.30966,-78.40466
NCD982116477,"CONAGRA FOODS, INC",4851 JONES SAUSAGE RD,GARNER,WAKE,35.7164,-78.58827
NCD982117590,CUSTOM PROCESSING AND MANUFACTURING,1110 SURRETT DRIVE,HIGH POINT,GUILFORD,35.932749,-80.004167
NCD982119463,DAYCO LANDFILL CRYME COVE ROAD,SR 1134,WAYNESVILLE,HAYWOOD,35.46962,-82.97227
NCD982140014,HYDRO EXTRUSION USA BLDG NO.1,1507 INDUSTRY DRIVE,BURLINGTON,ALAMANCE,36.05983,-79.44621
NCD982156812,WYSONG & MILES,4820 US HWY 29 N,GREENSBORO,GUILFORD,36.16809,-79.71474
NCD982157067,FORTRESS WOOD PRODUCTS,889 FOREMAN BUNDY RD,ELIZABETH CITY,PASQUOTANK,36.26913,-76.32108
NCD986166288,WOODYS TIRE FIRE,HIGHWAY 321,GASTONIA,GASTON,35.19419,-81.2093
NCD986166379,PILOT MOUNTAIN TIRE FIRE,DAVENPORT ROAD,PILOT MOUNTAIN,SURRY,36.288682,-80.693168
NCD986166692,HARWELL ROAD SEPTIC PIT,BEATY AND JOHN D ROADS,GASTONIA,GASTON,35.18801,-81.13924
NCD986166700,TOISNOT SWAMP,PINE STREET,WILSON,WILSON,35.73422,-77.90242
NCD986166759,WILSON SEPTIC PITS,SR 1131,HICKORY,CATAWBA,35.64894,-81.3599
NCD986170678,WOOD ROAD DRUM BURIAL,CIRCLE WOOD RD/SR 2641,GASTONIA,GASTON,35.16131,-81.18321
NCD986171197,AMERICAN CIRCUITS INC,513 W 24TH STREET,CHARLOTTE,MECKLENBURG,35.24685,-80.82707
NCD986171338,PEELE CO. PESTICIDE DISPOSAL,NC 42 EAST,CLAYTON,JOHNSTON,35.64153,-78.43131
NCD986171379,NEW HAVEN DRIVE TCE,NEW HAVEN DRIVE,GASTONIA,GASTON,35.201776,-81.211365
NCD986171445,BENFIELD CHEMICALS,OLD CANTON CLYDE HWY,CANTON,HAYWOOD,35.536885,-82.868823
NCD986171965,CARO-KNIT,SMITH CREEK PKWY & 23RD,WILMINGTON,NEW HANOVER,34.25596,-77.92093
NCD986172500,MCLEAN BROTHERS FARM,SR 1415,WAGRAM,SCOTLAND,34.88664,-79.43231
NCD986172518,OLD MOUNT HOLLY ROAD PCE SITE,OLD MT HOLLY RD & FREEDOM DR,CHARLOTTE,MECKLENBURG,35.27804,-80.93753
NCD986172617,FORBES ROAD WELLS/RAUCH IND,2408 FORBES ROAD,GASTONIA,GASTON,35.1876,-81.20478
NCD986173938,DURHAM GAS PLANT,812 MALLARD AVENUE,DURHAM,DURHAM,35.99641,-78.88842
NCD986175628,LEES MOTOR WORKS,4415 BEATY ROAD,GASTONIA,GASTON,35.187806,-81.137158
NCD986175636,ASHE PATTERN SHOP (FORMER),4411 BEATY ROAD,GASTONIA,GASTON,35.18768,-81.13675
NCD986176030,RHODERIA DRIVE WELLS,LAKEWOOD & RHODERA DRIVE,STALLINGS,UNION,35.07693,-80.69428
NCD986176444,STROH/CHITTY FARM,5066 OVERDALE RD,WINSTON-SALEM,FORSYTH,36.02852,-80.23307
NCD986176480,SOUTHEASTERN ELECTRO POLISHING,936 N MARRIETTA ST,GASTONIA,GASTON,35.27815,-81.18304
NCD986178226,"TEXFI INDUSTRIES, INC",601 HOFFER DRIVE,FAYETTEVILLE,CUMBERLAND,35.08415833,-78.86738333
NCD986180883,CCFC PESTICIDE DISPOSAL,607 HILLSBOROUGH STREET,OXFORD,GRANVILLE,36.306508,-78.598937
NCD986180909,SHELBY DYEING & FINISHING,1038 SAM LATTIMORE ROAD,SHELBY,CLEVELAND,35.25662,-81.5921
NCD986180917,SPANN PROPERTY,US HIGHWAY 25,HENDERSONVILLE,HENDERSON,35.3852,-82.50363
NCD986181857,FRYE CREEK @ US 321 N,S OF US 321 N & 7TH AVE NW,HICKORY,CATAWBA,35.74037,-81.36621
NCD986182582,RHONE-POULENC (RHODIA),207 TELEGRAPH ROAD,GASTONIA,GASTON,35.200737,-81.206184
NCD986186518,OLD ATC REFINERY,801 SURRY STREET,WILMINGTON,NEW HANOVER,34.22416667,-77.94972222
NCD986188001,CHAMPION INTERNATIONAL LANDFILL NO 1,SR 1571 & 1573,CANTON,HAYWOOD,35.54217,-82.86471
NCD986188019,CHAMPION LANDFILL NO 2,SR 1539,CANTON,HAYWOOD,35.53844,-82.88936
NCD986188027,CHAMPION LANDFILL NO 3,SR 1550 I40,CANTON,HAYWOOD,35.54571,-82.85949
NCD986188787,ASHEVILLE COAL GAS PLANT #1,31 RIVERSIDE DRIVE,ASHEVILLE,BUNCOMBE,35.58573,-82.5672
NCD986188803,CHARLOTTE COAL GAS PLANT NO. 2,1400 SOUTH BOULEVARD,CHARLOTTE,MECKLENBURG,35.21573,-80.85399
NCD986188811,CHARLOTTE COAL GAS PLANT NO. 1,200 SOUTH COLLEGE STREET,CHARLOTTE,MECKLENBURG,35.22527,-80.84384
NCD986188829,GASTONIA COAL GAS PLANT,859-A MARIETTA RD,GASTONIA,GASTON,35.27593,-81.184
NCD986188837,HIGH POINT COAL GAS PLANT,CENTENNIAL ST AND KIVETT DRIVE,HIGH POINT,GUILFORD,35.96005,-80.00076
NCD986188845,WINSTON-SALEM COAL GAS PLANT NO. 1,BETWEEN EAST 3RD & 4TH,WINSTON-SALEM,FORSYTH,36.09874,-80.23901
NCD986188852,WINSTON-SALEM COAL GAS PLANT NO. 2,HIGH STREET & BRANCH AVE,WINSTON-SALEM,FORSYTH,36.09125,-80.24451
NCD986188886,GREENVILLE COAL GAS PLANT,PLANT STREET,GREENVILLE,PITT,35.6161,-77.37752
NCD986188894,RALEIGH COAL GAS PLANT NO. 1,S MCDOWELL & W CABARRUS STS,RALEIGH,WAKE,35.77392,-78.64292
NCD986188902,RALEIGH COAL GAS PLANT NO. 2,600 WEST CABARRUS STREET,RALEIGH,WAKE,35.77533,-78.64762
NCD986188910,WILMINGTON COAL GAS PLANT,CASTLE & SURRY STS,WILMINGTON,NEW HANOVER,34.227185,-77.949667
NCD986190213,INNOSPEC PERFORMANCE CHEMICALS,510 W GRIMES AVE,HIGH POINT,GUILFORD,35.95056,-80.00952
NCD986190239,CHEROKEE OIL,925 SOUTH SUMMIT AVE,CHARLOTTE,MECKLENBURG,35.22733,-80.86381
NCD986191484,"STOUT INTERNATIONAL OF NC, INC",HIGHWAY 74 EAST,MONROE,UNION,34.97892,-80.48863
NCD986194405,INX COATINGS & ADHESIVES,1901 POPLAR ST NE,LELAND,BRUNSWICK,34.25236,-78.07073
NCD986195154,PENDER PLATING COMPANY,110 W HAYES ST.,BURGAW,PENDER,34.54682,-77.92643
NCD986197259,NEW BERN COAL GAS PLANT,506 TRYON PALACE DRIVE,NEW BERN,CRAVEN,35.105447,-77.042615
NCD986197267,ELIZABETH CITY COAL GAS,WARD AND FOURTH STREETS,ELIZABETH CITY,PASQUOTANK,36.30933,-76.2176
NCD986197275,WASHINGTON COAL GAS PLANT,WEST 3RD STREET,WASHINGTON,BEAUFORT,35.54629,-77.05881
NCD986197283,SALISBURY COAL GAS PLANT #1,324 EAST LIBERTY STREET,SALISBURY,ROWAN,35.66721,-80.46474
NCD986197291,STATESVILLE COAL GAS PLANT,615 SOUTH CENTER STREET,STATESVILLE,IREDELL,35.778154,-80.884283
NCD986197309,GOLDSBORO COAL GAS PLANT #1,VIRGINIA AND VINE STREETS,GOLDSBORO,WAYNE,35.39101,-77.99986
NCD986197317,ROCKY MOUNT COAL GAS PLANT NO. 2,100 EAST VIRGINIA STREET,ROCKY MOUNT,NASH,35.95128,-77.79082
NCD986197325,ROCKY MOUNT COAL GAS PLANT NO. 1,WYE STREET,ROCKY MOUNT,NASH,35.93154,-77.79926
NCD986197333,CONCORD COAL GAS PLANT,183 ACADEMY AVENUE NW,CONCORD,CABARRUS,35.41153,-80.59213
NCD986197341,FAYETTEVILLE COAL GAS/RAY AVE,RAY AVENUE,FAYETTEVILLE,CUMBERLAND,35.05688,-78.88169
NCD986197358,LEXINGTON COAL GAS PLANT,SR 2001-GAS PLANT ROAD,LEXINGTON,DAVIDSON,35.83114,-80.22354
NCD986197366,KINSTON COAL GAS PLANT,SOUTH & HERITAGE STREETS,KINSTON,LENOIR,35.2548,-77.5844
NCD986205839,ORANGE COUNTY SCHOOL BUS GARAGE,231 HOLMAN DR,HILLSBOROUGH,ORANGE,36.0891,-79.0987
NCD986205953,SOUTHWOOD CORPORATION,4700 WESTINGHOUSE BLVD,CHARLOTTE,MECKLENBURG,35.14043,-80.98145
NCD986209575,CARDINAL CHEMICAL WAREHOUSE FIRE,NC 211 & NC 72,LUMBERTON,ROBESON,34.610434,-78.978774
NCD986211274,STONEY FORK CREEK DRUM DUMP SITE,MT. ZION ROAD,DEEP GAP,WILKES,36.16989,-81.46654
NCD986215242,P AND W WASTE OIL,10518 ROYSTER RD,LELAND,BRUNSWICK,34.271085,-78.004135
NCD986215465,JMC USA INC,ONE INNOVATION DR,RTP,DURHAM,35.876077,-78.885044
NCD986223170,MCBESS INDUSTRIES,OLD HWY 321,HIGH SHOALS,GASTON,35.39787,-81.20128
NCD986228054,KANNAPOLIS PCE SPILL,ENOCHVILLE ROAD,KANNAPOLIS,ROWAN,35.52750963,-80.65044
NCD986230688,"COMMERCIAL VEHICLE GROUP, INC",2227 OLD SALISBURY HWY (US 70),STATESVILLE,IREDELL,35.75845,-80.82145
NCD986231967,TOM SADLER ROAD WELLS,TOM SADLER RD,CHARLOTTE,MECKLENBURG,35.28963,-80.96035
NCD986232213,SUMMIT RESOURCE MANAGEMENT,3501 GRIBBLE ROAD,STALLINGS,UNION,35.08495,-80.67816
NCD986232379,GRESHAMS LAKE INDUSTRIAL PARK,3220 NORTHSIDE DRIVE,RALEIGH,WAKE,35.88289,-78.58121
NCD986232676,ROCK-TENN MARION FOLDING,33 BURGIN ST,MARION,MCDOWELL,35.681924,-82.011626
NCD990715658,"SOUTHERN MANUFACTURING, INC.",1000 SEABOARD ST,CHARLOTTE,MECKLENBURG,35.23937,-80.84569
NCD990733180,"HOSPIRA, INC.",4285 NORTH WESLEYAN BLVD,ROCKY MOUNT,NASH,36.035219,-77.761911
NCD990734055,HERCOFINA/CAPE INDUSTRIES,4600 HWY 421 N,WILMINGTON,NEW HANOVER,34.31383,-77.98064
NCD990867855,"FAWN PLASTICS CO., INC.",401 JEFFREYS ROAD,ROCKY MOUNT,NASH,35.98614,-77.78666
NCD990868168,INMONT CORP/BASF CORPORATION,1701 W WESTINGHOUSE BLVD,CHARLOTTE,MECKLENBURG,35.12516,-80.93696
NCD990883001,MONARCH FURNITURE CORPORATION,301 SCIENTIFIC ST,JAMESTOWN,GUILFORD,35.988745,-79.950545
NCD991277724,"MITCHELL SYSTEMS, INC.",ALTAPASS RD,SPRUCE PINE,MITCHELL,35.901447,-82.005622
NCD991277922,GASTON COUNTY DYEING MACHINE CO STANLEY,200 S MAIN ST,STANLEY,GASTON,35.35878,-81.09605
NCD991278300,UNITED DRUM T/A RELIANCE UNIV.,214 BERKLEY ST,HIGH POINT,GUILFORD,35.92312,-80.03894
NCD991278581,BURLINGTON FURNITURE/LUMBER PL,US 64 EAST,LEXINGTON,DAVIDSON,35.77848,-80.12303
NCD991278680,CHEMCRAFT/SADOLIN PAINT PRODUCTS,3950 NEW WALKERTOWN RD,WINSTON-SALEM,FORSYTH,36.14497,-80.18803
NCD991278714,"CAROCHEM, INC.",540 GULF ST,DURHAM,DURHAM,35.97987,-78.8764
NCD991278730,SQUIBB E R & SONS,FLOWERS RD,KENLY,JOHNSTON,35.58492,-78.14422
NCD991278755,"MARTINS BATTERY SALVAGE, INC.",5500 ASHLAND RD,KANNAPOLIS,CABARRUS,35.49195,-80.53729
NCD991278839,NORTH STATE CHEMICALS,6211 HUNT RD,PLEASANT GARDEN,GUILFORD,35.955555,-79.761225
NCD991278920,RALEIGH NEUSE RIVER WWTP,BATTLE-BRIDGE RD SR 2552,RALEIGH,WAKE,35.72498,-78.48553
NCN000040532,CARL DRIVE TIRE FIRE,2242 CARL DRIVE,ASHEBORO,RANDOLPH,35.766136,-79.817371
NCN000402583,STACKPOLE COMPOENTS/ARK-LES LABS,3400 YONKERS ROAD,RALEIGH,WAKE,35.79655,-78.58786
NCN000403952,MARKET STREET STORAGE,3939 W MARKET ST,GREENSBORO,GUILFORD,36.06812,-79.85206
NCN000404408,WOODLIEF ROAD TCE,9008 WOODLIEF RD,WAKE FOREST,WAKE,36.03318,-78.62143
NCN000404461,EIGHTH AVENUE EXT SOLVENTS,EIGHTH AVE EXT,CRAMERTON,GASTON,35.25071,-81.08429
NCN000404504,BEST SAND & GRAVEL MAINT. SHOP,117 BEST SAND AND GRAVEL ROAD,GOLDSBORO,WAYNE,35.301666,-77.935833
NCN000404801,CINDERELLA KNITTING MILLS,502 MITCHELL ST,KINGS MOUNTAIN,CLEVELAND,35.24714,-81.35344
NCN000405052,DAVIDSON ASBESTOS,"DEPOT,EDEN,SLOAN,WATSON&CRANE",DAVIDSON,MECKLENBURG,35.49977,-80.85133
NCN000407089,L AND R OIL RECOVERY,601 LINEBERGER ST,SHELBY,CLEVELAND,35.29956,-81.52885
NCN000407188,US 1-15/501 ABERDEEN,517 S SANDHILLS BLVD,ABERDEEN,MOORE,35.12723,-79.43286
NCN000407197,LEARY BROTHERS STORAGE (FORMER),VIRGINIA & BROAD STREET,EDENTON,CHOWAN,36.0692,-76.60591111
NCN000407205,TRI-COUNTY AIRPORT,NC 561,AULANDER,HERTFORD,36.29759,-77.17252
NCN000407206,SHULIMSON BROTHERS SCRAP YARD,70 MEADOW ROAD,ASHEVILLE,BUNCOMBE,35.565205,-82.562494
NCN000407243,WOODYS SALVAGE YARD,4139 CLINTON RD,VANDER,CUMBERLAND,35.03102,-78.79292
NCN000407333,TRIAD USED AUTO SALES,1520 ALAMANCE CHURCH RD,GREENSBORO,GUILFORD,36.026695,-79.736655
NCN000407564,WATHA FIRING RANGE,3311 SHILOH RD,WATHA,PENDER,34.61334444,-78.04350278
NCN000407582,WEST PHARMACEUTICAL SERVCES,2525 ROUSE RD EXT,KINSTON,LENOIR,35.31593,-77.61576
NCN000407584,"SOUTHERN METALS RECYCLING, INC",13 WRIGHT ST,WILMINGTON,NEW HANOVER,34.22255833,-77.94878889
NCN000407672,BEACON MANUFACTURING,2425 US HWY 70,SWANNANOA,BUNCOMBE,35.60142,-82.39746
NCN000407686,CARALEIGH PHOSPHATE AND FERTILIZER,1601 LAKE WHEELER ROAD,RALEIGH,WAKE,35.75935,-78.66035
NCN000407700,SPRINGS ROAD GO CART TRACK,4254 SPRINGS RD,CONOVER,CATAWBA,35.77450556,-81.24118889
NCN000407775,ROYSTER FERTILIZER,1690 NE ROYSTER RD,LELAND,BRUNSWICK,34.26999,-78.00151
NCN000407830,CLOROX CHEMICAL,800 GESCO ST,CHARLOTTE,MECKLENBURG,35.23827,-80.86922
NCN000409779,WAYNE AGRICULTURAL WORKS,700 S JOHN ST,GOLDSBORO,WAYNE,35.37418,-77.99817
NCN000409780,INDUSTRIAL METAL ALLOY,20 E ACADIA AVE,WINSTON-SALEM,FORSYTH,36.07181,-80.23834
NCN000409783,WHITIN ROBERTS PLANT #2,202 MAPLE AVE,SANFORD,LEE,35.47898333,-79.17263333
NCN000409811,ELECTRIC MOTOR & TRANSFORMER,1900 S SAUNDERS ST,RALEIGH,WAKE,35.75533,-78.65067
NCN000409854,ROMATIC MANUFACTURING,402 E ROSE ST,SANFORD,LEE,35.47366111,-79.16308889
NCN000409865,FORSHAW CHEMICALS,650 STATE ST,CHARLOTTE,MECKLENBURG,35.2405,-80.8702
NCN000409881,PAYNE RD SOLVENTS,105 PAYNE RD,BESSEMER CITY,GASTON,35.2667,-81.3209
NCN000409889,CERTIFIED PLATING,2738 E OZARK PLATING,GASTONIA,GASTON,35.2795,-81.1365
NCN000410007,TRANSYLVANIA TANNING CO,SILVERSTEEN AVENUE,BREVARD,TRANSYLVANIA,35.23061,-82.74091
NCN000410098,BURLINGTON,100 BURKE ST,RHODHISS,BURKE,35.77115,-81.43246
NCN000410100,APPALACHIAN CHEMICAL COMPANY,"S.R. 1159, WEBB-PRICE ROAD",GRANITE FALLS,CALDWELL,35.86547,-81.331968
NCN000410174,DALY-HERRING COMPANY/PRILLAMAN,NEUSE RD,KINSTON,LENOIR,35.23833,-77.54433
NCN000410280,GREAT LAKES CARBON CORPORATION,307 JAMESTOWN ROAD,MORGANTON,BURKE,35.73163,-81.72761
NCN000410289,METAL INDUSTRIES,HWY 70 WEST,MARION,MCDOWELL,35.66787,-82.11655
NCN000410290,RIVERSIDE CHEMICAL,110 NC42 WEST,AHOSKIE,HERTFORD,36.27928,-77.00108
NCN000410293,GURMICO CHEMICALS,9710 HWY 70 E,PRINCETON,JOHNSTON,35.45443,-78.13734
NCN000410302,RIDGE LANE RD DIELDRIN CONTAMINATION,RIDGE LANE RD,CHARLOTTE,MECKLENBURG,35.30411,-80.77696
NCN000410369,JAMES AUSTIN RD TCE,7834 JAMES AUSTIN ROAD,WILLOW SPRINGS,WAKE,35.53746,-78.71186
NCN000410370,BECKMANN DURHAM SANDEFUR,3333 INDUSTRIAL DRIVE,DURHAM,DURHAM,36.05778,-78.857
NCN000410375,COUNTRY CLUB LANE CONTAMINATION,192 COUNTRY CLUB LANE,ROXBORO,PERSON,36.44887,-78.99506
NCN000410427,SPECTRUM DYED YARNS,136 PATTERSON RD,KINGS MOUNTAIN,CLEVELAND,35.2581,-81.36451
NCN000410439,SOUTHSIDE ROAD INCIDENT,SOUTHSIDE RD & SOUTHFORK RD,LINCOLNTON,LINCOLN,35.44259,-81.24161
NCN000410441,SCERCY WELL/ROBINWOOD DR,5101 ROBINWOOD DRIVE,CHARLOTTE,MECKLENBURG,35.247759,-80.653717
NCN000410534,STALEY PCE/BROWN'S GROCERY,6488 WHITES CHAPEL RD,STALEY,RANDOLPH,35.789881,-79.597275
NCN000410558,BENNETT STREET (316) CONTAMINATION,316 BENNETT ST,CHARLOTTE,MECKLENBURG,35.26126,-80.78363
NCN000410563,EUBANKS RD CONTAMINATED WELL,1621 GENESTU DR,CHAPEL HILL,ORANGE,35.96591,-79.07582
NCN000410583,VILLA MHP-BATTERYDUMP,IRENE AVE & VENICE ST,KANNAPOLIS,CABARRUS,35.4855,-80.60858
NCN000410585,UNIONVILLE-INDIAN TRAIL DRUM,RIDGE RD & UNIONVILLE-INDIAN,MONROE,UNION,35.08466,-80.56523
NCN000410733,"LIBERTY, TOWN OF - PUBLIC WELL",BRINKLEY COUNTRY LN,LIBERTY,RANDOLPH,35.8725,-79.5579
NCN000410797,PLEASANT GARDEN RD PCE @ 4710,4710 PLEASANT GARDEN RD,PLEASANT GARDEN,GUILFORD,35.967175,-79.764325
NCN000410852,DANNY ROBERTS/INTERSTATE BP,2815 WAYCROSS RD,DURHAM,DURHAM,36.024644,-78.854132
NCN000410861,DERRINGER DRIVE,DERRINGER DRIVE,MARSHALL,MADISON,35.809,-82.67627
NCN000410936,TRAWICK RD/BOND ST,TRAWICK RD,RALEIGH,WAKE,35.801235,-78.577694
NCN000410937,PATTERSON AVE BATTERY DUMP,PATTERSON AVE & BONNIE ST-SE,CONCORD,CABARRUS,35.4132,-80.57579
NCR000010272,UNC-COGENERATION FACILITY,575 W CAMERON AVE,CHAPEL HILL,ORANGE,35.90671,-79.05925
NCR000135418,"ZNR, INC",1020 CORPORATION PKWY,RALEIGH,WAKE,35.79127,-78.56823
NCR000179606,N&B CO. - TERMINIX,2201 E US 70 HWY,JAMES CITY,CRAVEN,35.065234,-77.023478
NCS000000478,CROWDERS MOUNTAIN STATE PARK,CROWDERS MOUNTAIN STATE PARK,GASTONIA,GASTON,35.23325,-81.28763
NCS000001273,WAYNE TRADEMARK,5356 NC HWY 49 S,ASHEBORO,RANDOLPH,35.641258,-79.974567
NCSFN0406894,STALLINGS SALVAGE,SECREST AVE,MONROE,UNION,34.98259,-80.49705
NCSFN0406911,CAROLINA ASSOCIATED MILL,766 HWY 10 W,NEWTON,CATAWBA,35.65503,-81.23626
NCSFN0407074,NC MARITIME MUSEUM,310 FRONT ST,BEAUFORT,CARTERET,34.71738,-76.66697
NCSFN0407140,CARDINAL CONTAINER SERVICES,138 WALSER ROAD,LEXINGTON,DAVIDSON,35.852718,-80.255061
NCSFN0407143,AMERICAN ELEMENTS,500 WALLACE ST,FARMVILLE,PITT,35.59232778,-77.59765
NONCD0000001,STANLY NEWS & PRESS,237 W NORTH STREET,ALBEMARLE,STANLY,35.35226,-80.20089
NONCD0000002,BURLINGTON COAL GAS PLANT,1205 N CHURCH ST,BURLINGTON,ALAMANCE,36.09668,-79.41841
NONCD0000003,VAN WATERS & ROGERS,ATANDO INDUSTRIAL PARK,CHARLOTTE,MECKLENBURG,35.26661,-80.82075
NONCD0000004,STURGEON CITY SITE (NON-PRLF PORTION),4 COURT STREET,JACKSONVILLE,ONSLOW,34.742822,-77.433159
NONCD0000005,WOODY WILSON-MCCAIN,SR1215 & SR1219,MCCAIN,HOKE,35.04488,-79.33663
NONCD0000010,UNITED MERCHANTS/OLD FORT PLANT,NORTH OF INTERSTATE 40,OLD FORT,MCDOWELL,35.62887,-82.17576
NONCD0000011,TERRELL MACHINE SHOP,3000-3030 SOUTH BLVD,CHARLOTTE,MECKLENBURG,35.19878,-80.86916
NONCD0000012,WHITES GRAVEL PIT,1515 HWY 49 SOUTH,CONCORD,CABARRUS,35.355315,-80.602191
NONCD0000013,CAROLINA HARDWOODS,158 FACTORY STREET,WILLIAMSTON,MARTIN,35.84076,-77.058
NONCD0000014,BOISE CASCADE,SR 1916,MONCURE,CHATHAM,35.61209,-79.04951
NONCD0000015,CENTRAL TRANSPORT COMPANY,215 SAMPSON ST,WILMINGTON,NEW HANOVER,34.27066,-77.96272
NONCD0000016,CMC LANDFILL,EAST MAIN STREET,ELKIN,SURRY,36.2467,-80.83586
NONCD0000017,FLAKT PRODUCTS,200 LOWERY STREET,WINSTON-SALEM,FORSYTH,36.09285,-80.21346
NONCD0000019,SIR WALTER GUN CLUB,US 64,KNIGHTDALE,WAKE,35.79822,-78.50701
NONCD0000023,CAROLINA P&L CO. FAYETTEVILLE,CUMBERLAND RD & OWEN DR,FAYETTEVILLE,CUMBERLAND,35.02108,-78.91632
NONCD0000024,GAITHER TRANSOU PROPERTY,1202 GUILFORD COLLEGE RD,GREENSBORO,GUILFORD,36.044725,-79.919875
NONCD0000025,RANGE ROAD BURN SITE,RANGE ROAD,BUTNER,GRANVILLE,36.16504,-78.78184
NONCD0000027,MEADOWVIEW ROAD,MEADOWVIEW ROAD,GREENSBORO,GUILFORD,36.0389,-79.78576
NONCD0000029,FLEET AEROSPACE CORP./AERONCA,BROOKFORD STREET,CHARLOTTE,MECKLENBURG,35.12361,-80.94083
NONCD0000030,COLLINS AND AIKMAN,327 EAST ELM ST.,GRAHAM,ALAMANCE,36.06978,-79.39339
NONCD0000032,ASHEVILLE COAL GAS PLANT #2,173 S CHAROTTE STREET,ASHEVILLE,BUNCOMBE,35.58984,-82.55041
NONCD0000033,SPRINGS IND/UNIGLASS IND.,535 CONNER ST.,STATESVILLE,IREDELL,35.774826,-80.893761
NONCD0000034,ASHEVILLE INDUSTRIES,20 GLEN BRIDGE RD/SR3495,ARDEN,BUNCOMBE,35.465094,-82.520052
NONCD0000038,AYCOCK PROPERTY,SR 1162 & 1103,WILSON,WILSON,35.68508,-77.98735
NONCD0000040,ABBOTT LABORATORIES,HWYS 401 AND 15-501,LAURINBURG,SCOTLAND,34.79964,-79.45545
NONCD0000041,CIBA-GEIGY,WESTINGHOUSE BLVD,CHARLOTTE,MECKLENBURG,35.13276,-80.96214
NONCD0000043,GOLDSBORO IRON & METAL,801 N JOHN ST,GOLDSBORO,WAYNE,35.3935,-77.99165
NONCD0000044,"CHEMICAL AND SOLVENTS, INC.",2804 PATTERSON STREET,GREENSBORO,GUILFORD,36.05763,-79.840498
NONCD0000045,ALCAN PACKAGING,3055 SWEETEN CREEK RD,ASHEVILLE,BUNCOMBE,35.50118,-82.51685
NONCD0000047,MEADS AIRFIELD PESTICIDES,SR 1100,WEEKSVILLE,PASQUOTANK,36.19553,-76.2355
NONCD0000050,HWY 268 MIRROR WASTE DUMP,HWY 268,NORTH WILKESBORO,WILKES,36.18888,-81.1206
NONCD0000053,CAROLINA MARBLE CO.,INDIAN MOUND ROAD,ALBEMARLE,STANLY,35.27852,-80.11719
NONCD0000054,MOORES COMPANY,US 1 BUSINESS & SR 1001,HENDERSON,VANCE,36.35039,-78.37707
NONCD0000055,GLISSON ENTERPRISES,HWY 903,GREENVILLE,PITT,35.67633,-77.34663
NONCD0000056,JAMES LANDFILL,HWY 74 & SR 1369,LAURINBURG,SCOTLAND,34.7656,-79.39199
NONCD0000059,DAYCO COCHRAN LANDFILL,RT 1 HYATT CREEK ROAD,WAYNESVILLE,HAYWOOD,35.476968,-83.048741
NONCD0000060,WATTS REGULATOR-GENERAL AIDES SITE,WITHROW ROAD,FOREST CITY,RUTHERFORD,35.342067,-81.896283
NONCD0000065,CMI INDUSTRIES,304 EAST MAIN STREET,ELKIN,SURRY,36.24557,-80.84395
NONCD0000066,WAKE AUTO PARTS (FORMER),3520 TRYON RD,RALEIGH,WAKE,35.74788,-78.69858
NONCD0000070,BENFIELD SANITATION SERVICE,282 SCOTTS CREEK ROAD,STATESVILLE,IREDELL,35.83321,-80.93094
NONCD0000071,STROH BREWERY CO,4000 OLD MILWAUKEE LANE,WINSTON-SALEM,FORSYTH,36.035666,-80.224278
NONCD0000073,H. M. WADE FURNITURE,SOUTH GRAHAM STREET,CHARLOTTE,MECKLENBURG,35.22648,-80.85271
NONCD0000074,TEXTILE CHEMICAL FACILITY,GRAHAM STREET,CHARLOTTE,MECKLENBURG,35.22721,-80.85173
NONCD0000075,FOAMEX/REEVES BROTHERS,18801 OLD STATESVILLE RD,CORNELIUS,MECKLENBURG,35.46574,-80.84967
NONCD0000078,CAROLINA METAL AND ALLOYS,1016 E. SPRINGFIELD AVENUE,HIGH POINT,GUILFORD,35.933168,-79.969245
NONCD0000081,"TRITON, INC",1610 SOUTH WARD BLVD,WILSON,WILSON,35.70665,-77.91317
NONCD0000082,CAPE FEAR CHEMICALS/HL BRICE,HWY 701 S,ELIZABETHTOWN,BLADEN,34.57088,-78.63359
NONCD0000084,"THERMO PRODUCTS, INC.",92 W 4TH ST & 430 N JONES ST,DENTON,DAVIDSON,35.63909,-80.11542
NONCD0000085,JONES & PRESNELL STUDIO,433 LAWTON ROAD,CHARLOTTE,MECKLENBURG,35.274876,-80.882307
NONCD0000088,TRANS TECHNOLOGY,5535 WILKINSON BLVD,CHARLOTTE,MECKLENBURG,35.23234,-80.93217
NONCD0000089,JOHN MORRELL & CO,2401 WILCO BLVD S,WILSON,WILSON,35.69397,-77.91976
NONCD0000091,DUKE POWER/WALNUT COVE,POWER HOUSE ROAD,WALNUT COVE,STOKES,36.36871,-80.12745
NONCD0000092,FUNDER AMERICA,200 FUNDER RD,MOCKSVILLE,DAVIE,35.90057,-80.54102
NONCD0000097,"MORRIS, NORMAN",HIGHWAY 87 NORTH,ELON COLLEGE,ALAMANCE,36.14082,-79.49012
NONCD0000099,PARTONS MOTOR COMPANY,2800 SOUTH YORK ROAD,GASTONIA,GASTON,35.227128,-81.198731
NONCD0001005,TRANSEASTERN CORP.,509 S LODGE ST,WILSON,WILSON,35.718895,-77.914454
NONCD0001009,SINGER PLANT #2,VIRGINIA STREET,LENOIR,CALDWELL,35.89619,-81.5525
NONCD0001011,JUNG CORPORATION,718-720 INDUSTRIAL PARK AVE,ASHEBORO,RANDOLPH,35.67663,-79.82815
NONCD0001014,SOUTHERN STATES-LUMBERTON FERTILIZER,875 OLD WHITEVILLE RD,LUMBERTON,ROBESON,34.60474,-78.97716
NONCD0001015,MARY CIRCLE BATTERY,ZION CHURCH & MARY CRL,CONCORD,CABARRUS,35.34198,-80.57686
NONCD0001016,ROYSTER-CLARK FERTILIZER PLANT,1598 HINES RD,OAK CITY,MARTIN,35.95006,-77.29278
NONCD0001018,HWY 49 BATTERY DUMP,NC HIGHWAY 49,CHARLOTTE,MECKLENBURG,35.16532,-80.91095
NONCD0001020,"PRECISION FABRICS GROUP, INC",301 MEADOWVIEW ROAD,GREENSBORO,GUILFORD,36.039613,-79.786649
NONCD0001022,GIBBS ELECTROPLATING - OLD LOCATION,2229 N DAVIDSON,CHARLOTTE,MECKLENBURG,35.24019,-80.81461
NONCD0001023,HEAVY EQUIPMENT SCHOOL,HEAVY EQUIPMENT ROAD,CHARLOTTE,MECKLENBURG,35.26335,-81.00361
NONCD0001025,TOOMEY PROPERTY,1020 HICKORY GROVE ROAD,SPRINGWOOD,GASTON,35.272646,-81.062921
NONCD0001027,JAKE ALEXANDER BLVD SITE,1709 JAKE ALEXANDER BLVD S,SALISBURY,ROWAN,35.64226,-80.46976
NONCD0001029,R & D LAMINATORS INC,HOLLOMAN ROAD (SR 1187),AHOSKIE,HERTFORD,36.2744,-77.0207
NONCD0001030,BLR,2911 JUNO DR,SANFORD,LEE,35.44764,-79.14048
NONCD0001033,AMERICAN CONTRACT COATINGS,HWY 55,APEX,WAKE,35.70836,-78.82536
NONCD0001034,SALEM ST RESIDENTIAL DUMP,125 SALEM ST,THOMASVILLE,DAVIDSON,35.88648,-80.08308
NONCD0001036,NORWOOD STREET SOLVENTS,2400 BLOCK OF NORWOOD STREET,LENOIR,CALDWELL,35.86759,-81.50911
NONCD0001037,WEST BLVD,224 & 228 WEST BLVD,CHARLOTTE,MECKLENBURG,35.2139,-80.86128
NONCD0001038,BRYANT FARM DRUM DUMP,W OF NC 86 400 FT S OF VA LINE,GATEWOOD,CASWELL,36.54078,-79.40772
NONCD0001039,OVERCASH GRAVEL & GRADING CO. INC.,1150 SHELTON ROAD,CONCORD,CABARRUS,35.36828,-80.69251
NONCD0001042,WILMINGTON SOUTH LINE & SERVICE YD,6854 CAROLINA BEACH RD,WILMINGTON,NEW HANOVER,34.085373,-77.895982
NONCD0001046,B&H RECYCLERS,7256 US 74 W,POLKTON,ANSON,35.00345,-80.18985
NONCD0001048,LEXINGTON FURNITURE IND. PLNT NO 2,3979 OLD LINWOOD ROAD,LEXINGTON,DAVIDSON,35.764086,-80.311796
NONCD0001049,LEXINGTON FURNITURE IND. PLNT NO 7,178 LFI COMPLEX LANE,LEXINGTON,DAVIDSON,35.79818,-80.28637
NONCD0001050,LEXINGTON FURNITURE IND. PLNT NO 12,3301 COTTON GROVE LANE,LEXINGTON,DAVIDSON,35.76762,-80.26105
NONCD0001052,THOMASVILLE FURNITURE,151 SMETHPORT DRIVE,WEST JEFFERSON,ASHE,36.43087,-81.50141
NONCD0001054,WILLIAMS AUTO CENTER,401 D STREET,BRIDGETON,CRAVEN,35.11984,-77.0179
NONCD0001058,ELECTRONICS COMPONENT CORPORATION,200 ELECTRONICS PARKWAY,BURGAW,PENDER,34.543833,-77.926583
NONCD0001060,DIXIE MACHINE & TOOL CO,2204 PATTERSON ST,GREENSBORO,GUILFORD,36.059588,-79.830151
NONCD0001061,CP&L NORTHERN DIVISION COMPLEX,902 WITHERS RD; SR 1466,GARNER,WAKE,35.73008,-78.66168
NONCD0001064,GUILFORD MILLS PLANT,200 DICKENS ROAD,FUQUAY-VARINA,WAKE,35.61444,-78.80669
NONCD0001066,DIMETRICS INC,404 ARMOUR STREET,DAVIDSON,MECKLENBURG,35.506961,-80.850158
NONCD0001067,CC DICKSON,1524 SOUTH BOULEVARD,CHARLOTTE,MECKLENBURG,35.214385,-80.85502
NONCD0001069,GENERAL MARBLE COMPANY,350 NORTH GENERALS BLVD,LINCOLNTON,LINCOLN,35.48727,-81.24291
NONCD0001072,J & C DYEING,1000 WEST GROVER STREET,SHELBY,CLEVELAND,35.304176,-81.563656
NONCD0001074,OLD FORD BLDG,FIFTH ST,TABOR CITY,COLUMBUS,34.14903,-78.8775
NONCD0001076,SOUTHSIDE INVESTMENTS LLC,2222 SOUTH BLVD,CHARLOTTE,MECKLENBURG,35.20622,-80.86202
NONCD0001077,CATAWISSA LUMBER CO,301 LOCUST ST,WEST JEFFERSON,ASHE,36.39610833,-81.49504444
NONCD0001082,CMI FLYASH DISPOSAL (PARCEL 2),HWY 268,ELKIN,SURRY,36.24555,-80.83809
NONCD0001083,TOXAWAY TANNING CO,MAIN ST,ROSMAN,TRANSYLVANIA,35.14498,-82.82512
NONCD0001084,HENDERSON COAL GAS PLANT,YADKIN STREET,HENDERSON,VANCE,36.3297043,-78.4241823
NONCD0001085,HICKORY COAL GAS PLANT,625 12TH STREET DRIVE NW,HICKORY,CATAWBA,35.742291,-81.365318
NONCD0001087,REIDSVILLE COAL GAS PLANT,825 WAY STREET,REIDSVILLE,ROCKINGHAM,36.3487,-79.66011
NONCD0001089,GREENSBORO COAL GAS PLANT #1,CHURCH STREET,GREENSBORO,GUILFORD,36.072889,-79.786422
NONCD0001090,OLD MILL BLDG,301 FOURTH AVE EAST,HENDERSONVILLE,HENDERSON,35.317258,-82.457732
NONCD0001092,CMI WWTP (PARCEL1),HWY 268,ELKIN,SURRY,36.24517,-80.83985
NONCD0001094,ALLISON MANUFACTURING CO,930 OLD CHARLOTTE ROAD,ALBEMARLE,STANLY,35.34555556,-80.20583333
NONCD0001095,MOSES CONE MEMORIAL PARK,BLUE RIDGE PKWY,BLOWING ROCK,WATAUGA,36.14647,-81.68953
NONCD0001097,"COPES-VULCAN, INC",601 W SUMMIT AVE,CHARLOTTE,MECKLENBURG,35.2215,-80.86418
NONCD0001098,"NATIONAL TEXTILES, LLP",REEP DRIVE,MORGANTON,BURKE,35.71969,-81.75275
NONCD0001099,C & L SURPLUS,1868 HWY 64 W,HAYESVILLE,CLAY,35.033316,-83.851823
NONCD0001100,DUPONT DUMP,NORTH OF SR 1430,NAVASSA,BRUNSWICK,34.29646,-78.05138
NONCD0001101,STRONGHAVEN WAREHOUSE,433 EAST JOHNS ST,MATTHEWS,MECKLENBURG,35.11431,-80.71738
NONCD0001102,BLUE RIDGE AUTO SALES,7786 LINVILLE FALLS HWY,ALTAMONT,AVERY,35.96367,-81.94704
NONCD0001103,WALTER KIDDE PORTABLE EQUIPMENT,1394 S THIRD ST,MEBANE,ALAMANCE,36.0748,-79.29603
NONCD0001104,CATO FARMS,11415 TOM SHORT ROAD,CHARLOTTE,MECKLENBURG,35.06076,-80.78809
NONCD0001105,WETSIG YACHTS,4022 MARKET STREET,WILMINGTON,NEW HANOVER,34.23775,-77.89462
NONCD0001106,"MICROTRON ABRASIVES, INC",10424 RODNEY ST,PINEVILLE,MECKLENBURG,35.09632,-80.88778
NONCD0001107,CONE MILLS - FLORENCE PLANT,FLORENCE & DEPOT RDS,FOREST CITY,RUTHERFORD,35.33254,-81.86501
NONCD0001108,RENTAL UNIFORM SERVICE,1829 HENDERSONVILLE RD,ASHEVILLE,BUNCOMBE,35.50328,-82.524147
NONCD0001109,FRIENDLY CLEANERS,605 S. PENDER ST,WILSON,WILSON,35.71517,-77.90544
NONCD0001113,SOUTHERN STATES (FORMER),125 LINE AVE,GREENVILLE,PITT,35.60123056,-77.39308056
NONCD0001114,CONOVER METAL PRODUCTS,315 S MCLIN CREEK RD,CONOVER,CATAWBA,35.69729,-81.191334
NONCD0001116,REPUBLIC SERVICES OF NC,312 JACK SHERMAN RD,ROUGEMONT,PERSON,36.33422,-78.826796
NONCD0001118,KIDDE TECHNOLOGIES,4200 AIRPORT DR,WILSON,WILSON,35.76357,-77.96391
NONCD0001119,EDWARDS PROPERTY FOUNDRY SAND,10209 ROZZELLE'S FERRY RD,CHARLOTTE,MECKLENBURG,35.321008,-80.952892
NONCD0001120,"EATON AEROQUIP, INC (FORMER)",680 LANIER RD,NORWOOD,STANLY,35.212023,-80.110256
NONCD0001121,R & R PLATING,623 COLUMBUS APPAREL ST,WHITEVILLE,COLUMBUS,34.33754,-78.68423
NONCD0001122,CABARRUS ROUNDABOUT,CABARRUS AVE & OLD CHARLOTTE,CONCORD,CABARRUS,35.40023,-80.59349
NONCD0001123,RALEIGH TTA-SE PARCEL,S WEST ST & MORGAN ST,RALEIGH,WAKE,35.77966,-78.64654
NONCD0001124,RALEIGH TTA-WILSON PARCEL,200 S WEST ST,RALEIGH,WAKE,35.778357,-78.646182
NONCD0001125,RALEIGH TTA-DILLON PARCEL A,102 S WEST ST,RALEIGH,WAKE,35.778931,-78.64656
NONCD0001126,RALEIGH TTA-DILLON PARCEL B,S WEST ST,RALEIGH,WAKE,35.77777,-78.64663
NONCD0001127,RALEIGH TTA-DILLON PARCEL C,510 & 602 W MARTIN ST,RALEIGH,WAKE,35.77729,-78.64755
NONCD0001128,RESOLUTION PACKAGING,468 CAROLINA AVE,MARION,MCDOWELL,35.69533,-81.98272
NONCD0001130,SOUTH MAIN ST SEWER LINE EXT,4660 FOLLANSBEE RD,WINSTON-SALEM,FORSYTH,36.018603,-80.247137
NONCD0001132,BALDOR ELECTRIC COMPANY,3821 BARRINGER RD,CHARLOTTE,MECKLENBURG,35.19659,-80.88783
NONCD0001133,BOWMAN GRAY-FRIEDBURG CAMPUS,WELFARE ROAD,WINSTON-SALEM,FORSYTH,35.9981,-80.32772
NONCD0001135,LUMBERTON MUNICIPAL AIRPORT,163 AIRPORT BLVD,LUMBERTON,ROBESON,34.6148801,-79.0591816
NONCD0001137,FABCO FASTENING SYSTEMS/DIXIE YARNS,614 NC HWY 200 S,STANFIELD,STANLY,35.22425,-80.41403
NONCD0001138,DEUTSCH RELAYS,2021 GARDNER DR,WILMINGTON,NEW HANOVER,34.276944,-77.9125
NONCD0001139,VERMONT AMERICAN,STATE FARM RD,BOONE,WATAUGA,36.20636,-81.6634
NONCD0001140,PIEDMONT HAWTHORNE,3817 N LIBERTY ST,WINSTON-SALEM,FORSYTH,36.13856,-80.22951
NONCD0001141,DIAZIT COMPANY,941 US HWY 1 S,YOUNGSVILLE,FRANKLIN,36.03661,-78.50246
NONCD0001142,FLYNT/WANSONA,ONE WANSONA PLACE,WADESBORO,ANSON,34.975725,-80.063418
NONCD0001143,PRESTIGE LABELS,151 INDUSTRIAL DR,BURGAW,PENDER,34.541944,-77.918611
NONCD0001144,MAMMOTH OAKS WATER SUPPLY WELL,MAMMOTH OAKS DR,CHARLOTTE,MECKLENBURG,35.15485,-80.78863
NONCD0001145,SALISBURY ASPHALT PLANT/SITE #45,JAKE ALEXANDER BLVD,SALISBURY,ROWAN,35.68602,-80.51206
NONCD0001147,LIGHTHOUSE SERVICE CENTER,HWY 12 & LIGHTHOUSE RD,BUXTON,DARE,35.264528,-75.522778
NONCD0001148,UNION CARBIDE,HWY 42,CLAYTON,JOHNSTON,35.64366,-78.43526
NONCD0001150,CHARLOTTE BATTERY,2926 YOUNGBLOOD ST,CHARLOTTE,MECKLENBURG,35.201829,-80.871238
NONCD0001151,MATTHEWS BLDG SUPPLY/ESTUL TOOL,215 AMES ST,MATTHEWS,MECKLENBURG,35.12,-80.72318
NONCD0001153,UNITED AGRI PRODUCTS DISTRIBUTION,17021 OLD MAXTON ROAD,LAURINBURG,SCOTLAND,34.7027,-79.43527
NONCD0001154,ROBERT BOSCH TOOL CORP,129 LEGIONAIRE RD,LINCOLNTON,LINCOLN,35.48838,-81.25629
NONCD0001155,D&G PROPERTIES-SLAUGHTERHOUSE PARCEL,ROYSTER RD,NAVASSA,BRUNSWICK,34.27393,-78.00537
NONCD0001156,CLEAN-CLEAN DRY CLEANERS/VIP CLEANERS,627 TARRYTOWN CTR,ROCKY MOUNT,NASH,35.960814,-77.825673
NONCD0001157,ROBERT BOSCH TOOL CORP,310 STATON RD,GREENVILLE,PITT,35.651363,-77.360829
NONCD0001158,STATE LINE HONDA,134 CARATOKE HWY,MOYOCK,CURRITUCK,36.54823,-76.19122
NONCD0001159,HYDRO TUBE SOUTH,1755 HILLSBORO ST,PITTSBORO,CHATHAM,35.74407,-79.16819
NONCD0001161,PEELE'S SERVICE STATION/HONORA MANNING,2771 OLD HWY 64,JAMESVILLE,MARTIN,35.82312,-76.81483
NONCD0001162,CHAMPION FINISHING CO,200 BINGHAM RD,ASHEVILLE,BUNCOMBE,35.607505,-82.587268
NONCD0001163,SMITH'S AEROSPACE,401 SWEETEN CREEK IND. PK.,ASHEVILLE,BUNCOMBE,35.547601,-82.51856
NONCD0001164,COOPERAGE TRACT,NC 99 & US 264,BELHAVEN,BEAUFORT,35.54637,-76.63299
NONCD0001166,CENTRAL GRAIN-MORGANS CORNER,1312 HASSELL RD,ELIZABETH CITY,PASQUOTANK,36.41613,-76.34837
NONCD0001167,CENTRAL GRAIN-CHAPANOKE,647 CHAPANOKE RD,HERTFORD,PERQUIMANS,36.25453,-76.37809
NONCD0001168,RIVER CITY CONSTRUCTION CO,3534 CHERRY RUN RD,WASHINGTON,BEAUFORT,35.62472,-77.10247
NONCD0001169,LIBERTY FABRICS (FORMER),US 64,JAMESVILLE,MARTIN,35.8097,-76.88507
NONCD0001171,RENTAL UNIFORM SERVICES,117 W ELIZABETH STREET,CLINTON,SAMPSON,34.99642,-78.32364
NONCD0001172,HYMAN YOUNG GREENHOUSE,675 CEDAR HILL RD,ASHEVILLE,BUNCOMBE,35.58747,-82.63234
NONCD0001173,LEBANON CHEMICAL,ALBERMARLE ST,HERTFORD,PERQUIMANS,36.21377,-76.46403
NONCD0001174,ARROW LAUNDRY,4735 MONROE RD,CHARLOTTE,MECKLENBURG,35.193384,-80.780504
NONCD0001175,MIDTOWN SQUARE VALET DRY CLEANERS,401 S INDEPENDENCE BLVD,CHARLOTTE,MECKLENBURG,35.21208,-80.83495
NONCD0001176,MURFREESBORO VENEER,307 N 2ND ST,MURFREESBORO,HERTFORD,36.44543,-77.09226
NONCD0001177,ALCOA-PINE RD RAVINE DISPOSAL,PINE RD,,STANLY,35.414494,-80.095872
NONCD0001178,PACKER PROPERTY,US 701 & JEWEL ST,WHITEVILLE,COLUMBUS,34.31117,-78.71552
NONCD0001181,CUMMINS ATLANTIC-DISTRIBUTORSHIP,3700 JEFF ADAMS DR,CHARLOTTE,MECKLENBURG,35.2744,-80.8216
NONCD0001185,CSX-NUTT ST,515 NUTT ST,WILMINGTON,NEW HANOVER,34.2427,-77.95116
NONCD0001186,CARR MILL MALL,200 N GREENSBORO ST,CARRBORO,ORANGE,35.912255,-79.071043
NONCD0001187,COFFING HOISTS,2020 COUNTRY CLUB RD,WADESBORO,ANSON,34.943908,-80.052539
NONCD0001188,SHELBY BODY SHOP,1904 E DIXON BLVD,SHELBY,CLEVELAND,35.266833,-81.48372
NONCD0001189,CROSSROADS OIL,320 ELIZABETH ST,LENOIR,CALDWELL,35.93398,-81.54235
NONCD0001190,KING STREET SOLVENT CONTAMINATION,860 KING ST,BURLINGTON,ALAMANCE,36.088359,-79.425827
NONCD0001191,MIRACLE WATER REFINERS,HWY 70,HAVELOCK,CRAVEN,34.91685,-76.98415
NONCD0001192,EAKES CLEANERS (FORMER),827 W MORGAN ST,DURHAM,DURHAM,36.00125,-78.90949
NONCD0001201,REEVES BROTHERS-BAILEY RD DUMP,BAILEY RD,CORNELIUS,MECKLENBURG,35.46214,-80.8553
NONCD0001202,INGRAM PLYWOOD INC,718 BASSETT DRIVE,THOMASVILLE,DAVIDSON,35.91081,-80.04924
NONCD0001204,SOUTHERN STATES-AHOSKIE SERVICE,1383 MEMORIAL DR,AHOSKIE,HERTFORD,36.27514,-76.97332
NONCD0001206,CITY OF CHARLOTTE_DOT STREET MAINTENANCE,4600 SWEDEN RD,CHARLOTTE,MECKLENBURG,35.12908,-80.87792
NONCD0001207,APAC-WASHINGTON ASPHALT PLANT,DIRT RD,WASHINGTON,BEAUFORT,35.5941,-77.1186
NONCD0001211,200 NORTH TRYON STREET,200 N. TRYON STREET,CHARLOTTE,MECKLENBURG,35.228,-80.84167
NONCD0001212,WOODLAND MILLS CORP,4021 HWY 108 E,MILL SPRING,POLK,35.29694,-82.16806
NONCD0001213,2ND STREET NE SOLVENTS,"1106 2ND STREET NE, 11TH AVE N",HICKORY,CATAWBA,35.74816,-81.334242
NONCD0001215,WAYNE'S AUTO SALVAGE,11801 MOORESVILLE RD,DAVIDSON,CABARRUS,35.50076,-80.77438
NONCD0001219,HARLEE AVENUE CONTAMINATION,3701 HARLEE AVE,CHARLOTTE,MECKLENBURG,35.23088,-80.93301
NONCD0001223,BROOKS STREET TCE,BROOKS ST,WAKE FOREST,WAKE,35.97242,-78.50995
NONCD0001226,ADAMS-MILLIS PLANT 2/33 - NONUST,838 S. MAIN ST.,MOUNT AIRY,SURRY,36.49457,-80.60157
NONCD0001229,GENERAL STEEL DRUM CORP,4500 SOUTH BLVD,CHARLOTTE,MECKLENBURG,35.18075,-80.87761
NONCD0001230,AG LIQUIDS,2504 DAVIE AVENUE,STATESVILLE,IREDELL,35.80939,-80.84656
NONCD0001231,AIR LIQUIDE,2414 SOUTH BOULEVARD,CHARLOTTE,MECKLENBURG,35.20436,-80.86492
NONCD0001232,INDUSTRIAL & AGRICULTURAL CHEMICALS,2042 BUIE-PHILADELPUS RD,RED SPRINGS,ROBESON,34.73539,-79.14056
NONCD0001233,LOFTIN PROPERTY,2361 LENNOXVILLE RD,BEAUFORT,CARTERET,34.71272,-76.63144
NONCD0001235,ALAMAC KNITS (DYERSBURG CORP.),NC HWY 125,HAMILTON,MARTIN,35.93455,-77.199
NONCD0001240,CHROME-RITE PLATING FACILITY,514 SOUTH EASTERN BLVD,FAYETTEVILLE,CUMBERLAND,35.03984,-78.86704
NONCD0001243,ALEXIS SOLVENTS,ALEXIS HIGH SHOALS ROAD,ALEXIS,GASTON,35.39913,-81.12133
NONCD0001244,ALEXVALE FURNITURE PLANT #3,6005 HWY 10 WEST,HICKORY,CATAWBA,35.619467,-81.379882
NONCD0001245,ALLEN-BECK NON-PETROLEUM,HWY 321 N.,GRANITE FALLS,CALDWELL,35.82335,-81.44495
NONCD0001246,VINCENTE WELL,17761 STONE PATH LANE,CONNELLY SPRINGS,BURKE,35.72579,-81.47318
NONCD0001248,UNITED SALVAGE,BUTTERCUP LANE,ROANOKE RAPIDS,HALIFAX,36.4406,-77.7019
NONCD0001250,ALMONT SHIPPING,929 N FRONT STREET,WILMINGTON,NEW HANOVER,34.2458,-77.9517
NONCD0001251,ALPHAGARY CORP,9635 INDUSTRIAL DRIVE,PINEVILLE,MECKLENBURG,35.10223,-80.88691
NONCD0001252,AMERICAN COATINGS,506 A RADAR ROAD,GREENSBORO,GUILFORD,36.08916,-79.93433
NONCD0001253,AMERICAN CRANE CORPORATION,202 RALEIGH ST.,WILMINGTON,NEW HANOVER,34.179444,-77.939166
NONCD0001254,AMERICAN DREW PLANT 12,1101 WEST D STREET,NORTH WILKESBORO,WILKES,36.1592,-81.15163
NONCD0001255,AMERICAN FENCE SOLVENTS,3605 SOUTH TRYON STREET,CHARLOTTE,MECKLENBURG,35.19466,-80.878
NONCD0001256,AMERICAN TOBACCO CO. - NONUST,301 N.SCALES STREET,REIDSVILLE,ROCKINGHAM,36.36732,-79.66423
NONCD0001257,AMERICAN TRUETZSCHLER,12300 MOORES CHAPEL ROAD,CHARLOTTE,MECKLENBURG,35.259051,-81.002055
NONCD0001258,AMERLINK SPILL,PO BOX 669,BATTLEBORO,NASH,36.07,-77.811388
NONCD0001259,"AMI, LIMITED",2609 TUCKER ST.,BURLINGTON,ALAMANCE,36.06138,-79.45276
NONCD0001262,CROWN PONTIAC-SOLVENT,3904 W WENDOVER AVE,GREENSBORO,GUILFORD,36.0609,-79.87836
NONCD0001263,"AMP, INC. - BUILDING 54",6399 AMP DRIVE,CLEMMONS,FORSYTH,36.03894,-80.38132
NONCD0001265,"AMP, INC. BUILDING 11",1124 N.CHURCH ST.,GREENSBORO,GUILFORD,36.091403,-79.783152
NONCD0001271,ANDREX INDUSTRIES,180 DEAVERVIEW RD.,ASHEVILLE,BUNCOMBE,35.5808,-82.61438
NONCD0001273,ANSELL HEALTHCARE,2906 ANACONDA ROAD,TARBORO,EDGECOMBE,35.91245,-77.584364
NONCD0001275,AO SMITH ELECTRIC MOTOR,709 AO SMITH RD,MEBANE,ALAMANCE,36.083972,-79.262644
NONCD0001277,"APAC-CAROLINA, INC.",DULUTH LOOP ROAD,GREENSBORO,GUILFORD,36.009016,-79.755613
NONCD0001282,ARATEX FACILITY (ARAMARK),2321 WILKINSON BLVD,CHARLOTTE,MECKLENBURG,35.223024,-80.877961
NONCD0001283,ARATEX SERVICES,509 TEAGUE ST.,GREENSBORO,GUILFORD,36.031588,-79.802513
NONCD0001286,MOSS FARM RD PCE,1993 MOSS FARM RD,HICKORY,CATAWBA,35.68639,-81.37337
NONCD0001287,AREY/TAYLOR WELLS,24459 HIGHWAY 52,ALBEMARLE,STANLY,35.323722,-80.17904
NONCD0001290,ASHEVILLE MICA COMPANY,75 THOMPSON STREET,ASHEVILLE,BUNCOMBE,35.568888,-82.538888
NONCD0001293,ASSOCIATED MECHANICAL CONTRACTORS,307 SWING ROAD,GREENSBORO,GUILFORD,36.069225,-79.908628
NONCD0001294,WACHOVIA CENTER TOWER,100 NORTH MAIN,WINSTON-SALEM,FORSYTH,36.09486,-80.24344
NONCD0001295,HOLT STREET DUMP,HOLT ST,MEBANE,ALAMANCE,36.09575,-79.27726
NONCD0001298,ATLANTIC AUTO SALVAGE,5871 HWY 70 EAST,NEWPORT,CARTERET,34.755277,-76.847777
NONCD0001301,AUTO VERKS,1800 COMMONWEALTH AVENUE,CHARLOTTE,MECKLENBURG,35.21833,-80.81388
NONCD0001303,HARRELL SIGN COMPANY,512 PERSHING RD,RALEIGH,WAKE,35.80416,-78.63321
NONCD0001305,AVONDALE MILLS/HIGH FIVE,700 WEST MAIN STREET,BURNSVILLE,YANCEY,35.91389,-82.31417
NONCD0001308,BACHS MHP SITE,BACH RD & HWY 150E,SHERRILLS FORD,CATAWBA,35.572602,-81.035961
NONCD0001310,BAILEY RESIDENCE,2704 ANACONDA ROAD,TARBORO,EDGECOMBE,35.912557,-77.580084
NONCD0001313,CORTINA FABRICS,3165 VIEWMONT DR,SWEPSONVILLE,ALAMANCE,36.0163,-79.35874
NONCD0001318,BARBER PARK,1500 DANS RD.,GREENSBORO,GUILFORD,36.052335,-79.751768
NONCD0001319,BAREFOOT-CAROLINA OIL,850 SOUTH SECOND STREET,ALBEMARLE,STANLY,35.34222,-80.19703
NONCD0001322,BARWELL ROAD WELLS,CHARLES ST & ANN AVE,RALEIGH,WAKE,35.75314,-78.53398
NONCD0001323,BASF-ENKA (OTM BUILDING),SANDHILL ROAD,ASHEVILLE,BUNCOMBE,35.545,-82.655555
NONCD0001326,BEACHAM PROPERTY,420 W TREMONT AVENUE,CHARLOTTE,MECKLENBURG,35.21138,-80.867499
NONCD0001327,BEAM CONSTRUCTION CO,BESS ROAD FACILITY,BESSEMER CITY,GASTON,35.34511,-81.34472
NONCD0001328,BEAM RESIDENCES (KEN AND DON),3367 BURGANDY STREET,MAIDEN,CATAWBA,35.59741,-81.14038
NONCD0001330,BECKER BUILDERS SUPPLY COMPANY,4614 MARKET STREET,WILMINGTON,NEW HANOVER,34.24095,-77.8878
NONCD0001332,"BELL RESIDENCE, JOHN",1508WHITEHART SCH.,THOMASVILLE,DAVIDSON,35.913055,-80.111111
NONCD0001333,OMNISOURCE SE/ATLANTIC SCRAP & PROCESS,410 ATANDO AVE,CHARLOTTE,MECKLENBURG,35.25658,-80.81406
NONCD0001334,BELLSOUTH WORK CENTER SOLVENTS,24TH STREET,CHARLOTTE,MECKLENBURG,35.245833,-80.825277
NONCD0001335,BELMONT DYERS,18 LINESTONE DRIVE,BELMONT,GASTON,35.23919,-81.01416
NONCD0001336,BELTEX CORPORATION,345 MCADENVILLE ROAD,BELMONT,GASTON,35.254863,-81.061692
NONCD0001337,BENCHMARK MATERIALS,311 S. PLUM ST,DURHAM,DURHAM,35.981944,-78.882777
NONCD0001338,BENDEL CORPORATION,4823 NORTH GRAHAM STREET,CHARLOTTE,MECKLENBURG,35.28016,-80.80744
NONCD0001339,BENFIELDS PAINT AND BODY SHOP,SR 2308,STATESVILLE,IREDELL,35.802783,-80.754101
NONCD0001340,BENSON NEWSPAPER PRINTING,611 CHICOPEE ROAD,BENSON,JOHNSTON,35.37102,-78.54865
NONCD0001341,FREUDENBERG NONWOVENS (FRMR),3440 INDUSTRIAL DR,DURHAM,DURHAM,36.06294,-78.85838
NONCD0001342,BENTON TRUCK SERVICE,EASTERN BLVD.,FAYETTEVILLE,CUMBERLAND,35.02752,-78.88362
NONCD0001344,BESSEMER CITY ROAD PCE SITE,BESSEMER CITY RD,BESSEMER CITY,GASTON,35.28765,-81.24352
NONCD0001348,BIG APPLE FARM SUPPLY - SOLVENTS,407 SW MARKET STREET,REIDSVILLE,ROCKINGHAM,36.357345,-79.662804
NONCD0001350,PHOENIX RECYCLING,HWY 70 & PINE GROVE RD,HAVELOCK,CRAVEN,34.927313,-76.942732
NONCD0001351,BILLER PROPERTY,S. EUGENE ST.,GREENSBORO,GUILFORD,36.062735,-79.792313
NONCD0001352,BIRNAMWOOD LANE,14624 BIRNAMWOOD LANE,CHARLOTTE,MECKLENBURG,35.09538,-81.00247
NONCD0001353,BLANTON WELL PCE SITE,1038 OLD CHURCH ROAD,GASTONIA,GASTON,35.208929,-81.25266
NONCD0001354,SWEDEN RD PCE,4710 & 4746 SWEDEN RD,CHARLOTTE,MECKLENBURG,35.13028,-80.88099
NONCD0001355,BLOOMSBURG MILLS PLANT - SOLVENT,3000 STITT ST,MONROE,UNION,34.98459,-80.494
NONCD0001357,BLUE RIDGE BROADCASTING,3049 US HIGHWAY 70,BLACK MOUNTAIN,BUNCOMBE,35.60679,-82.34884
NONCD0001360,BLYTHE CONSTRUCTION-PINEVILLE,10500 OLD NATIONS FORD ROAD,PINEVILLE,MECKLENBURG,35.11492,-80.89774
NONCD0001362,JAY'S HYDRAULICS (FRMR),1911 NC HWY 902,PITTSBORO,CHATHAM,35.701194,-79.205858
NONCD0001365,STEVECOKNIT FABRICS COMPANY-B,2602 S ELM ST,GREENSBORO,GUILFORD,36.04166,-79.79305
NONCD0001366,BONDS DISTRIBUTING - SOLVENTS,10227 MALLARD CREEK ROAD,CHARLOTTE,MECKLENBURG,35.340287,-80.770238
NONCD0001367,CRESS PROPERTY/BOSTIAN HEIGHTS SOLVENTS,8207 OLD CONCORD ROAD,SALISBURY,ROWAN,35.56113,-80.51727
NONCD0001368,BOSTON GEAR,506 SOUTH BICKETT BOULEVARD,LOUISBURG,FRANKLIN,36.08378,-78.31238
NONCD0001370,BOWERS ESTATE,107 S. URBAN STREET,THOMASVILLE,DAVIDSON,35.88857,-80.11455
NONCD0001371,BOWMAN BODY SHOP(FREDS),ST. ANDREWS CHURCH RD,HENDERSON,VANCE,36.35665,-78.4204
NONCD0001372,BOXER TEXTILE MACHINERY CO,1000 WEST MOREHEAD STREET,CHARLOTTE,MECKLENBURG,35.22844,-80.85836
NONCD0001373,BRAKE XPERTS (FORMER),1579 HIGHWAY 29N,CONCORD,CABARRUS,35.44238,-80.609075
NONCD0001377,BREKENWOOD SUBDIVISION,2105 E. BREKENWOOD COURT,PLEASANT GARDEN,GUILFORD,35.973695,-79.746045
NONCD0001379,LYTLE COVE RD SOLVENT CONTAMINATION,LYTLE COVE RD,SWANNANOA,BUNCOMBE,35.601182,-82.365826
NONCD0001380,BRIDGESTONE/FIRESTONE RETAIL SERVICES,530 S TRYON STREET,CHARLOTTE,MECKLENBURG,35.22402,-80.847953
NONCD0001383,"BRIN MONT CHEMICALS, INC.",3921 SPRING GARDEN ST,GREENSBORO,GUILFORD,36.06398,-79.86546
NONCD0001384,STANDARD UNIFORM,600 PHILLIP DAVIS DR,CHARLOTTE,MECKLENBURG,35.19321,-80.88807
NONCD0001386,SUPERIOR ESSEX,2801 ANACONDA RD,TARBORO,EDGECOMBE,35.90962,-77.58168
NONCD0001387,BROOKWOOD DEVELOPMENT,301 SOUTH COLLEGE STREET,CHARLOTTE,MECKLENBURG,35.12649,-80.92534
NONCD0001388,BROOKWOOD INDUSTRIAL,127 CHARTER ST,ALBERMARLE,STANLY,35.35084,-80.15486
NONCD0001390,"BROWN, FRANCES AND LARRY SOMERS WELLS",3089 NC 150,REIDSVILLE,ROCKINGHAM,36.30048,-79.55493
NONCD0001391,BROWNS RADIATOR SERVICE,2136 WRIGHTSVILLE AVE,WILMINGTON,NEW HANOVER,34.22927,-77.92054
NONCD0001393,PILOT MILLS,1121 HAYNES ST,RALEIGH,WAKE,35.795038,-78.637892
NONCD0001397,BURKART CAROLINA,DABNEY DRIVE,HENDERSON,VANCE,36.33602,-78.43669
NONCD0001398,"BURKE MILLS, INC.",119 STERLING ST.,VALDESE,BURKE,35.748611,-81.5775
NONCD0001399,BURKE'S HARDWARE,5227 HILLSBOROUGH STREET,RALEIGH,WAKE,35.79093,-78.71471
NONCD0001400,BURLINGTON HOUSE REIDSVILLE PLANT,2362 HOLIDAY LOOP ROAD,REIDSVILLE,ROCKINGHAM,36.32278,-79.62783
NONCD0001401,BURLINGTON IND. - WILLIAMSBURG PLANT,SR 1100,MATKINS,CASWELL,36.25618,-79.5169
NONCD0001402,BURLINGTON INDUSTRIES,476 SOUTH MAIN STREET,MOORESVILLE,IREDELL,35.57643,-80.820067
NONCD0001403,WAKEFIELD CITGO,23 SUNNYBROOK RD,RALEIGH,WAKE,35.78703,-78.58547
NONCD0001404,BURLINGTON INDUSTRIES (FORMER),WEST MAIN ST,DURHAM,DURHAM,36.00821,-78.92681
NONCD0001405,BURLINGTON INDUSTRIES-SMITHFIELD,"1305 GRAM STREET, PO BOX 691",SMITHFIELD,JOHNSTON,35.513055,-78.332222
NONCD0001408,CARTER G. WOODSON CHARTER SCHOOL,420 GOLDFLOSS ST,WINSTON-SALEM,FORSYTH,36.06652,-80.23111
NONCD0001410,BUTLER WARNER GENERATING PLANT,CLUSTER AVENUE (SR 1723),FAYETTEVILLE,CUMBERLAND,35.09852,-78.832132
NONCD0001411,CAROLINA TELEPHONE-BUXTON,48161 NC 12 HWY,BUXTON,DARE,35.26733,-75.54345
NONCD0001413,C BAKER WELL,6505 WISTERIA DRIVE,CHARLOTTE,MECKLENBURG,35.147021,-80.874747
NONCD0001414,C&C SCRAP METAL,1538 BETHLEHEM ROAD,KINGS MOUNTAIN,CLEVELAND,35.20386,-81.39005
NONCD0001416,CALDWELL FREIGHT LINES,2550 HICKORY BOULEVARD SOUTHWE,LENOIR,CALDWELL,35.86579,-81.49787
NONCD0001419,"PETERBILT OF DUNN """"B"""" PARCEL",1365 SADLER RD,DUNN,HARNETT,35.33432,-78.56306
NONCD0001420,CSX HAMLET DIESEL SHOP,NC 177,HAMLET,RICHMOND,34.91562,-79.66532
NONCD0001425,"PETERBILT OF DUNN """"A"""" PARCEL",1185 SADLER RD,DUNN,HARNETT,35.33227,-78.56436
NONCD0001427,CANNON BLVD SOLVENT SITE,2800 BLOCK CANNON BLVD,KANNAPOLIS,ROWAN,35.531988,-80.608544
NONCD0001429,CAPE FEAR AUTO,4222 OLEANDER DR,WILMINGTON,NEW HANOVER,34.21005,-77.89097
NONCD0001430,DELL MOORE PROPERTY,5815 HILLSBOROUGH ST,RALEIGH,WAKE,35.7859,-78.72938
NONCD0001432,THE CAPE GOLF COURSE,535 THE CAPE BLVD,WILMINGTON,NEW HANOVER,34.07041,-77.90753
NONCD0001434,"CAPRI INDUSTRIES, INC.",1401 BURKEMONT AVE.,MORGANTON,BURKE,35.71186,-81.699
NONCD0001436,YORKSHIRE DRIVE,2100 YORKSHIRE DR,GREENSBORO,GUILFORD,36.04255,-79.74619
NONCD0001446,INTERSTATE SIGN CO,1990 ROCKFORD ST,MOUNT AIRY,SURRY,36.48326928,-80.61600238
NONCD0001450,CAROLINA TIRE #2933,670 WEAVERVILLE HWY.,ASHEVILLE,BUNCOMBE,35.67675,-82.57686
NONCD0001451,CAROLINA TIRE #2936,990 PATTON AVE.,ASHEVILLE,BUNCOMBE,35.58638,-82.59038
NONCD0001452,CAROLINA TIRE 2945,2300 HENDERSONVILLE ROAD,ARDEN,BUNCOMBE,35.47016,-82.51909
NONCD0001453,WALLACE SOLVENT CONTAMINATION,114 E MAIN ST,WALLACE,DUPLIN,34.73474,-77.9951
NONCD0001456,CARRIER RENTAL SYSTEMS,4300 OAK PARK,SANFORD,LEE,35.54109,-79.17408
NONCD0001457,CARSONS DRY CLEANERS (FORMER),400 CHESTER AVE JCT WITH RANKI,GASTONIA,GASTON,35.267762,-81.187198
NONCD0001464,CATAWBA COUNTY SCHOOL BUS GARAGE - SOLVE,2440 NORTH MAIN AVENUE,NEWTON,CATAWBA,35.68842,-81.218018
NONCD0001465,CATAWBA TRUCK RENTAL (CT GROUP),3350 N. OXFORD ST.,CLAREMONT,CATAWBA,35.728055,-81.157777
NONCD0001466,BEACHVIEW EXXON,2410 ARENDELL ST,MOREHEAD CITY,CARTERET,34.72351,-76.73602
NONCD0001467,DELTA MILLS-FORMER RAGAN LDFL,"OATES RD, NEAR HWY 274",GASTONIA,GASTON,35.28361,-81.24995
NONCD0001468,CC MANGUM-HIGHWAY 54,6105 CHAPEL HILL ROAD,RALEIGH,WAKE,35.78765,-78.72713
NONCD0001469,CENTRAL PARK-SALEM AVENUE,CITY YARD DR,WINSTON-SALEM,FORSYTH,36.08323,-80.23912
NONCD0001470,CENTRAL TRANSPORT - SOLVENTS,2829 UWHARRIE RD,ARCHDALE,RANDOLPH,35.9097,-80.007997
NONCD0001472,CHAMPION PROPERTIES,1661 FEDERAL AVE,GASTONIA,GASTON,35.279,-81.21594
NONCD0001473,CHAMPION-PIGEON RIVER SEEP,175 MAIN STREET,CANTON,HAYWOOD,35.534293,-82.843631
NONCD0001476,CHAPPEL FARM SITE,228 SULFER SPRINGS RD,CANDOR,MONTGOMERY,35.26269,-79.75016
NONCD0001478,CHARLOTTE AIRCRAFT #3,7705 EAST W.T. HARRIS BLVD,CHARLOTTE,MECKLENBURG,35.214016,-80.722964
NONCD0001479,HERTRON INTERNATIONAL,306 CLANTON RD,CHARLOTTE,MECKLENBURG,35.19567,-80.87607
NONCD0001480,CHARLOTTE DOUGLAS AIRPORT 7,5501 JOSH BIRMINGHAM PARKWAY,CHARLOTTE,MECKLENBURG,35.215277,-80.947222
NONCD0001481,CHARLOTTE HIGHWAY WELLS,CHARLOTTE HIGHWAY AND CORNELIU,MOORESVILLE,IREDELL,35.6165,-80.83222
NONCD0001482,CHARLOTTE PAINT COMPANY,1604 LANE ROAD,MT. HOLLY,GASTON,35.31301,-81.06595
NONCD0001483,POPE PROPERTY,800 S WILSON AVE,DUNN,HARNETT,35.30166,-78.61458
NONCD0001485,"CHATHAM MILLS, INC.",480 HILLSBORO STREET,PITTSBORO,CHATHAM,35.726666,-79.175
NONCD0001486,CHAPEL HILL POLICE DEPT,828 MARTIN LUTHER KING JR BLVD,CHAPEL HILL,ORANGE,35.926406,-79.052482
NONCD0001487,CHEMATRON,5216 HOVIS ROAD,CHARLOTTE,MECKLENBURG,35.270909,-80.895575
NONCD0001489,CHEMONIC,1316 OAKLAND AVENUE,GREENSBORO,GUILFORD,36.0625,-79.82083
NONCD0001490,KINDER MORGAN/CHEMSERV,2005 N 6TH STREET,WILMINGTON,NEW HANOVER,34.2603,-77.9455
NONCD0001491,COUSINS PERSONAL MINI-STORAGE,723 HWY 117 N BYPASS,GOLDSBORO,WAYNE,35.395486,-78.005797
NONCD0001493,CHESAPEAK WOOD PRODUCTS COMPANY,WOOD TREATING PLANT,ELIZABETH CITY,PASQUOTANK,36.31539,-76.21165
NONCD0001495,"CHOICE, USA",809 E. FRANKLIN BLVD,GASTONIA,GASTON,35.26195,-81.16984
NONCD0001496,CHOWAN VENEER CO,259 AND 262 COKE AVENUE,EDENTON,CHOWAN,36.06777,-76.59744
NONCD0001497,CHRISMAN'S GARAGE,6352 B HENDERSONVILLE ROAD,FLETCHER,HENDERSON,35.4301,-82.501681
NONCD0001498,MARSHALL AVE PCE,3616 MARSHALL AVENUE,CHARLOTTE,MECKLENBURG,35.23517,-80.93935
NONCD0001499,CHT FACILITY M-2 WAREHOUSE,5046 OLD PINEVILLE ROAD,CHARLOTTE,MECKLENBURG,35.171388,-80.879166
NONCD0001501,CIRCLE K 5111 - SOLVENTS,2833 FREEDOM DRIVE,CHARLOTTE,MECKLENBURG,35.23958,-80.8858
NONCD0001502,CIRCLE K 8379 - SOLVENTS,101 MOUNT HOLLY ROAD,BELMONT,GASTON,35.2643,-81.04214
NONCD0001504,TERMINEX OF CHARLOTTE,2001 S TRYON ST,CHARLOTTE,MECKLENBURG,35.21175,-80.86482
NONCD0001505,CITY MOTOR PARTS,HWY 64,COLUMBIA,TYRRELL,35.91659,-76.25245
NONCD0001506,CITY OF GASTONIA 2ND AVE. PARKING,2ND AVENUE,GASTONIA,GASTON,35.26048,-81.18225
NONCD0001507,CITY PLUMBING & HEATING CO,211 TUCKASEEGEE ROAD,CHARLOTTE,MECKLENBURG,35.236666,-80.860555
NONCD0001509,CLAIRE MANUFACTURING,2120 NORTH CHURCH STREET,CHARLOTTE,MECKLENBURG,35.24425,-80.82226
NONCD0001511,CLAY STRICKLAND/LITTLE RIVER,1216 MACEDONIA ROAD (ST. HWY 1,SPRING HOPE,NASH,35.89064,-78.02172
NONCD0001515,CLINIPAD,7101 MACFARLANE BLVD,CHARLOTTE,MECKLENBURG,35.286287,-80.770034
NONCD0001516,CLONTZ RESIDENCE,5304 LANDSFORD RD,MARSHVILLE,UNION,34.865958,-80.363885
NONCD0001521,COASTAL LUMBER COMPANY - KINSTON SAWMILL,800 HULL ROAD,KINSTON,LENOIR,35.26983,-77.61889
NONCD0001522,COBLE PROPERTY,2611 HUSBANDS ST,GREENSBORO,GUILFORD,36.05741,-79.83278
NONCD0001523,COATS AMERICAN-SYLVAN PLANT,OLD US 64,ROSMAN,TRANSYLVANIA,35.15185,-82.81063
NONCD0001526,COCHRANE FURN. DIV #15,402 SOUTH EDWARDS ST,LINCOLNTON,LINCOLN,35.473683,-81.245352
NONCD0001527,"COFFEY, SARA PROPERTY",339 WEST YOUNG AVENUE,HENDERSON,VANCE,36.32619,-78.41225
NONCD0001528,COLONIAL ABRASIVES,312 SOUTH PINE STREET,ABERDEEN,MOORE,35.127976,-79.428991
NONCD0001529,COLORWORKS,3010 EXECUTIVE DR.,GREENSBORO,GUILFORD,36.028333,-79.784444
NONCD0001531,COMMERCE BUSINESS PARK,S. COMMERCE BLVD.,CHARLOTTE,MECKLENBURG,35.120833,-80.933333
NONCD0001535,COMMUNITY PLUMBING & HEATING,305 SWING ROAD,GREENSBORO,GUILFORD,36.070188,-79.908916
NONCD0001538,CONFLANDEY INC.,3620 CHADBOURN HIGHWAY,WHITEVILLE,COLUMBUS,34.33596,-78.76749
NONCD0001539,CONGENTRIX-ELIZABETHTOWN,3100 WEST BROAD STREET,ELIZABETHTOWN,BLADEN,34.64683,-78.6418
NONCD0001540,COGENTRIX-LUMBERTON,1886 HESTERTOWN RD,LUMBERTON,ROBESON,34.591409,-78.996734
NONCD0001541,CONITRON,WINOLA RD.,TRINITY,RANDOLPH,35.872222,-79.919444
NONCD0001543,COOKS FARM AND GARDEN,4050 NC HIGHWAY 208,MARSHALL,MADISON,35.942222,-82.744166
NONCD0001544,COOKSON FIBERS,HIGHWAY 52 NORTH,ANSONVILLE,ANSON,35.11995,-80.10484
NONCD0001546,CEDAR GROVE DRIVE SITE,609 CEDAR GROVE DR,GASTONIA,GASTON,35.17771,-81.17335
NONCD0001549,STORK PRINT AMERICANA,3201 ROTARY DR,CHARLOTTE,MECKLENBURG,35.27434,-80.8308
NONCD0001550,COTTMAN TRANSMISSION,145-147 S. COLLEGE ROAD,WILMINGTON,NEW HANOVER,34.240534,-77.869475
NONCD0001551,COTTON MILL SQUARE - SOLVENTS,801 MERRIT DRIVE,GREENSBORO,GUILFORD,36.05902,-79.85457
NONCD0001553,COUNTY LINE ROAD SOLVENTS,2383 COUNTY LINE ROAD,KINGS MOUNTAIN,GASTON,35.338878,-81.347856
NONCD0001554,COX DODGE (FORMER),1501 LIPSCOMB ROAD,WILSON,WILSON,35.72199,-77.89079
NONCD0001556,QUARTER HORSE LANE PROPERTY,6450 QUARTER HORSE LANE,OCEAN ISLE,BRUNSWICK,33.9556,-78.47661
NONCD0001557,CP&L TRANSFORMER SITE,"HWY 421 N., NEXT TO SUTTON PLA",WILMINGTON,NEW HANOVER,34.276111,-77.958888
NONCD0001558,DANIELS PROPERTY,200 N MALLORY ST,GOLDSBORO,WAYNE,35.369044,-77.946924
NONCD0001561,FREDRICKSON MOTORS EXP PCE,2244 PITTS SCHOOL RD,CONCORD,CABARRUS,35.38021,-80.68954
NONCD0001562,CRELLIN CORP.,PINE ST.,ALEXANDER MILLS,RUTHERFORD,35.312222,-81.849722
NONCD0001563,CRESCENT EMC - CORNELIUS #2,18014 STATESVILLE ROAD,CORNELIUS,MECKLENBURG,35.45701,-80.84305
NONCD0001569,CROWN HONDA & CAMCO,3633 W WENDOVER AVE,GREENSBORO,GUILFORD,36.060113,-79.869205
NONCD0001572,CSX RAILROAD,SOUTH CEDAR STREET,CHARLOTTE,MECKLENBURG,35.2282,-80.85384
NONCD0001575,DOROTHEA DIX PROPERTY,UMSTEAD DR,RALEIGH,WAKE,35.76948,-78.65875
NONCD0001576,CULP TICKING,7209 HWY 158,STOKESDALE,GUILFORD,36.235495,-79.950015
NONCD0001577,"CULP, INC. (FORMERLY ARTEE INDUSTRIES)",1808 INDIAN CREEK ROAD,LINCOLNTON,LINCOLN,35.429166,-81.273055
NONCD0001579,CYPRESS GROVE SUBDIVISION,LEIUTENANT CONGLETON ROAD,WILMINGTON,NEW HANOVER,34.121203,-77.892842
NONCD0001580,D&G MART SOLVENTS,792 BRAWLEY SCHOOL ROAD,MOORESVILLE,IREDELL,35.578517,-80.885815
NONCD0001584,DALE NORMAN TIRE COMPANY #2,3701 DALLAS-HIGH SHOALS RD,DALLAS,GASTON,35.33219,-81.20069
NONCD0001586,DANA TRANSPORT FACILITY (FORMER),7254 MT HOLLY RD,CHARLOTTE,MECKLENBURG,35.28144,-80.92857
NONCD0001587,DANALEX FACILITY,515 E ALABAMA AVE,BESSEMER CITY,GASTON,35.28192,-81.27113
NONCD0001588,DAUGHERTY ROAD,DAUGHERTY ROAD,LANDIS,ROWAN,35.544601,-80.595191
NONCD0001594,DB PENNINGTON ESTATE,869 WEST C ST.,KANNAPOLIS,CABARRUS,35.50213,-80.63424
NONCD0001595,"DEANS PICKLES, FMR CATES",354 N. FAISON AVE.,FAISON,DUPLIN,35.121388,-78.136111
NONCD0001597,AVERY DENNISON (FMR PAXAR CORP),950 GERMAN ST,LENOIR,CALDWELL,35.91975,-81.55929
NONCD0001598,DEHAVEN,413 AIRPORT BLVD.,MORRISVILLE,WAKE,35.843611,-78.83
NONCD0001599,A.E. VANDIFORD STORE,NC 903 & ORMANDSVILLE RD,ORMANDSVILLE,GREENE,35.47131,-77.5464
NONCD0001601,DERRICK TRUCK STOP #2,PEELER ROAD AND I-85,SALISBURY,ROWAN,35.608667,-80.516747
NONCD0001603,DIAMOND BRAND CANVAS PRODUCTS,HIGHWAY 25,NAPLES,HENDERSON,35.392222,-82.501388
NONCD0001604,P-3800 CHARLOTTE RAIL MULTIMODAL STATION,511 W TRADE ST,CHARLOTTE,MECKLENBURG,35.2307,-80.84758
NONCD0001607,DIRTY LAUNDRY CLEANERS (FORMER NIXON PRO,"511, 513, 515 WEST TRADE STREE",CHARLOTTE,MECKLENBURG,35.230277,-80.8475
NONCD0001608,DISCOVERY PLACE,301 N. TRYON STREET,CHARLOTTE,MECKLENBURG,35.22934,-80.8408
NONCD0001610,DIVERSEY WATER TECHNOLOGIES,1201 SOUTH GRAHAM STREET,CHARLOTTE,MECKLENBURG,35.22238,-80.857426
NONCD0001614,DIXIE CHEMICALS,13495 NC 55 HWY,ALLIANCE,PAMLICO,35.14509,-76.79699
NONCD0001616,DIXIE SALES AUTO REPAIR - B,327 BATTLEGROUND AVE,GREENSBORO,GUILFORD,36.07625,-79.79224
NONCD0001617,DIXIE TRUCKING - SOLVENTS,3606 NORTH GRAHAM STREET,CHARLOTTE,MECKLENBURG,35.265277,-80.815555
NONCD0001619,DIXIE YARNS - NEWTON,101 EAST 11TH STREET,NEWTON,CATAWBA,35.67163,-81.21969
NONCD0001625,DOMINION TEXTILES (USA),155 21ST STREET NW,HICKORY,CATAWBA,35.734417,-81.374545
NONCD0001626,DOMINION YARN - CORLIN PLANT,414 NORTH MARIAH STREET,LANDIS,ROWAN,35.553345,-80.608939
NONCD0001630,DOT-ASPHALT TESTING SITE #18,SR 1377,DILLSBORO,JACKSON,35.36608,-83.26397
NONCD0001631,DOUG WHITE AUTO MART,3351 HIGHWAY 70E,NEWTON,CATAWBA,35.69758,-81.26245
NONCD0001634,DOWNTOWN MIDDLE SCHOOL,280 SOUTH LIBERTY STREET,WINSTON-SALEM,FORSYTH,36.09226,-80.243914
NONCD0001635,DRAPER CORPORATION - NONUST,5644 HORNADAY ROAD,GREENSBORO,GUILFORD,36.06166,-79.91722
NONCD0001636,DUDE INC,117 SOUTH MCLIN CREEK ROAD,CONOVER,CATAWBA,35.699507,-81.188454
NONCD0001638,SOUTHERN STATES COOP,US 64 & TRAVIS RD,COLUMBIA,TYRRELL,35.90415,-76.31757
NONCD0001639,DUKE MEDICAL CENTER (BELL BUILDING),TRENT DRIVE,DURHAM,DURHAM,36.0064,-78.9373
NONCD0001643,DUNMORE FURNITURE,1245 3RD STREET NE,HICKORY,CATAWBA,35.75297,-81.33491
NONCD0001649,"DWIGGINS PROPERTY, CHRISTOPHER",125 W. LEE STREET,GREENSBORO,GUILFORD,36.06443,-79.79187
NONCD0001650,DYNEA,790 CORNITH ROAD,MONCURE,CHATHAM,35.60339,-79.04777
NONCD0001651,AMERICAN DEVELOPMENT CORP (FRMR),1456 STATE CAMP RD,VANCEBORO,CRAVEN,35.276332,-77.15825
NONCD0001652,"EAGLE PLANT (R.L. STOWE, JPS)",EAGLE MILL RD,CRAMERTON,GASTON,35.23346,-81.05966
NONCD0001654,DEAN'S 76,3390 US HWY 311 N,PINE HALL,STOKES,36.33887,-80.06448
NONCD0001655,RENTAL TOWEL AND UNIFORM,610 WOODY DR,GRAHAM,ALAMANCE,36.05867,-79.38562
NONCD0001656,EAST 11TH STREET,100 EAST 11TH STREET,NEWTON,CATAWBA,35.67166,-81.21994
NONCD0001657,EAST GIBBON ROAD,2727 AND 2731 EAST GIBBON ROAD,CHARLOTTE,MECKLENBURG,35.298378,-80.801907
NONCD0001658,EAST RIDGE ROAD,155 EAST RIDGE ROAD,SALISBURY,ROWAN,35.7208,-80.49661
NONCD0001659,POWERHOUSE SQUARE,JONES & WEST STREETS,RALEIGH,WAKE,35.78244,-78.64634
NONCD0001661,EATON CORPORATION,HWY 401 BYPASS NORTH,LAURINBURG,SCOTLAND,34.7971,-79.46068
NONCD0001662,EATON CORPORATION - SANFORD,3020 LEE AVENUE,SANFORD,LEE,35.44618,-79.1434
NONCD0001663,EATON FACILITY (FORMER),LANE CREEK INDUSTRIAL PK.,FLETCHER,HENDERSON,35.43354,-82.47647
NONCD0001664,EBENEZER LUTHERAN CHURCH,JCT OF OLD BEATTY FORD RD AND,ROCKWELL,ROWAN,35.521734,-80.531786
NONCD0001665,KMART AUTO SERVICE FACILITY (FRMER),2609 FREEDOM DR,CHARLOTTE,MECKLENBURG,35.23731,-80.88256
NONCD0001666,ECKERD DRUG STORE,1845 E. 10TH STREET,ROANOKE RAPIDS,HALIFAX,36.43753,-77.64438
NONCD0001667,MCGILL'S MUFFLER SHOP,5860 YADKIN RD,FAYETTEVILLE,CUMBERLAND,35.093813,-78.985006
NONCD0001668,CORNER COTTON GIN,151 MINGO CHURCH RD,MINGO,SAMPSON,35.17495,-78.55337
NONCD0001670,EDMUNDS MANUFACTURING COMPANY,1016 BATTLEGROUND AVE.,GREENSBORO,GUILFORD,36.080863,-79.800602
NONCD0001671,EDWARDS SEAT COVERS - SOLVENT,847 N. LIBERTY STREET,WINSTON-SALEM,FORSYTH,36.104631,-80.243047
NONCD0001676,ELECTO-MEK,1412 WEST CRAIGHEAD ROAD,CHARLOTTE,MECKLENBURG,36.2694,-80.81385
NONCD0001677,ELECTRIC MOTOR SERVICE,2103 US HYW 13 SOUTH,AHOSKIE,HERTFORD,36.27052,-76.96774
NONCD0001678,ELMWOOD CIRCLE,ELMWOOD CIRCLE,CHARLOTTE,MECKLENBURG,35.265833,-80.934166
NONCD0001679,ELOX CORPORATION FACILITY,GRIFFITH STREET,DAVIDSON,MECKLENBURG,35.50166,-80.85888
NONCD0001680,EMERSON LEATHER (FORMER),816 13TH STREET NE,HICKORY,CATAWBA,35.74027,-81.3126
NONCD0001681,EMPIRE BRUSH FACILITY,105 STATON ROAD,GREENVILLE,PITT,35.65335,-77.36267
NONCD0001683,ENERGY CONVERSION SYSTEMS,1 MORGANITE DRIVE,DUNN,HARNETT,35.31901,-78.62216
NONCD0001685,EAST MAIN STREET PCE,EAST MAIN ST,MURFREESBORO,HERTFORD,36.44211,-77.09756
NONCD0001687,ERWIN MILLS/BURLINGTON IND.,SOUTH BURLINGTON ST.,ERWIN,HARNETT,35.32268,-78.6936
NONCD0001689,ETHAN ALLEN FACILITY (FORMER),1185 DREXEL RD.,VALDESE,BURKE,35.73153,-81.61636
NONCD0001690,CITY OF GOLDSBORO MAINTENANCE COMPLEX,1601 N CLINGMAN ST,GOLDSBORO,WAYNE,35.39729,-77.98035
NONCD0001691,PARKWAY SHELL STATION-QUALITY OIL,1630 SILAS CREEK PKWY,WINSTON-SALEM,FORSYTH,36.0673367,-80.2622818
NONCD0001696,EXXON 4-3524 SOLVENTS,11208 INDEPENDENCE BLVD,CHARLOTTE,MECKLENBURG,35.11844,-80.69818
NONCD0001697,EXXON CORPORATION,3340 RIVER ROAD,WILMINGTON,NEW HANOVER,34.177222,-77.95
NONCD0001698,F T WILLIAMS TRUCKING FACILITY,3001/3009 ROZZELLES FERRY ROAD,CHARLOTTE,MECKLENBURG,35.25279,-80.87195
NONCD0001700,FAIRCHILD INDUSTRIAL PRODUCTS CO.,3920 WESTPOINT BLVD.,WINSTON-SALEM,FORSYTH,36.03806,-80.32573
NONCD0001702,FAIRFAX PROPERTIES(FORMER REEVES),8900 RESEARCH DRIVE,CHARLOTTE,MECKLENBURG,35.31667,-80.75833
NONCD0001703,FAIRLAND LANE,125 FAIRLAND LANE,LINCOLNTON,LINCOLN,35.4731,-81.17935
NONCD0001704,FAIRVIEW 66 SOLVENT CONTAMINATION,HWY 74 CHARLOTTE HIGHWAY,FAIRVIEW,BUNCOMBE,35.5107,-82.39227
NONCD0001705,WEST DAVIDSON AVE CONTAMINATION,EDISON DR AND W DAVIDSON AVE,GASTONIA,GASTON,35.28158,-81.20858
NONCD0001706,FALLIES DRY CLEANING,SOUTH MAIN ST. @ SALISBURY ST.,MOCKSVILLE,DAVIE,35.88153,-80.56119
NONCD0001709,FAST FARE 581,2721 MCNEIL STREET,RALEIGH,WAKE,35.81417,-78.62701
NONCD0001711,"FAWLKES, R. - FENNEL ST.",FENNEL ST.,KERNERSVILLE,FORSYTH,36.13478,-80.10467
NONCD0001715,FIELDCREST BLANKET MILL,WAREHOUSE STREET,EDEN,ROCKINGHAM,36.50814,-79.757388
NONCD0001716,FIRST BANK PROPERTY-OLD DUMP,OFF HWY 211,PINEHURST,MOORE,35.20133,-79.46921
NONCD0001717,FIRST CITIZENS BANK,2743 W. ROOSEVELT BLVD,MONROE,UNION,35.019078,-80.577
NONCD0001719,FLAVOR-O-RICH,1607 WEST PINE STREET,MT. AIRY,SURRY,36.50052,-80.63986
NONCD0001720,FLEET SUPPLY COMPANY - NONUST,2744 W. MOUNTAIN ST.,WINSTON-SALEM,FORSYTH,36.113438,-80.162113
NONCD0001722,FLETCHER PUBLIC WORKS SITE,21 HOWARD GAP RD.,FLETCHER,HENDERSON,35.42747,-82.50067
NONCD0001723,FLINT HILLS RESOURCES-CMT SITE,3330 RIVER ROAD,WILMINGTON,NEW HANOVER,34.18584,-77.95271
NONCD0001726,FLOWLINE CORP.,164 INDUSTRIAL DRIVE,WHITEVILLE,COLUMBUS,34.33416,-78.71861
NONCD0001727,"FOAM TECH, INC.",117 CEDAR LANE DRIVE,LEXINGTON,DAVIDSON,35.770086,-80.263377
NONCD0001728,FOAMEX LP I - CONOVER,408 SOUTH MCLIN CREEK ROAD,CONOVER,CATAWBA,35.69732,-81.18819
NONCD0001730,FONTAINE FIFTH WHEEL (FORMER),3883 SOUTH CHURCH STREET,ROCKY MOUNT,NASH,35.89829,-77.81441
NONCD0001731,FOREST CITY TOOL,620 23RD ST NW,LONG VIEW,CATAWBA,35.740499,-81.375516
NONCD0001735,FOSTER FORBES GLASS,2200 FIRESTONE PARKWAY,WILSON,WILSON,35.761666,-77.884444
NONCD0001737,FRANKLIN QUARRY-NCDOT-SITE #15,HIGHWAY 64,FRANKLIN,MACON,35.16216,-83.42786
NONCD0001741,FULTON WELL,8501 OLD CONCORD ROAD,CHARLOTTE,MECKLENBURG,35.28341,-80.73341
NONCD0001745,GAINES CORPORATION,4001 BATTLEGROUND AVE.,GREENSBORO,GUILFORD,36.14705,-79.86929
NONCD0001747,GAMBLE PALLET CO. (FORMER),3320 GIBBON ROAD (FORMER ADDRE,CHARLOTTE,MECKLENBURG,35.30069,-80.8065
NONCD0001748,"GANT STATION, FORMER",102 WEST LEBANON STREET,MOUNT AIRY,SURRY,36.510576,-80.609454
NONCD0001751,GASTON COUNTY DEVELOPMENT CORPORATION,COURT DR.,GASTONIA,GASTON,35.27621,-81.14393
NONCD0001752,GASTON COUNTY PUBLIC WORKS - SOLVENTS,MARIETTA STREET AND LONG AVENU,GASTONIA,GASTON,35.26564,-81.18176
NONCD0001753,GASTON SHELL,279 W. FRANKLIN BLVD,GASTONIA,GASTON,35.261666,-81.185555
NONCD0001754,GUILFORD PLATING,3318 N CHURCH ST,GREENSBORO,GUILFORD,36.12399,-79.78681
NONCD0001755,GATEWAY VILLAGE,WEST TRADE STREET & N CEDAR,CHARLOTTE,MECKLENBURG,35.23311,-80.84961
NONCD0001757,"GB LABELS, INC.",1070 S RIVERVIEW DR,BURLINGTON,ALAMANCE,36.130337,-79.46158
NONCD0001758,GEE'S FOOD STORE - SOLVENTS,3600 TUCKASEEGEE ROAD,CHARLOTTE,MECKLENBURG,35.24566,-80.88569
NONCD0001759,GELTMAN CORPORATION,"1703 PINEVIEW ST, SE",CONOVER,CATAWBA,35.70124,-81.191625
NONCD0001761,GENERAL STORE SOLVENTS,849 OAKRIDGE FARM ROAD,MOORESVILLE,IREDELL,35.60854,-80.79512
NONCD0001762,GENTEX PRINTING,1021 THORPE ROAD,ROCKY MOUNT,NASH,35.96763,-77.79977
NONCD0001764,GENUINE PARTS COMPANY 1,124 ATANDO AVENUE,CHARLOTTE,MECKLENBURG,35.25327,-80.81076
NONCD0001766,GEO HILDEBRAND ELEM. SCHOOL,GEORGE HILDEBRAND SCH. RD.,CONNELLY SPRINGS,BURKE,35.63697,-81.51313
NONCD0001767,GEORGE MATTHEWS PCE SITE,2101 DALLAS/STANLEY HIGHWAY,STANLEY,GASTON,35.340809,-81.109266
NONCD0001769,GERRARD TIRE,11252 LAWYERS ROAD,CHARLOTTE,MECKLENBURG,35.17375,-80.657379
NONCD0001770,"GIBSONVILLE, CITY OF",E JOYNER ST,GIBSONVILLE,ALAMANCE,36.107161,-79.532072
NONCD0001772,GIRMES - FORMERLY SKF,US 74,ASHEVILLE,BUNCOMBE,35.5714,-82.49835
NONCD0001775,DURWOOD GROCERY,23585 US HWY 421,WILLARD,PENDER,34.65127,-78.1217
NONCD0001777,GLEN RAVEN MILLS - CONSUMER PROD DIV - C,3726 ALTAHAMAW UNION RIDGE RD,ALTAMAHAW,ALAMANCE,36.18327,-79.50638
NONCD0001778,GLEN RAVEN MILLS (FORMER),142 GLEN RAVEN ROAD,GLEN RAVEN,ALAMANCE,36.11397,-79.46325
NONCD0001779,GLENN MANUFACTURING/DECORATIVE HOME ACCE,HWY 52 & RATLIFF GIN ROAD,MORVEN,ANSON,34.85387,-79.99573
NONCD0001780,GLENWOOD AVENUE,413 SOUTH GLENWOOD AVENUE,RALEIGH,WAKE,35.785495,-78.647428
NONCD0001782,GM TRAINING CENTER,5500 N TRYON STREET,CHARLOTTE,MECKLENBURG,35.26077,-80.77355
NONCD0001785,SOUTHERN STATES COOP,3648 SOUTH FIELDS ST,FARMVILLE,PITT,35.593357,-77.599382
NONCD0001786,WATT STEVENS,4461 NC HWY 8 N,DANBURY,STOKES,36.48395,-80.22761
NONCD0001790,GRADY FARM SERVICE,WARREN RD(NCSR 1301),FAISON,DUPLIN,35.065555,-78.142222
NONCD0001791,GRAHAM DIXON PROPERTY,2100 HIGHWAY 17 NORTH,BRIDGETON,CRAVEN,35.15615,-77.0361
NONCD0001792,GRANITEVILLE TWO SITE,2508 LUCENA STREET,CHARLOTTE,MECKLENBURG,35.25349,-80.82676
NONCD0001794,PATTERSON AVE SOLVENTS,PATTERSON AVE,WINSTON-SALEM,FORSYTH,36.13049,-80.24178
NONCD0001796,"GREENSBORO AUTO AUCTION, INC",3802 W WENDOVER AVE,GREENSBORO,GUILFORD,36.06342,-79.87557
NONCD0001798,"GREENSBORO, CITY OF - CITY GARAGE - B",401 PATTON AVE,GREENSBORO,GUILFORD,36.04211,-79.78251
NONCD0001801,COLLEGE STREET SOLVENT RELEASE,COLLEGE ST  AND GREEN ST,CLARKTON,BLADEN,34.4875,-78.65602
NONCD0001803,GRINNELL SUPPLY SALES 2,1431 W MOREHEAD ST,CHARLOTTE,MECKLENBURG,35.228888,-80.864444
NONCD0001806,SHERRILLS FORD RD CONTAMINATION,SHERRILLS FORD ROAD,SHERRILLS FORD,CATAWBA,35.632205,-80.991448
NONCD0001807,GUILFORD MILLS - FISHMAN SOLVENTS,4925 WEST MARKET ST,GREENSBORO,GUILFORD,36.068249,-79.874789
NONCD0001813,HALL WELL,908 PIERCE ROAD,MT. HOLLY,GASTON,35.321383,-81.055841
NONCD0001814,HAMILTON BEACH/PROCTOR SILEX,"OFF SR 1509, NEAR WASHINGTON A",WASHINGTON,BEAUFORT,35.578333,-77.062222
NONCD0001815,HAMILTON BEACH-PROCTOR SILEX,100-A FONTANA STREET,CLINTON,SAMPSON,34.99474,-78.30111
NONCD0001821,HANNA SHOEMAKER RESIDENCE,194 ARARAT LONGHILL ROAD,PILOT MOUNTAIN,SURRY,36.438934,-80.550817
NONCD0001823,HANSARD DRIVE,132 HANSARD DRIVE & 109 LEE DR,CHARLOTTE,MECKLENBURG,35.28577,-80.95439
NONCD0001824,COMPONENT REMANUFACTURING SPECIALISTS,1224 ISLEY DR,GASTONIA,GASTON,35.28437,-81.23803
NONCD0001825,"HARMON RESIDENCE, LARRY",5195 OLD HIGHWAY 321,SUGAR GROVE,WATAUGA,36.25556,-81.84716
NONCD0001826,HARRIS SEMICONDUCTOR FACILITY(SEE COMMEN,3026 CORNWALLIS RD,RTP,DURHAM,35.917124,-78.873022
NONCD0001827,ABERNETHY TEXACO PCE,5781 E HWY 150,LINCOLNTON,LINCOLN,35.54096,-81.11809
NONCD0001830,HAWTHORNE ROAD PCE SITE,HAWTHORN AND MILL STREET,BELMONT,GASTON,35.241334,-81.037072
NONCD0001832,HB FULLER CO.,3005 HOLTS CHAPEL ROAD,GREENSBORO,GUILFORD,36.0764,-79.751686
NONCD0001835,HEATH WELL,2231 BELLMEADE ROAD,CHARLOTTE,MECKLENBURG,35.284325,-80.979856
NONCD0001836,HEFNER WELL,509 W. SUGAR CREEK,CHARLOTTE,MECKLENBURG,35.26662,-80.79469
NONCD0001838,HELMER WELL,5420 BIG CREEK HOLLAR,ALEXIS,LINCOLN,35.42404,-81.07651
NONCD0001839,HENDERSON WELL,9744 IDLEWILD ROAD,CHARLOTTE,MECKLENBURG,35.17328,-80.70714
NONCD0001843,HERCULES,9 DAVIS DRIVE,DURHAM,DURHAM,35.897941,-78.858105
NONCD0001849,BRIDGE NO. 116 REPLACEMENT @ CSX RR,HILLSBORO ST,FAYETTEVILLE,CUMBERLAND,35.06048,-78.88561
NONCD0001851,ALCATEL,510 COMMERCE ST,CLINTON,SAMPSON,34.99083,-78.30456
NONCD0001852,HIGHWAY 26 EAST MILE MARKER 45.75,HIGHWAY 26 EAST,HENDERSONVILLE,HENDERSON,35.380404,-82.484533
NONCD0001857,"KURTZ PROPERTY, STEPHEN",7000 KIVETTE HOUSE RD,GIBSONVILLE,GUILFORD,36.090295,-79.577525
NONCD0001859,HODGSTON TEXTILE CHEMICALS,235 TUCKASEEGEE ROAD,MT. HOLLY,GASTON,35.2814,-81.01502
NONCD0001860,I85 & HWY73 CHLORINATED SOLVENTS,4662 DAVIDSON HWY,CONCORD,CABARRUS,35.43526,-80.65481
NONCD0001862,LUMBERTON DYE CO,FIRST AND TOWN COMMON STS,LUMBERTON,ROBESON,34.616103,-79.001255
NONCD0001863,HOME SOLUTIONS (FORMER),1625 PATTON AVENUE,ASHEVILLE,BUNCOMBE,35.57213,-82.61825
NONCD0001864,HOMESTEAD,OLD MT HOLLY RD/WEST AVE,CHARLOTTE,MECKLENBURG,35.281666,-80.913055
NONCD0001866,HOMETOWN CASH AND CARRY,3011 SPRING GARDEN,GREENSBORO,GUILFORD,36.061907,-79.842805
NONCD0001869,HOOVER ROAD CONTAMINATION,211 SOUTH HOOVER ROAD,DURHAM,DURHAM,35.98721,-78.86035
NONCD0001872,HOT SPOT SOLVENTS,MIDWAY DRIVE AND SOUTH MAIN ST,SALISBURY,ROWAN,35.60505,-80.54252
NONCD0001873,HOWARD STREET WELL,165 HOWARD STREET,BOONVILLE,YADKIN,36.230469,-80.715015
NONCD0001875,NCDOT MAINTENANCE STATION (FRMR),124 DIVISION DR,WILMINGTON,NEW HANOVER,34.26206,-77.93221
NONCD0001877,HUGH D. WALLER-TRAVELERS,224 E WASHINGTON ST,LA GRANGE,LENOIR,35.303304,-77.78417
NONCD0001878,HUGHS SUPPLY #0939,1927 SOUTH TRYON STREET,CHARLOTTE,MECKLENBURG,35.21222,-80.86394
NONCD0001880,HUNSUCKER WELL,111 FIELDCREST DRIVE,STANLEY,GASTON,35.39407,-81.00697
NONCD0001881,HUNTER AVENUE,HUNTER AVENUE,CHARLOTTE,MECKLENBURG,35.29728,-80.797
NONCD0001883,ASPEN STREET PCE,N ASPEN ST,LINCOLNTON,LINCOLN,35.49323,-81.24903
NONCD0001884,HWY 23 ACETIC ACID SPILL,HIGHWAY 23,MARS HILL,MADISON,35.908333,-82.527222
NONCD0001885,"HWY 601 AND HWY 24/27, MIDLAND",HWY 601 AND HWY 24/27,MIDLAND,CABARRUS,35.251114,-80.500148
NONCD0001886,HYDE COUNTY COURTHOUSE,30 OYSTER CREEK RD,SWAN QUARTER,HYDE,35.40588,-76.32893
NONCD0001888,"HYDROLABS, INC. (ALLIED COLLOIDS)",2028 KINGSLEY DRIVE,ALBEMARLE,STANLY,35.352164,-80.220142
NONCD0001890,CHRISTIAN CREEK RD PCE,124 CHRISTIAN CREEK RD,SWANNANOA,BUNCOMBE,35.58982,-82.43241
NONCD0001892,ICI/DUPONT,HWY 53 EAST (CEDAR CREEK),FAYETTEVILLE,CUMBERLAND,34.982741,-78.787129
NONCD0001893,INDUSTRIAL & TEXTILE SUPPLY,1300 S. MINT STREET,CHARLOTTE,MECKLENBURG,35.22108,-80.85815
NONCD0001894,INDUSTRIAL DRIVE,1100 INDUSTRIAL DR,MATTHEWS,MECKLENBURG,35.126484,-80.726782
NONCD0001895,INDUSTRIAL DYNAMICS CORP. (IDC),536 JETTON ST,DAVIDSON,MECKLENBURG,35.50034,-80.86075
NONCD0001896,INDUSTRIAL ELECTRIC/HALE,HWY 97 W.,ROCKY MOUNT,NASH,35.918333,-77.825555
NONCD0001897,INDUSTRIAL ELECTRICAL SALES & SERV,2051 ANDREW JACKSON HWY,LELAND,BRUNSWICK,34.2575,-78.074166
NONCD0001899,INESCO SITE,800 WHITFIELD RD.,FAYETTEVILLE,CUMBERLAND,35.03879,-78.89614
NONCD0001901,CROWN FORD FAYETTEVILLE,256 SWAIN ST,FAYETTEVILLE,CUMBERLAND,35.0842,-78.95052
NONCD0001903,REGAL MANUFACTURING,212 12TH AVE,HICKORY,CATAWBA,35.74872,-81.33338
NONCD0001904,BAZEMORE GROCERY,730 MT OLIVE RD,REPUBLICAN,BERTIE,36.08223,-77.0598
NONCD0001907,INTERNATIONAL RESISTIVE CORP.,736 GREENWAY RD.,BOONE,WATAUGA,36.197892,-81.667041
NONCD0001908,INTERPANE GLASS COMPANY,520 EAST RAILROAD ST,CLINTON,SAMPSON,34.993457,-78.304947
NONCD0001909,INTERSTATE N. BUS. PRK,2200 & 2233 INTERSTATE N. DRIV,CHARLOTTE,MECKLENBURG,35.2737,-80.82698
NONCD0001910,ALLEN BRADLEY CO,5925 SUMMIT AVE,GREENSBORO,GUILFORD,36.17602,-79.71627
NONCD0001912,J&G BROKERS - SOLVENTS,750 18TH STREET NE,HICKORY,CATAWBA,35.73655,-81.30248
NONCD0001915,JACKSONLEA-TOLUENE AST,1701 HIGHWAY 70 EAST,CONOVER,CATAWBA,35.70373,-81.18802
NONCD0001917,JAMGOTCH WELL,4640 RANDOLPH ROAD,CHARLOTTE,MECKLENBURG,35.17565,-80.79846
NONCD0001918,JANTZEN WELL- G.L.WILSON,WILSON PARK ROAD,STATESVILLE,IREDELL,35.81479,-80.83776
NONCD0001922,ALKALI SCREEN PRINTING,6420 AMSTERDAM WAY,WILMINGTON,NEW HANOVER,34.26036,-77.84536
NONCD0001923,JENKINS FOODS #2,2119 NEW HOUSE ROAD,SHELBY,CLEVELAND,35.390401,-81.691228
NONCD0001924,JENKINS METAL CORPORATION,936 / 1001 NORTH MARIETTA STRE,GASTONIA,GASTON,35.277826,-81.182031
NONCD0001927,TENNECO ALBEMARLE & LAWYERS RD CT/PCE,7008 ALBEMARLE RD,CHARLOTTE,MECKLENBURG,35.20273,-80.72416
NONCD0001928,JIMMYS QUICKIE MART,6883 OLD HIGHWAY 86,PROVIDENCE,CASWELL,36.502774,-79.371047
NONCD0001930,PANTRY 141,771 BLOWING ROCK RD,BOONE,WATAUGA,36.20791,-81.6722
NONCD0001931,JOHN BOYLE FACILITY,STATESVILLE,STATESVILLE,IREDELL,35.765507,-80.845345
NONCD0001932,JOHN PLUMIDES,4642 SHARON VIEW ROAD,CHARLOTTE,MECKLENBURG,35.138109,-80.804188
NONCD0001933,JOHNSON CONCRETE/PIEDMONT BLOCK,106 OLD DAVIDSON PLACE NW,CONCORD,CABARRUS,35.43299,-80.60772
NONCD0001934,BRP US INC (FRMR),3750 AIRPORT RD,ANDREWS,CHEROKEE,35.185892,-83.896689
NONCD0001936,JOHNSON WELL,135 DILLON STREET,CHINA GROVE,ROWAN,35.555634,-80.597988
NONCD0001937,PATRICIAN FURNITURE-RAVINE,1105-1107 W MARKET CENTER DR,HIGH POINT,GUILFORD,35.93023,-80.01601
NONCD0001938,JONES ELECTRIC REPAIR CO,4251 GOLF ACRES DR,CHARLOTTE,MECKLENBURG,35.223333,-80.915277
NONCD0001939,PETRO EXPRESS NO. 56,225 CLEVELAND AVE,KINGS MOUNTAIN,CLEVELAND,35.2453,-81.3313
NONCD0001942,JR HEATH PROPERTY,2146 OLD STAGE HWY (HWY87),RIEGELWOOD,COLUMBUS,34.32936,-78.21864
NONCD0001943,ELECTROLUX/WHITE CONSOLIDATED,MERRIMAN AVE,CHARLOTTE,MECKLENBURG,35.220666,-80.864237
NONCD0001945,COMAR INDUSTRIES/MELVILLE KNITWARE,915 CURTIS ST,MONROE,UNION,34.9811,-80.53414
NONCD0001946,KAISER FLUID TECHNOLOGIES,530 EAST SUGAR CREEK ROAD,CHARLOTTE,MECKLENBURG,35.252689,-80.792515
NONCD0001947,KAYSER-ROTH,3707 W. 5TH ST,LUMBERTON,ROBESON,34.6132,-79.06838
NONCD0001948,KAYSER-ROTH - ASHEBORO,515 W. BALFOUR AVE.,ASHEBORO,RANDOLPH,35.746667,-79.81695
NONCD0001949,KAYSER-ROTH - GRAHAM-C,219 W. HARDEN ST.,GRAHAM,ALAMANCE,36.071027,-79.403805
NONCD0001950,KEN DUNCAN HEATING & COOLING #2,5002 HICKORY GROVE RD,MT. HOLLY,GASTON,35.326891,-81.084863
NONCD0001951,KERN POLYMERIC,465 AIRPORT ROAD,SALISBURY,ROWAN,35.63598,-80.52398
NONCD0001952,KERR FACILITY - AHOSKIE,228 JOHNNY MITCHELL RD,AHOSKIE,HERTFORD,36.26834,-77.0027
NONCD0001953,KEYSTONE POWDERED METAL COMPANY,100 COMMERCE DRIVE,CHERRYVILLE,GASTON,35.39357,-81.34223
NONCD0001954,KFC - UNIVERSITY PARK SHOPPING CENTER,2121 BEATTIES FORD ROAD,CHARLOTTE,MECKLENBURG,35.26392,-80.85491
NONCD0001955,KIKER HOSIERY,BROWNS HILL RD,LOCUST,STANLY,35.24401,-80.45801
NONCD0001956,KILDARE DRIVE SITE,KILDARE DRIVE,CHARLOTTE,MECKLENBURG,35.24848,-80.75411
NONCD0001958,BELTON STREET SOLVENTS,BELTON ST & GREYSTONE RD,CHARLOTTE,MECKLENBURG,35.19669,-80.86852
NONCD0001959,KINGS MOUNTAIN SMARTWAY,U.S. 74 AND N.C. 161,KINGS MOUNTAIN,CLEVELAND,35.241272,-81.332726
NONCD0001961,"KIRSCHNER, GEORGE PROPERTY",6806 MILLHOUSE ROAD,CHAPEL HILL,ORANGE,35.97936,-79.07688
NONCD0001962,KITTY DRIVE,4126 KITTY DRIVE,CHARLOTTE,MECKLENBURG,35.307434,-80.8579
NONCD0001964,"KLUTTZ FOUNDRY, FORMER",711 EAST FRANKLIN BLVD,GASTONIA,GASTON,35.26222,-81.17138
NONCD0001966,28TH STREET TCE CONTAMINATION,2500 BLOCK OF STOKES AVE,WINSTON-SALEM,FORSYTH,36.12275,-80.23817
NONCD0001967,"AMERICAN DISTILLATION, INC",1690 NE ROYSTER RD,LELAND,BRUNSWICK,34.27005,-78.00383
NONCD0001968,MEREDITH-WEBB PRINTING COMPANY,334 N MAIN STREET,BURLINGTON,ALAMANCE,36.09734,-79.43243
NONCD0001973,KYSOR-MICH. FLEET DIVISION,5019 HOVIS ROAD,CHARLOTTE,MECKLENBURG,35.269036,-80.899176
NONCD0001974,LACY ALLRED FARM SUBDIVISION,ANITA LANE,GREENSBORO,GUILFORD,36.16633,-79.71579
NONCD0001977,LAKE RIM SOLVENTS,RIM ROAD & SANDRA STREET,FAYETTEVILLE,CUMBERLAND,35.03035,-79.04921
NONCD0001980,"LAN-O-SHEEN, INC.",201 DICKENS RD,FUQUAY-VARINA,WAKE,35.61558,-78.80656
NONCD0001982,LAWYERS ROAD WELLS,12315 LAWYERS ROAD,CHARLOTTE,MECKLENBURG,35.16124,-80.64876
NONCD0001983,LB FOSTER (FORMER),1625 & 1701 STARITA ROAD,CHARLOTTE,MECKLENBURG,35.268673,-80.816455
NONCD0001985,LEBANON CHEMICAL CORPORATION,1665 HIGHWAY 64 E,PLYMOUTH,WASHINGTON,35.86907,-76.71876
NONCD0001986,LEBANON UNLOADING STATION,VANCE STREET,ROCKY MOUNT,EDGECOMBE,35.92342,-77.79756
NONCD0001987,FAIRWAY ONE STOP NO. 5,1253 N LIBERTY ST,WINSTON-SALEM,FORSYTH,36.11086,-80.23436
NONCD0001988,LEE PAVING / NCDOT SITE #31,SR 1179 (ROCKY FORK CH.RD.),SANFORD,LEE,35.39465,-79.22014
NONCD0001989,"PEDEN FAMILY, LLC",1859 CAPITAL BLVD,RALEIGH,WAKE,35.80813,-78.6182
NONCD0001990,LEE PAVING/NCDOT #48,SUGAR LAKE RD. [SR 1714],GRIFFINS CROSSROADS,CHATHAM,35.746944,-79.090555
NONCD0001991,LEESONA - ALAMANCE CO PLANT - NONUST,2727 TUCKER ST. EXT,BURLINGTON,ALAMANCE,36.059668,-79.456404
NONCD0001992,ATANDO AVE SOLVENT CONTAMINATION,527 ATANDO AVE,CHARLOTTE,MECKLENBURG,35.25825,-80.81686
NONCD0001994,SOUTH BOULEVARD SOLVENT CONTAMINATION,3000 BLOCK SOUTH BOULEVARD,CHARLOTTE,MECKLENBURG,35.19477,-80.87052
NONCD0001996,AMERICAN SKIN FOOD GROUP,140 INDUSTRIAL DR,BURGAW,PENDER,34.54327,-77.91965
NONCD0001997,HICKORY-LINCOLNTON HWY WELLS (SWINKS),HICKORY-LINCOLNTON HWY & ROCKY,NEWTON,CATAWBA,35.61107,-81.31612
NONCD0001998,LEONARD THOMPSON (GROVES SALVAGE),T C JONES ROAD,RAEFORD,HOKE,34.95847,-79.08027
NONCD0002001,"LEWIS PROPERTY, MAE",7182 SOCKWELL ROAD,ELON COLLEGE,GUILFORD,36.174315,-79.540125
NONCD0002004,COLONIAL ICE COMPANY (FRMR),405 E KING ST,KINSTON,LENOIR,35.258463,-77.574892
NONCD0002006,INDEPENDENCE PROPERTY,3030 E INDEPENDENCE BLVD,CHARLOTTE,MECKLENBURG,35.20298,-80.79135
NONCD0002009,"LINDE GASES, FORMER",2810 WEST TRADE STREET,CHARLOTTE,MECKLENBURG,35.251765,-80.867927
NONCD0002010,LINK ROAD SITE,1725 LINK ROAD,WINSTON-SALEM,FORSYTH,36.07144,-80.26238
NONCD0002011,LITTON-AIRTRON,1201 CONTINENTAL BLVD.,CHARLOTTE,MECKLENBURG,35.119338,-80.922101
NONCD0002012,LIVINGSTONE COATINGS CORPORATION,240 RHYNE ROAD,CHARLOTTE,MECKLENBURG,35.28881,-80.97012
NONCD0002013,LOCK ON,1506 LANDIS STREET,SANFORD,LEE,35.50018,-79.17782
NONCD0002016,LONGVIEW GOLF COURSE,6321 BALLINGER ROAD,GREENSBORO,GUILFORD,36.100858,-79.908277
NONCD0002018,LOVE LUMBER COMPANY #3,301 WEST STANLY STREET,STANFIELD,STANLY,35.232686,-80.428558
NONCD0002019,AZALEA LANE CONTAMINATION,HARTLEY ST & AZALEA LN,CHARLOTTE,MECKLENBURG,35.26893,-80.82047
NONCD0002020,NORTHWEST BLVD PCE CONTAMINATION,2950 NORTHWEST BLVD,NEWTON,CATAWBA,35.69459,-81.22602
NONCD0002022,LYONS RESIDENCE,3800 GLENWOOD DRIVE,CHARLOTTE,MECKLENBURG,35.24904,-80.88553
NONCD0002024,MAGLA PRODUCTS 1,404 NORTH CHURCH STREET,HUNTERSVILLE,MECKLENBURG,35.41656,-80.83993
NONCD0002025,ANDREA DRIVE CONTAMINATION,101 ANDREA DR,JAMESTOWN,GUILFORD,36.04007,-79.91215
NONCD0002026,MAIN STREET SOLVENT SITE,WEST MAIN STREET,LOCUST,STANLY,35.25452,-80.44151
NONCD0002027,MAKEPEACE PROPERTY,1214 HAWKINS AVENUE,SANFORD,LEE,35.49674,-79.17966
NONCD0002028,MALLARD GRIFFIN LUMBER,1304 W VERNON AVE,KINSTON,LENOIR,35.268888,-77.599444
NONCD0002030,MYERS BROTHERS RECYCLING (FORMER),3303 SPRING GARDEN ST,GREENSBORO,GUILFORD,36.05926,-79.84763
NONCD0002031,OLD MOUNTAIN & BUFFALO SHOALS RDS WELLS,BUFFALO SHOALS & OLD MOUNTAIN,STATESVILLE,IREDELL,35.73516,-80.94384
NONCD0002032,MARION KULICK - FORMER CATTLE DIP VAT,JUNIOR ROAD,FRISCO,DARE,35.234722,-75.631666
NONCD0002033,MARKET BASKET - SOLVENTS,6593 HIGHWAY 16,CONOVER,CATAWBA,35.812861,-81.190739
NONCD0002034,MARTIN PROPERTY #2,2328 DAVIE AVE,STATESVILLE,IREDELL,35.80744,-80.84964
NONCD0002035,MARTINS FOOD CENTER - SOLVENTS,"7150 NC HIGHWAY 10 WEST, BANOA",VALE,CATAWBA,35.59389,-81.40128
NONCD0002038,SILVERMAN PROPERTY,48 SWANNANOA RIVER RD,ASHEVILLE,BUNCOMBE,35.57026,-82.54015
NONCD0002039,MASON RESIDENCE,409 BIVENS RD,MONROE,UNION,34.9905,-80.4837
NONCD0002040,HWY 70 PCE (HICKORY 66 SERVICE),1727 HWY 70 SW,HICKORY,CATAWBA,35.72215,-81.3698
NONCD0002041,"MASSEY RESIDENCE, GLEN",540 TROLLINGWOOD ROAD,HAW RIVER,ALAMANCE,36.081339,-79.344597
NONCD0002044,KAPP ST FERTILIZER SPILL,515 W KAPP ST,DOBSON,SURRY,36.39638,-80.72842
NONCD0002046,MATTHEWS COUNTRY CLUB,465 SAM NEWELL ROAD,MATTHEWS,MECKLENBURG,35.12293,-80.71893
NONCD0002047,"MATTHEWS, VC RESIDENCE",3426 HIGHWAY 55,DURHAM,DURHAM,35.93004,-78.88925
NONCD0002048,MAULDIN WELL,310 MITCHELL ST,BELMONT,GASTON,35.181989,-81.020229
NONCD0002049,MAXTON OIL & FERT. CO. - PLANT,207 N MCNAIR ST,MAXTON,ROBESON,34.74084,-79.35257
NONCD0002050,MAXTON OIL & FERT. CO. - SHAW FARM,SR 1424,WAGRAM,SCOTLAND,34.871329,-79.418488
NONCD0002053,"MCDONALD RESIDENCE, ELIZABETH",3560 MT. HERMAN ROCK CREEK RD,GRAHAM,ALAMANCE,35.98938,-79.394599
NONCD0002054,PINETOPS JENKINS CLEANERS,106 S 2ND ST,PINETOPS,EDGECOMBE,35.79026,-77.63692
NONCD0002055,MCKELVEY NITRATES,6148 ST JOHNS LANE,CHARLOTTE,MECKLENBURG,35.125801,-80.841154
NONCD0002056,MCLEAN ROAD,2532 MCLEAN ROAD,CHARLOTTE,MECKLENBURG,35.284994,-80.716447
NONCD0002063,EDENTON DYEING & FINISHING (FRMR),125 DYE PLANT RD,EDENTON,CHOWAN,36.20562,-76.71274
NONCD0002066,METPRO PROP.(FOR. DRY CLEANER),1030 PATTON AVE.,ASHEVILLE,BUNCOMBE,35.58644,-82.59255
NONCD0002068,MICROMATIC/TEXTRON FACILITY,105 LYTLE COVE ROAD,SWANNANOA,BUNCOMBE,35.601508,-82.367452
NONCD0002073,MILFORD HILLS PCE SITE,SPRING AND COLONIAL DRIVES,SALISBURY,ROWAN,35.688574,-80.508077
NONCD0002077,"MILLS YARN, INC.",1125 7TH AVE N.W,HICKORY,CATAWBA,35.741972,-81.360565
NONCD0002078,ROCHELLE STREET WELLS,2505 ROCHELLE ST,DURHAM,DURHAM,35.99133,-78.8573
NONCD0002079,MINI-MART,1250 OLD CHARLOTTE RD.,CONCORD,CABARRUS,35.37087,-80.597888
NONCD0002085,MITSUBISHI ELECTRONICS,THREE DIAMOND LANE,DURHAM,DURHAM,36.05286,-78.86904
NONCD0002087,ROXOBEL TEXACO,102 N MAIN ST,ROXOBEL,BERTIE,36.20342,-77.24498
NONCD0002088,MODEL LINEN SERVICE - B,120 W. LEWIS STREET,GREENSBORO,GUILFORD,36.06664,-79.79146
NONCD0002090,MOEN - SANFORD,2609 COX MILL RD.,SANFORD,LEE,35.45651,-79.10514
NONCD0002092,MONROE ICE AND FUEL (SOLVENTS),601 NORTH CHARLOTTE AVE,MONROE,UNION,34.98641,-80.55348
NONCD0002093,MONROE MUNICIPAL SERVICE,2401 WALKUP AVE,MONROE,UNION,34.99044,-80.50833
NONCD0002094,BEASLEY AVE WELLS,3034-3036 HOLLOWAY STREET,DURHAM,DURHAM,35.98552,-78.83996
NONCD0002095,MOORES RENTAL #2,625 NORTH MAIN STREET,SALISBURY,ROWAN,35.67215,-80.46301
NONCD0002098,MORGAN MILLS (DAWSON PLANT #6),200 HWY 24/27,ALBEMARLE,STANLY,35.340296,-80.201393
NONCD0002100,MORTON RESIDENCE,"HWY 200, S OF STANFIELD",STANFIELD,STANLY,35.194361,-80.399208
NONCD0002103,MOUNTAIN VIEW MARKETPLACE,2341 ROCKSHIRE LANE (OFF 127 S,HICKORY,CATAWBA,35.69274,-81.35794
NONCD0002105,MTE HYDRAULICS,108 CHICKASAW ROAD @ JCT W/ PE,GASTONIA,GASTON,35.184819,-81.203618
NONCD0002106,MULLINEX GROCERY,3079 HIGHWAY 109,TROY,MONTGOMERY,35.41464,-80.00378
NONCD0002109,MYATT PROPERTY,1822 ENGLISH RD.,HIGH POINT,GUILFORD,35.94374,-80.02433
NONCD0002110,MYERS BROTHERS GIN SOLVENTS,3165 WOODLEAF ROAD,SALISBURY,ROWAN,35.70861,-80.525
NONCD0002111,MYERS WELL,14217 SPRINGWATER DRIVE,MATTHEWS,MECKLENBURG,35.130288,-80.669333
NONCD0002112,N. TRYON MALL (CLEANING),451 E SUGAR CREEK RD,CHARLOTTE,MECKLENBURG,35.25384,-80.79213
NONCD0002114,NAI MAXWELL PROPERTY,612 INDUSTRIAL AVE,GREENSBORO,GUILFORD,36.02567,-79.775293
NONCD0002116,NAPA/LOCKAMY'S BODY SHOP (FORMER),1305 US 70 HWY WEST,GARNER,WAKE,35.72026,-78.64166
NONCD0002118,NATIONAL PARTITIONS & INTERIORS (FORMER),321 EAST J STREET,MAIDEN,CATAWBA,35.562735,-81.194084
NONCD0002119,NATIONAL TRANSPORT #2,601 JOHNSON ROAD,CHARLOTTE,MECKLENBURG,35.261944,-80.811666
NONCD0002121,NATIONS BANK - SOLVENT,201 NORTH TRYON STREET,CHARLOTTE,MECKLENBURG,35.22886,-80.84136
NONCD0002122,MORGAN MILL RD CONTAMINATION,5613 MORGAN MILL RD,MONROE,UNION,35.07419,-80.47921
NONCD0002123,ERWIN MILLS #3,314 MAIN ST,COOLEEMEE,DAVIE,35.80707,-80.55784
NONCD0002124,WELDON MILL (FRMR),E 11TH ST & SYCAMORE ST,WELDON,HALIFAX,36.41529,-77.60283
NONCD0002125,NC FOAM INDUSTRIES - NONUST,511 CARTER ST.,MOUNT AIRY,SURRY,36.474287,-80.607719
NONCD0002128,PURINA MILLS,HWY 301 SOUTH,WILSON,WILSON,35.70409,-77.92063
NONCD0002129,NCDOT - ATL 16-6,"OFF NCSR 1387, NEAR ELIZ. CITY",ELIZABETH CITY,PASQUOTANK,36.31102,-76.20883
NONCD0002130,NCDOT - FORMER ASPHALTIC TESTING SITE 62,OFF DRIFTWOOD DRIVE,MANTEO,DARE,35.92037,-75.68984
NONCD0002133,NCDOT - SITE #8 STOKESDALE ASPHALT,6826 US HWY 158,STOKESDALE,GUILFORD,36.239935,-79.932305
NONCD0002134,NCDOT - SITE #9 PAPCO ASPHALT,SR 1120,WINSTON-SALEM,FORSYTH,36.03046,-80.31783
NONCD0002135,NCDOT - SITE #10 JAMESTOWN ASPHALT,5730 RIVERDALE DR.,JAMESTOWN,GUILFORD,35.963325,-79.921705
NONCD0002136,NCDOT - SITE NO 16 LEXINGTON ASPHALT,CITY DUMP ROAD,LEXINGTON,DAVIDSON,35.831388,-80.223611
NONCD0002137,NCDOT - SITE #23 KIRKPATRICK ASPHALT,1521 HUFFMAN MILL RD,BURLINGTON,ALAMANCE,36.057294,-79.510217
NONCD0002138,NCDOT - SITE #24 RAMEY CONST. ASPHALT,PATTERSON AVE.,WINSTON-SALEM,FORSYTH,36.18074,-80.26762
NONCD0002139,NCDOT - SITE #25 MARTIN MARIETTA GBORO,825 MARIETTA RD.,GREENSBORO,GUILFORD,36.060833,-79.926111
NONCD0002140,NCDOT - SITE #26 MARTIN MARIETTA BURLING,1671 HUFFMAN MILL RD,BURLINGTON,ALAMANCE,36.04882,-79.50939
NONCD0002141,NCDOT - SITE #38 BROWN BROTHERS ASPHALT,HWY 105,BOONE,WATAUGA,36.20751,-81.71481
NONCD0002142,NCDOT - SITE #42 APAC ASPHALT PLANT,PINE VIEW ROAD,ASHEBORO,RANDOLPH,35.763544,-79.826674
NONCD0002143,NCDOT - SITE #43 RILEY PAVING ASPHALT,HWY 421,LIBERTY,RANDOLPH,35.82724,-79.58095
NONCD0002145,NCDOT - SITE #54 THOMPSON ARTHUR ASPHALT,2805 INDIANA AVE.,WINSTON-SALEM,FORSYTH,36.12654,-80.23595
NONCD0002146,NCDOT - SITE #55 PAPCO-SHERRILL ASPHALT,CRAFT DRIVE,WINSTON-SALEM,FORSYTH,36.1456,-80.25991
NONCD0002147,NCDOT - SITE #59 WENTWORTH ASPHALT,HWY 65/87,WENTWORTH,ROCKINGHAM,36.372432,-79.724869
NONCD0002148,NCDOT - SITE #61 NORFOLK SOUTHERN/THOMPS,1124 S. HOLDEN ROAD,GREENSBORO,GUILFORD,36.05886,-79.84287
NONCD0002150,NCDOT - SITE #73,1608 HIGHWAY 221 NORTH,JEFFERSON,ASHE,36.4513,-81.40441
NONCD0002151,NCDOT - SURRY COUNTY,HWY 601 NORTH,DOBSON,SURRY,36.420412,-80.684628
NONCD0002155,NCDOT ASPHALT LAB SITE NO.71,NORTHSIDE ROAD(HWY-158),ELIZABETH CITY,PASQUOTANK,36.41085,-76.33408
NONCD0002156,NCDOT ASPHALT MATERIAL TEST LAB NO 52,6190 NEW BERN HWY,MAYSVILLE,ONSLOW,34.853888,-77.274166
NONCD0002157,NCDOT ASPHALT SITE NO 12_BOGGS,2318 CONCORD HWY,MONROE,UNION,35.01487,-80.54124
NONCD0002158,NCDOT ASPHALT SITE NO 13_REA CONTSR,6001 OLD DOWD ROAD,CHARLOTTE,MECKLENBURG,35.22831,-80.93911
NONCD0002159,NCDOT ASPHALT SITE #14,OLD NATIONS FORD RD,PINEVILLE,MECKLENBURG,35.115277,-80.898333
NONCD0002160,NCDOT ASPHALT SITE #17/BLYTHE DEVELOPMEN,OFF OF ERVIN LANE - 9510 RODNE,PINEVILLE,MECKLENBURG,35.105555,-80.894444
NONCD0002161,NCDOT ASPHALT SITE #2 (CROWDER CONST),"CROWDER CONST, HWY 16, 6433 BR",CHARLOTTE,MECKLENBURG,35.2886,-80.91383
NONCD0002162,NCDOT ASPHALT SITE #20 (APAC),1520 11TH AVENUE SE,HICKORY,CATAWBA,35.716989,-81.307989
NONCD0002163,NCDOT ASPHALT SITE #22 ( ASPHALT PAVING,HWY74/LONG BRANCH ROAD,SHELBY,CLEVELAND,35.250683,-81.464313
NONCD0002164,NCDOT ASPHALT SITE #3/BROWN PAVING,INTERSECTION OF SR 1305 AND HW,ROCKINGHAM,RICHMOND,34.99921,-79.77731
NONCD0002165,NCDOT ASPHALT SITE #32/JOHNSON BROS,1924 N MAIN ST,LILLINGTON,HARNETT,35.42259,-78.7982
NONCD0002166,NCDOT ASPHALT SITE #35,500 INDUSTRIAL AVE,ROCKWELL,ROWAN,35.555299,-80.399858
NONCD0002167,NCDOT ASPHALT SITE #4 (M & M MINERALS),"N OF HWY 73, S OF I-85, W OF H",CONCORD,CABARRUS,35.435119,-80.609054
NONCD0002168,NCDOT ASPHALT SITE #40/BLYTHE IND.,7450 POPLAR TENT ROAD,CONCORD,CABARRUS,35.403539,-80.701306
NONCD0002169,NCDOT ASPHALT SITE #47/BARNHILL,936 SHAW MILL RD,FAYETTEVILLE,CUMBERLAND,35.11356,-78.92286
NONCD0002170,NCDOT ASPHALT SITE #5 (REA CONSTRUCTION),1220 NORTH WENDOVER ROAD,CHARLOTTE,MECKLENBURG,35.19499,-80.792812
NONCD0002171,NCDOT ASPHALT SITE #56/BLYTHE IND.,2911 NORTH GRAHAM STREET,CHARLOTTE,MECKLENBURG,35.260182,-80.825203
NONCD0002172,NCDOT ASPHALT SITE #57 - REA CONSTRUCTIO,2701 YOUNGBLOOD COURT,CHARLOTTE,MECKLENBURG,35.202802,-80.868346
NONCD0002173,NCDOT ASPHALT SITE #66/APAC,164 BOSTIAN BRIDGE DR (OFF BUF,STATESVILLE,IREDELL,35.765383,-80.919913
NONCD0002174,NCDOT ASPHALT SITE #67,11333 REAMES ROAD,CHARLOTTE,MECKLENBURG,35.34951,-80.83066
NONCD0002176,NCDOT ASPHALT TESTING LAB SITE # 50,SE OF NC11 & NC308,LEWISTON,BERTIE,36.1195,-77.17381
NONCD0002177,NCDOT BRIDGE 108,GRAHAM STREET BRIDGE OVER RR T,CHARLOTTE,MECKLENBURG,35.23747,-80.83757
NONCD0002179,NCDOT DIV 10 FACILITY (FORMER),1119 E SUGAR CREEK RD,CHARLOTTE,MECKLENBURG,35.245372,-80.786009
NONCD0002180,NCDOT FACILITY-UNION,NCSR 1130,UNION,HERTFORD,36.3275,-77.023333
NONCD0002182,NCDOT ROSMAN-SALT STORAGE,SR 1388,ROSMAN,TRANSYLVANIA,35.1568,-82.81077
NONCD0002186,NCDOT SELMA PLANT P-11,PEEDIN STREETA.G. LEE TRUCK ST,SELMA,JOHNSTON,35.513161,-78.318428
NONCD0002187,LWY GROOMETOWN ECKERD,3611 GROOMETOWN RD,GREENSBORO,GUILFORD,36.0158,-79.86527
NONCD0002188,NCDOT SITE #44/QUAIL RIDGE,QUAIL RIDGE DR.,SANFORD,LEE,35.39125,-79.23584
NONCD0002191,NCDOT SITE-C.C. MANGUM US 64E,5201 OLD US 64 EAST,RALEIGH,WAKE,35.79492,-78.5466
NONCD0002192,NCDOT/FRANKLIN RESIDENCE,"OFF 181, RT 2",NEWLAND,AVERY,36.07663,-81.91194
NONCD0002193,NCDOT-FORMER ASPHALT TEST.#37,HWY 158 AT MAIME SR# SIDE ROAD,POWELLS POINT,CURRITUCK,36.12848,-75.83116
NONCD0002194,NCSPA BLDG C-1,2202 BURNETT BLVD,WILMINGTON,NEW HANOVER,34.19964,-77.95307
NONCD0002197,NEW GENERATION YARN,1248 SPRINGWOOD CHURCH RD,GIBSONVILLE,GUILFORD,36.085195,-79.547465
NONCD0002201,NEWS & OBSERVER MECH BLV-SPILL,1400 MECHANICAL BLVD.,GARNER,WAKE,35.71955,-78.62755
NONCD0002203,ALLEN LANE CONTAMINATED WELLS,3000 US 70 BYPASS,HILLSBOROUGH,ORANGE,36.05961,-79.05173
NONCD0002204,NIVENS PROPERTY,3022 GRIFFITH STREET,CHARLOTTE,MECKLENBURG,35.20088,-80.87161
NONCD0002205,"AMP,INC-BLDG 090",375 W BODENHAMER ST,KERNERSVILLE,FORSYTH,36.12873,-80.07792
NONCD0002211,NORFOLK SOUTHERN RAILWAY-SOLVENT-UNIQEMA,2100 NORTH TRYON ST.,CHARLOTTE,MECKLENBURG,35.243095,-80.820604
NONCD0002212,NORFOLK SOUTHERN RAILYARD- PCE,33 MEADOW ROAD,ASHEVILLE,BUNCOMBE,35.56816,-82.54588
NONCD0002216,CROWN AUTO DEALERSHIP,3607 W WENDOVER AVE,GREENSBORO,GUILFORD,36.059406,-79.86821
NONCD0002218,NORTH LIBERTY STREET PROPERTY @ SAMS CUR,4215 N LIBERTY ST,WINSTON-SALEM,FORSYTH,36.147602,-80.225262
NONCD0002219,NORTHERN TELECOM-CEM.TANK SOLV,4600 EMPEROR BLVD.,MORRISVILLE,DURHAM,35.875937,-78.838949
NONCD0002223,STANLY STATION SHOPPING CENTER,636 NC HWY 27 E,ALBERMARLE,STANLY,35.34252,-80.17237
NONCD0002226,O W SLANE GLASS WELL,606 MECHAM ROAD,STATESVILLE,IREDELL,35.79257,-80.92035
NONCD0002228,OAK ISLAND POLICE DEPT.,4621 E. OAK ISLAND DRIVE,OAK ISLAND,BRUNSWICK,33.9127,-78.1166
NONCD0002229,OGBURN DRY CLEANERS (FORMER)/ONE HOUR,4318 OLD WALKERTOWN ROAD,WINSTON-SALEM,FORSYTH,36.150137,-80.222871
NONCD0002231,OHENRY CLEANERS,3210 SUMMIT AVENUE,GREENSBORO,GUILFORD,36.117498,-79.763221
NONCD0002232,OLD COLONIAL MARBLE,9943 PACKARD ST,PINEVILLE,MECKLENBURG,35.103888,-80.885
NONCD0002234,OLD SEALTEST DAIRY SOLVENTS,2115 HWY 70 SE,HICKORY,CATAWBA,35.70466,-81.30008
NONCD0002236,OLYMPIC PRODUCTS,4100 PLEASANT GARDEN,GREENSBORO,GUILFORD,36.007385,-79.781715
NONCD0002237,OMC FACILITY (FORMER),160 EXECUTIVE DRIVE,RUTHERFORDTON,RUTHERFORD,35.3625,-81.955
NONCD0002238,TERMINIX PEST CONTROL,3495 LEO ST,WINSTON-SALEM,FORSYTH,36.1344,-80.23945
NONCD0002242,"FLAME REFRACTORIES, INC",152 AMERICAN DR,OAKBORO,STANLY,35.21529,-80.31617
NONCD0002243,ORR ROAD (RESIDENTIAL),ORR ROAD,CHARLOTTE,MECKLENBURG,35.265556,-80.767387
NONCD0002251,PLEASANT GARDEN RD CONTAMINATION,PLEASANT GARDEN RD & LAUREL,PLEASANT GARDEN,GUILFORD,35.964265,-79.762915
NONCD0002253,PAINTER WELL,108 BARNES STREET,BELMONT,GASTON,35.251838,-81.053392
NONCD0002254,PAK-LITE,6508 EAST WASHINGTON ST.,MEBANE,ORANGE,36.084252,-79.230907
NONCD0002256,PALOMINO CLUB,9607 ALBEMARLE ROAD,CHARLOTTE,MECKLENBURG,35.21097,-80.679526
NONCD0002260,PANTRY 824 SOLVENTS,8925 NATIONS FORD ROAD,CHARLOTTE,MECKLENBURG,35.1359,-80.89172
NONCD0002262,PANTRY 421 FORMER,P. O. BOX 1410,CANTON,HAYWOOD,35.532222,-82.864444
NONCD0002263,HAYWOOD RD CONTAMINATION,520 HAYWOOD RD,ASHEVILLE,BUNCOMBE,35.578375,-82.584678
NONCD0002264,PARK STREET SOLVENT SITE,INTERSECTION OF NC 273 AND WIL,BELMONT,GASTON,35.250548,-81.028704
NONCD0002265,SOUTHERN STATES COOP-WILSON SERVICE,6601 WARD BLVD,WILSON,WILSON,35.70716,-77.90879
NONCD0002267,PARKER HANNIFIN CORPORATION,310 KINGOLD BOULEVARD,SNOW HILL,GREENE,35.45177,-77.6866
NONCD0002268,PARKER HANNIFIN-WILSON,2600 WILCO BLVD.,WILSON,WILSON,35.688899,-77.911059
NONCD0002270,PARKER NALL WELL,8702-B STATESVILLE RD,CHARLOTTE,MECKLENBURG,35.339906,-80.841077
NONCD0002276,AFFORDABLE AUTO REPAIR,500 W FRANKLIN BLVD,GASTONIA,GASTON,35.26259,-81.19058
NONCD0002277,PAZIUK WAREHOUSE,710 SUNNYVALE DRIVE,WILMINGTON,NEW HANOVER,34.1738,-77.9389
NONCD0002280,"PCS NITROGEN, FMRLY ARCADIAN",2830 HWY 421 NORTH,WILMINGTON,NEW HANOVER,34.27803,-77.95706
NONCD0002284,GOLF COURSE MAINTENANCE BLDG,499 CHARLOTTE ST,ASHEVILLE,BUNCOMBE,35.61387,-82.54657
NONCD0002287,PEOPLES CLEANERS,1930 BEATTIES FORD ROAD,CHARLOTTE,MECKLENBURG,35.26176,-80.8548
NONCD0002289,"DUNN, R.F. PROPERTY",6425 GLENWOOD AVE,RALEIGH,WAKE,35.857636,-78.707594
NONCD0002290,HILLIARD FOREST,7503 GREEN HOPE SCHOOL RD,CARY,WAKE,35.79934,-78.8966
NONCD0002292,PERDUE FARMS - LIBERTY - SOLVENTS,2607 OLD HIGHWAY 421,STALEY,RANDOLPH,35.81062,-79.55437
NONCD0002293,PERFECTING SERVICE DIVISION,332 ATANDO AVENUE,CHARLOTTE,MECKLENBURG,35.25581,-80.81283
NONCD0002294,PERIGON,107 INDUSTRIAL DRIVE,MATTHEWS,MECKLENBURG,35.126037,-80.729106
NONCD0002295,SAINT FRANCES DRIVE CONTAMINATION,5916 SAINT FRANCES DRIVE,CHARLOTTE,MECKLENBURG,35.33288,-80.84054
NONCD0002296,PETROLEUM TANK SERVICE #2,7335 ORR ROAD,CHARLOTTE,MECKLENBURG,35.267439,-80.743386
NONCD0002298,PHARR YARNS - STERLING,217 STERLING ST,BELMONT,GASTON,35.247206,-81.026365
NONCD0002299,PHARR YARNS SLUDGE LANDFILL,NEAR INTERSECTION HWY 7 & SR22,MCADENVILLE,GASTON,35.29362,-81.10133
NONCD0002300,MARGARET WALLACE ROAD SITE,3534 MARGARET WALLACE RD,MATTHEWS,MECKLENBURG,35.1613,-80.71651
NONCD0002301,PIEDMONT CIRCUITS,TELECOMM DR.,CREEDMOOR,GRANVILLE,36.13678,-78.73298
NONCD0002303,PIEDMONT METALS,OLD HWY 29,LEXINGTON,DAVIDSON,35.80355,-80.28443
NONCD0002304,CONOVER CHAIR COMPANY,210 FOURTH ST,CONOVER,CATAWBA,35.912978,-77.802278
NONCD0002306,"PIKE ELECTRIC, INC.",418 SMITH STREET,MT. AIRY,SURRY,36.50566,-80.60257
NONCD0002307,"PILCH, INC (FORMERLY PEARTREE RD)",PILCH RD,TROUTMAN,IREDELL,35.70129,-80.84354
NONCD0002308,PILKINGTON-LIBBY OWEN FORD,US HIGHWAY 74 EAST,LAURINBURG,SCOTLAND,34.749606,-79.392153
NONCD0002310,PINE ISLAND DRIVE,10135 LITTLE FIELD RD,CHARLOTTE,MECKLENBURG,35.294901,-80.973546
NONCD0002311,PINE STATE KNITWEAR - C,630 INDEPENDENCE BL,MOUNT AIRY,SURRY,36.502655,-80.619809
NONCD0002314,JOHNSON PROPERTY,114 STAGE COACH TRAIL,GREENSBORO,GUILFORD,36.07819,-79.912138
NONCD0002319,"POLYLOK, INC./WELLINGTON SEARS",3006 ANACONDA RD.,TARBORO,EDGECOMBE,35.91299,-77.58984
NONCD0002321,PONDVIEW LANE,PONDVIEW LANE,DURHAM,DURHAM,36.1168,-78.9051
NONCD0002323,POST ROAD SITE,612 N. POST RD,SHELBY,CLEVELAND,35.29557,-81.48704
NONCD0002324,NCDOT PROPERTY-PARCEL 7B,510 W 4TH ST,CHARLOTTE,MECKLENBURG,35.23015,-80.84835
NONCD0002325,SUNSET DRIVE SOLVENTS,SUNSET DR,MINT HILL,MECKLENBURG,35.180704,-80.649678
NONCD0002326,"POWELL AND STOKES, INC",225 US 13N,WINDSOR,BERTIE,36.01939,-76.95635
NONCD0002327,POWELL LUMBER COMPANY,CROMPTON STREET,CHARLOTTE,MECKLENBURG,35.11622,-80.913965
NONCD0002329,PRICES PHILLIPS 66,1601 ROOSEVELT AVE,MONROE,UNION,34.99678,-80.54617
NONCD0002330,"PRIDDY PROPERTY, WINIFRED",4707 HIGHWAY 8 N.,LAWSONVILLE,STOKES,36.488419,-80.2324
NONCD0002331,PRIME EQUIPMENT COMPANY,1901 SOUTH TRYON STREET,CHARLOTTE,MECKLENBURG,35.213055,-80.863888
NONCD0002332,PROCTOR & GAMBLE - WEIGH SCALES,6200 BRYAN PARK ROAD,BROWNS SUMMIT,GUILFORD,36.17555,-79.72083
NONCD0002333,PRODUCER SERVICE & SUPPLY,4084 NC HWY 186,SEABOARD,NORTHAMPTON,36.496944,-77.429166
NONCD0002337,"PSNC ENERGY MOORESVILLE, FORMER",1116 & 1122 NORTH MAIN STREET,MOORESVILLE,IREDELL,35.59103,-80.79161
NONCD0002338,PSNC OPERATIONS AND GARAGE,3001 HARVARD AVENUE,DURHAM,DURHAM,35.98856,-78.86124
NONCD0002339,CARDINAL CHEMICAL,4715 GRAFTON RD,GREENSBORO,GUILFORD,36.145905,-79.734425
NONCD0002341,PUBLIC SERVICE CO. - MARIETTA - SOLVENTS,900 NORTH MARIETTA STREET,GASTONIA,GASTON,35.27626,-81.18184
NONCD0002342,PUBLIC SERVICE COMPANY OF NORTH CAROLINA,433 DRAKE STREET,STATESVILLE,IREDELL,35.77705,-80.89968
NONCD0002344,PUGHS CAR CARE CENTER,2209 SOUTH CROATAN HIGHWAY,NAGS HEAD,DARE,35.99109,-75.64675
NONCD0002345,"PUROLATOR PRODUCTS, INC.",3200 NATAL STREET,FAYETTEVILLE,CUMBERLAND,35.013,-78.92069
NONCD0002346,"UNIFI, INC",2920 VANCE ST,REIDSVILLE,ROCKINGHAM,36.35234,-79.6974
NONCD0002348,QUALEX,2519 DISTRIBUTION STREET,CHARLOTTE,MECKLENBURG,35.20521,-80.86732
NONCD0002349,QUALIFIED METAL - OLD WINSTON,950 OLD WINSTON RD.,WINSTON-SALEM,FORSYTH,36.11191,-80.10035
NONCD0002350,QUALITY FOREST PRODUCTS,HWY 301,ENFIELD,HALIFAX,36.15465,-77.693
NONCD0002351,QUALITY METALS INC.,1111 OATES ROAD,GASTONIA,GASTON,35.268696,-81.249728
NONCD0002354,R. J. REYNOLDS - QUALITY BLDG.,100 S. CHESTNUT ST.,WINSTON-SALEM,FORSYTH,36.09523,-80.24287
NONCD0002355,"R. W. MCCOLLUM CO., INC. - B",107 W. MEADOWVIEW RD.,GREENSBORO,GUILFORD,36.03806,-79.79311
NONCD0002356,R.H. BOULIGNY #2,2320 NORTH DAVIDSON STREET,CHARLOTTE,MECKLENBURG,35.240341,-80.813384
NONCD0002357,WALKER AVE CURB MARKET (FRMR),437-441 SPRING GARDEN ST,GREENSBORO,GUILFORD,36.0678,-79.79649
NONCD0002358,OLD SALISBURY ROAD WELLS,OLD SALISBURY RD,ALBEMARLE,STANLY,35.378896,-80.2163
NONCD0002359,RACHEL STREET PCE SITE,102 RACHEL ST,MT. HOLLY,GASTON,35.31613,-81.04803
NONCD0002361,RADIOSHACK PROPERTY,111 OLD BEE TREE ROAD,SWANNANOA,BUNCOMBE,35.61901,-82.43441
NONCD0002363,BOYD'S CLEANERS,295 MASON DREWERY RD,MANSON,WARREN,36.4286,-78.29399
NONCD0002365,RALEIGH WELDING WORKS (FORMER),414 SOUTH EAST STREET,RALEIGH,WAKE,35.7749,-78.6326
NONCD0002367,BETSY JOHNSON REGIONAL HOSPITAL,800 TILGHMAN DR,DUNN,HARNETT,35.30654,-78.63462
NONCD0002368,EASTERN CAR CARE (FRMR),703 E MAIN ST,MURFREESBORO,HERTFORD,36.4429,-77.09283
NONCD0002369,RAMSEY PRODUCTS,3701 PERFORMANCE ROAD,CHARLOTTE,MECKLENBURG,35.2574,-80.987369
NONCD0002372,RANDOLPH SCH. - BUS GARAGE-B,2234-AENTERPRISE ST.,ASHEBORO,RANDOLPH,35.675757,-79.825407
NONCD0002373,RANGER TRANSPORT WELL,6624 LAKEVIEW RD,CHARLOTTE,MECKLENBURG,35.33879,-80.828767
NONCD0002374,RAY PAVING (FORMER)/98 FOOD MART,995 DURHAM RD,WAKE FOREST,WAKE,35.976,-78.547
NONCD0002377,RC MOTOR COMPANY,6921 CAPITAL BLVD,RALEIGH,WAKE,35.87963,-78.57357
NONCD0002378,REA CONSTRUCTION-ROCKY MOUNT,1970 TANNER RD,ROCKY MOUNT,EDGECOMBE,35.98273,-77.77505
NONCD0002379,REA CONSTRUCTION-WEST RALEIGH,5801 CHAPEL HILL RD,RALEIGH,WAKE,35.78868,-78.72239
NONCD0002380,SUTTON PARK GROCERY,2701 WALKUP AVE,MONROE,UNION,34.99076,-80.50217
NONCD0002381,"REDDICK FUMIGANTS, INC.",3002 WEST MAIN STREET,WILLIAMSTON,MARTIN,35.84078,-77.08932
NONCD0002383,REECE MOSS RESIDENCE,1630 ARMSTRONG FORD RD,BELMONT,GASTON,35.20879,-81.07199
NONCD0002384,"REEVES BROTHERS, INC.",1135 MONTGOMERY AVE,ALBEMARLE,STANLY,35.35589,-80.1814
NONCD0002385,REIDSVILLE INDUSTRIAL PARK,US HIGHWAY 29 BYPASS & REIDSVI,REIDSVILLE,ROCKINGHAM,36.309357,-79.664766
NONCD0002386,REINHARDT CIRCLE TCE SITE,REINHARDT CIRCLE,IRON STATION,LINCOLN,35.46555,-81.130122
NONCD0002388,RENTZ OIL CO.-KENAN TRANSPORT,2502 RICHARDSON DR.,REIDSVILLE,ROCKINGHAM,36.33343,-79.694019
NONCD0002389,APACHE WELLS,640 APACHE PATH,MARION,MCDOWELL,35.64212,-82.03483
NONCD0002390,"REXAM FACILITY, FORMER",700 CRESTDALE ROAD,MATTHEWS,MECKLENBURG,35.11641,-80.70916
NONCD0002391,REXAM CORPORATION - B,2619 PHOENIX DRIVE,GREENSBORO,GUILFORD,36.00995,-79.83621
NONCD0002392,REYNOLDS & SON CONSTRUCTION,11401 LAWYERS ROAD,MINT HILL,MECKLENBURG,35.17269,-80.6555
NONCD0002396,"RHYNE MILLS, INC.","HWY 150, LINCOLNTON",LINCOLNTON,LINCOLN,35.44458,-81.27962
NONCD0002397,RHYNE ROAD,RHYNE ROAD,CHARLOTTE,MECKLENBURG,35.290068,-80.970026
NONCD0002400,RICHMOND APPAREL/FRUIT OF THE LOOM,HWY 74 WEST,ROCKINGHAM,RICHMOND,34.953416,-79.795789
NONCD0002404,RITTER MILLWORKS SHOP,2913 CASTLE HAYNE RD,CASTLE HAYNE,NEW HANOVER,34.298055,-77.922222
NONCD0002405,RIVENBARK RESIDENCE,1831 VANCE ST.,ROCKY MOUNT,EDGECOMBE,35.918333,-77.8
NONCD0002406,"ROACH, INC (HALE TRAILER..)",1335 IVEY CLINE ROAD,CONCORD,CABARRUS,35.39867,-80.70218
NONCD0002408,UNC-PHILLIPS HALL,120 E CAMERON AVE,CHAPEL HILL,ORANGE,35.91065,-79.05263
NONCD0002410,ROCKWELL WELL 003,HWY 52,ROCKWELL,ROWAN,35.550329,-80.406391
NONCD0002411,CORBETT RIDGE GROCERY,4887 CORBETT RIDGE RD,YANCEYVILLE,CASWELL,36.2493,-79.23867
NONCD0002416,ROGERS REALTY PROPERTY,502 W MORGAN ST,RALEIGH,WAKE,35.77998,-78.64635
NONCD0002418,ROGOSIN CONVERTERS (KORDSA USA),17780 ARMSTRONG RD,LAUREL HILL,SCOTLAND,34.808652,-79.524721
NONCD0002419,ROHM & HAAS,215 LAWTON ROAD,CHARLOTTE,MECKLENBURG,35.272245,-80.886618
NONCD0002420,APAC MAINTENANCE SHOP (FRMR),240 CENTER ST,JACKSONVILLE,ONSLOW,34.75271,-77.38277
NONCD0002421,"ROHR CHEMICAL, INC.",694 SHERIDAN FORREST RD.,GOLDSBORO,WAYNE,35.33328,-77.94612
NONCD0002423,ROUNTREE PLANTATION GARDEN CENTER,517 ROUNTREE ROAD,CHARLOTTE,MECKLENBURG,35.1712,-80.88196
NONCD0002424,ROWLAND WELL,1703 DANIEL STREET,KANNAPOLIS,ROWAN,35.508925,-80.650246
NONCD0002427,ROYSTER-CLARK FERTILIZER FACILITY,3210 TAYLORSVILLE HIGHWAY,STATESVILLE,IREDELL,35.79668,-80.93705
NONCD0002428,"RUDD RESIDENCE, GEORGE",1263 N. NC 87,ELON COLLEGE,ALAMANCE,36.139152,-79.496947
NONCD0002431,RUS,3775 INDUSTRIAL DR.,WINSTON-SALEM,FORSYTH,36.14959,-80.24081
NONCD0002433,"RYERSON FACILITY, FORMER",5435 HOVIS ROAD,CHARLOTTE,MECKLENBURG,35.27687,-80.89877
NONCD0002434,S&W CHEMICAL - SOLVENTS,OLD US 70A,CONOVER,CATAWBA,35.718285,-81.235613
NONCD0002435,MY FAVORITE MARTIN TRUCK ACCIDENT,US 221 S RT OF WAY,MARION,MCDOWELL,35.91469,-81.93896
NONCD0002437,SALEM ELECTRIC,801 BETHESDA ROAD,WINSTON-SALEM,FORSYTH,36.082616,-80.295513
NONCD0002438,SALEM UNIFORM SERVICES FACILITY,4015 NORTH CHERRY STREET,WINSTON-SALEM,FORSYTH,36.141409,-80.263713
NONCD0002439,SALVAGE BUILDING MATERIALS - SOLVENT,920 N. LIBERTY STREET,WINSTON-SALEM,FORSYTH,36.10585,-80.24066
NONCD0002440,SAM'S MART #788,3101 SUMMIT AVE.,GREENSBORO,GUILFORD,36.11359,-79.7654
NONCD0002442,SANDERSON NISSAN-NONUST,3475 MYER LEE DRIVE,WINSTON-SALEM,FORSYTH,36.11106,-80.16955
NONCD0002443,SANDS & COMPANY - SOLVENTS,3112 NORTHWEST BOULEVARD,GASTONIA,GASTON,35.278207,-81.220327
NONCD0002444,SANFATEX,HIGHWAY 211,RED SPRINGS,ROBESON,34.83445,-79.18186
NONCD0002445,SANTARO HOT MIX ASPHALT PLANT,INTERSECTION OF NC HIGHWAY 66,KERNERSVILLE,FORSYTH,36.02442,-80.05682
NONCD0002446,SAPONA MILLS,311 EAST ROSE STREET,SANFORD,LEE,35.47359,-79.16439
NONCD0002447,SAUCEDO PROP. / NCDOT SITE #69,US HWY. 701,NEWTON GROVE,JOHNSTON,35.331388,-78.361111
NONCD0002448,SBI FACILITY,121 EAST TRYON RD,RALEIGH,WAKE,35.73458,-78.636257
NONCD0002455,STATON ROAD SOLVENT CONTAMINATION,STATON RD,GREENVILLE,PITT,35.65425,-77.35993
NONCD0002456,SEARS 8075 SOLVENTS,11407 GRANITE ST,CHARLOTTE,MECKLENBURG,35.11307,-80.92799
NONCD0002457,SHERFIELD RD WELLS,SHEFIELD ROAD,COLFAX,GUILFORD,36.110995,-80.017115
NONCD0002459,SERVCO GASTONIA - SOLVENTS,1612 WEST FRANKLIN BOULEVARD,GASTONIA,GASTON,35.26043,-81.211404
NONCD0002460,SERVCO STATION (FORMER),520 N CANNON BLVD,KANNAPOLIS,CABARRUS,35.501579,-80.608479
NONCD0002461,SEVEN LAKES WELL # 3,NC 211,SEVEN LAKES,MOORE,35.26313,-79.58476
NONCD0002464,SHELBY ROAD PCE SITE,1505 SHELBY RD,KINGS MOUNTAIN,CLEVELAND,35.239387,-81.376004
NONCD0002465,SHELBY WILLIAMS - STATESVILLE PLANT,401 MEACHAM ROAD,STATESVILLE,IREDELL,35.79279,-80.92375
NONCD0002466,SHIELDS MOBILE HOME PARK,1341HWY 87 NORTH,ELON COLLEGE,ALAMANCE,36.141757,-79.497315
NONCD0002469,WR BOYD INVESTMENTS,90 HOWELL MILL RD,WAYNESVILLE,HAYWOOD,35.50212,-82.98703
NONCD0002471,NAPLES ASHEVILLE HWY PCE,US 25 & I 26,NAPLES,HENDERSON,35.39734,-82.50681
NONCD0002472,SIDES RESIDENCE,336 FIELDING ROAD,CHARLOTTE,MECKLENBURG,35.295277,-80.941872
NONCD0002473,SIERRA PROPERTY,725 S. ELM STREET,GREENSBORO,GUILFORD,36.064165,-79.790672
NONCD0002474,"SINK PROPERTY, CHARLES",VANCE STREET,NORTH WILKESBORO,WILKES,36.16027,-81.13694
NONCD0002475,SIRCHIE FINGERPRINT LAB,5831 TRIANGLE DR,RALEIGH,WAKE,35.897365,-78.744421
NONCD0002478,"SMITH RESIDENCE, LUCY",215 STAGECOACH TRAIL,GREENSBORO,GUILFORD,36.08133,-79.91309
NONCD0002479,RAILYARD PARKING LOT,120 BARNHARDT ST,GREENSBORO,GUILFORD,36.066559,-79.791929
NONCD0002481,SMITHS DRY CLEANERS #2,225 GORDON AVENUE,STATESVILLE,IREDELL,35.78702,-80.888658
NONCD0002482,PIRICZKY/PRICE SERVICE STATION,8287 HWY 306 S,ARAPAHOE,PAMLICO,35.023203,-76.824858
NONCD0002483,SMOKY MOUNTAIN MACHINE,80 MCINTOSH RD.,ASHEVILLE,BUNCOMBE,35.54661,-82.60789
NONCD0002486,"SNYDER RESIDENCE, ROY",3142NEW CUT RD.,LEXINGTON,DAVIDSON,35.73795,-80.12463
NONCD0002489,"SOUTH ATLANTIC SERVICES, INC",3527 HWY 421 N,WILMINGTON,NEW HANOVER,34.29148,-77.97199
NONCD0002490,NATIONAL FLEET SUPPLY,6613 STATESVILLE RD,CHARLOTTE,MECKLENBURG,35.31217,-80.83935
NONCD0002492,SOUTH SEA RATTAN - FAIRFAX ROAD,1702 & 1708 FAIRFAX ROAD,GREENSBORO,GUILFORD,36.045653,-79.873548
NONCD0002493,SOUTHAMPTON RAQUET CLUB,2813 KENDRICK ROAD,GASTONIA,GASTON,35.211611,-81.123654
NONCD0002497,SOUTHERN CAST,801 PECAN AVENUE,CHARLOTTE,MECKLENBURG,35.2175,-80.815277
NONCD0002498,SOUTHERN GRAPHICS SYSTEMS,2406 N. 23RD STREET,WILMINGTON,NEW HANOVER,34.2646,-77.9191
NONCD0002499,KILL DEVIL HILLS AMOCO,US 158 & EDEN ST,KILL DEVIL HILLS,DARE,36.0440226,-75.6786739
NONCD0002500,SOUTHERN METALS - SOLVENTS,2200 DONALD ROSS ROAD,CHARLOTTE,MECKLENBURG,35.220277,-80.893055
NONCD0002501,SOUTHERN PLASTICS ENGINEERING,4643 N.HWY 29,GREENSBORO,GUILFORD,36.1609,-79.7236
NONCD0002503,"PADGETT PROPERTIES, LLC",2043 LEJEUNE BLVD,JACKSONVILLE,ONSLOW,34.742,-77.36873
NONCD0002506,PAWLEY DRIVE CONTAMINATION,312 PAWLEY DRIVE,CHARLOTTE,MECKLENBURG,35.30032,-80.984
NONCD0002510,SOUTHSIDE HOME & GARDEN,NC HWY 33 E,CHOCOWINITY,BEAUFORT,35.50591,-77.08883
NONCD0002511,SOUTH BRUNSWICK MIDDLE SCHOOL,100 COUGAR DRIVE,SOUTHPORT,BRUNSWICK,34.00773,-78.04977
NONCD0002512,SPANCO INDUSTRIES,1604 BOON TRAIL RD.,SANFORD,LEE,35.50857,-79.20912
NONCD0002515,BOYETTE PROPERTY,403 FOREST HILLS RD,WILSON,WILSON,35.75081,-77.93877
NONCD0002516,SPECTRUM DYED YARNS,422 15TH STREET SW,HICKORY,CATAWBA,35.72702,-81.366057
NONCD0002520,SPEIZMAN PROPERTY,4801 SILABERT AVENUE,CHARLOTTE,MECKLENBURG,35.19069,-80.78316
NONCD0002522,JIFFY MART,1801 N RALEIGH ST,ROCKY MOUNT,EDGECOMBE,35.945667,-77.764339
NONCD0002527,SQUARE D - CATCH BASIN,1809 AIRPORT RD,MONROE,UNION,35.02819,-80.62173
NONCD0002528,ST WOOTEN ASPHALT /P-27,SR 1301 (GREEN POND RD.),SIMS,WILSON,35.767222,-78.058888
NONCD0002529,BASSETT FURNITURE-WEIMAN PLANT,1603 LEONARD ST,RAMSEUR,RANDOLPH,35.73571,-79.65731
NONCD0002531,STANLEY FASTENING,2903 LEE AVE,SANFORD,LEE,35.44943,-79.1433
NONCD0002532,"STAPLES, L.P.",105 RAGSDALE RD.,JAMESTOWN,GUILFORD,35.99096,-79.93854
NONCD0002533,STAR AMERICA INC - MT PLEASANT,8455 NC HWY 49N,MT. PLEASANT,CABARRUS,35.41097,-80.43445
NONCD0002534,STARMOUNT CO-GREEN VALLEY RD,702-800 GREEN VALLEY RD,GREENSBORO,GUILFORD,36.09138,-79.81833
NONCD0002535,STARNES MOBILE HOME,2111 31ST AVE DR NE,HICKORY,CATAWBA,35.769893,-81.289995
NONCD0002536,STATE ROAD GROCERY,1930 US 21,STATE ROAD,SURRY,36.337967,-80.882755
NONCD0002540,STEELE CREEK AND SAM NEELY RDS,STEELE CREEK & SAM NEELY RDS,CHARLOTTE,MECKLENBURG,35.12437,-80.97838
NONCD0002542,STEVENS CLEANERS,IONA AND MAIN STREET,FAIRMONT,ROBESON,34.496512,-79.113352
NONCD0002543,STEVECOKNIT FABRICS COMPANY,601 WILMINGTON ROAD,WALLACE,DUPLIN,34.7325,-77.987222
NONCD0002546,STOCK BUILDING SUPPLY,1701 NORTH SALEM STREET,APEX,WAKE,35.750662,-78.846683
NONCD0002550,NCDOT MARINE BLVD & US 17,MARINE BLVD & US 17,JACKSONVILLE,ONSLOW,34.77149,-77.39853
NONCD0002551,STONECUTTER MILLS CORPORATION,300 DALLAS STREET,SPINDALE,RUTHERFORD,35.361066,-81.932895
NONCD0002552,"USA DUTCH, INC.",3604 SOUTHERN DR,EFLAND,ORANGE,36.078767,-79.17398
NONCD0002553,STONEVILLE FURNITURE COMPANY,525 SOUTH HENRY STREET,STONEVILLE,ROCKINGHAM,36.462633,-79.907276
NONCD0002555,WHITEVILLE BUMPER & GLASS (FORMER),824 JEFFERSON ST,WHITEVILLE,COLUMBUS,34.338892,-78.684398
NONCD0002558,319 S WEST ST DEVELOPMENT,319 WEST ST,RALEIGH,WAKE,35.77661,-78.64583
NONCD0002560,SUNOCO #4-1475 - SOLVENTS,1138 N TRYON STREET,CHARLOTTE,MECKLENBURG,35.23583,-80.83083
NONCD0002561,SUNOCO BULK TERMINAL,RIVER ROAD,WILMINGTON,NEW HANOVER,34.18976,-77.95151
NONCD0002562,SUNSHINE MFG - PCE,HIGHWAY 52 SOUTH,ROCKWELL,ROWAN,35.548988,-80.392981
NONCD0002563,SUPERIOR INK COMPANY,4820 ROZZELLS FERRY ROAD,CHARLOTTE,MECKLENBURG,35.27378,-80.88992
NONCD0002564,ALLENS FARM SUPPLY,511 N 3RD ST,WILMINGTON,NEW HANOVER,34.24186,-77.94708
NONCD0002568,SWARTZ & SONS (SMITH METAL & IRON W,W. 3RD AND CEDAR,CHARLOTTE,MECKLENBURG,35.23081,-80.85389
NONCD0002569,"ARVIN MERITOR, INC",1000 ROCKWELL DR,FLETCHER,HENDERSON,35.41238,-82.51475
NONCD0002570,SWEETWATER MHP & BOBBY TAYLOR OIL COMPAN,SWEETWATER DRIVE,FAYETTEVILLE,CUMBERLAND,35.12188,-78.88209
NONCD0002571,"SYKES RESIDENCE, RONNIE",1456 GANT ROAD,GRAHAM,ALAMANCE,36.055364,-79.413344
NONCD0002574,MONROE RD PCE CONTAMINATION,4102 MONROE ROAD,CHARLOTTE,MECKLENBURG,35.19638,-80.79089
NONCD0002575,TAKEDA - BASF,101 VITAMIN DRIVE,WILMINGTON,NEW HANOVER,34.33388,-78.00753
NONCD0002576,CASWELL CENTER RESEARCH FARM,2415 W VERNON AVE,KINSTON,LENOIR,35.27928,-77.61406
NONCD0002579,TALON ZIPPER FACILITY (FORMER),500 HOVIS ROAD,STANLEY,GASTON,35.36763,-81.10653
NONCD0002582,TAU VALLEY APARTMENTS,237 WINSTEAD AVENUE,ROCKY MOUNT,NASH,35.96095,-77.84822
NONCD0002583,TAYLOR SALT & CHEMICAL 2,3915 GLENWOOD DRIVE,CHARLOTTE,MECKLENBURG,35.249686,-80.886682
NONCD0002584,LYNX LIGHT RAIL LINE/CHARLOTTE TRANSP,210 E TRADE ST,CHARLOTTE,MECKLENBURG,35.22484,-80.84162
NONCD0002585,TEMCO (FORMER VENTRA),2711 WILKINSON BLVD,CHARLOTTE,MECKLENBURG,35.22297,-80.88675
NONCD0002587,TEXTILE PIECE DYEING,"HIGHWAY 321, NORTH BYPASS",LINCOLNTON,LINCOLN,35.483637,-81.246024
NONCD0002588,THE STORE - SILOAM,3069 SILOAM ROAD,SILOAM,SURRY,36.286322,-80.562266
NONCD0002589,THIRD AND CHURCH STREET,THIRD AND CHURCH STREET,CHARLOTTE,MECKLENBURG,35.22627,-80.84654
NONCD0002590,THOMAS BUILT BUSES - NONUST,412-RI RIDGEWAY PLACE,HIGH POINT,GUILFORD,35.939945,-80.02135
NONCD0002591,THOMAS CONCRETE,3701 N GRAHAM STREET,CHARLOTTE,MECKLENBURG,35.2675,-80.81558
NONCD0002592,THOMASVILLE FURNITURE-WINSTON SALEM,1201 NORTH PATTERSON AVENUE,WINSTON-SALEM,FORSYTH,36.10917,-80.24077
NONCD0002593,"RJS/STS, LLC PROPERTY-PARCEL 32",1320 S GRAHAM ST,CHARLOTTE,MECKLENBURG,35.22184,-80.85932
NONCD0002596,THONET PROPERTY #2,WISE STREET AND MEETING STREET,STATESVILLE,IREDELL,35.775555,-80.885555
NONCD0002597,BURLINGTON INDUSTRIES,1181 OLD CAROLEEN RD,FOREST CITY,RUTHERFORD,35.31578,-81.82118
NONCD0002599,TICAR CHEMICAL CO,PO BOX 4205,ASHEVILLE,BUNCOMBE,35.52095,-82.60526
NONCD0002600,"TILLETT CHEMICAL, INC.",316 COLLEGE STREET,PINEVILLE,MECKLENBURG,35.08668,-80.89029
NONCD0002602,HONEYWELL INTERNATIONAL,1845 WITHERS RD,MAIDEN,CATAWBA,35.56944,-81.19028
NONCD0002603,TIMKEN US CORP.,1510 HIGHWAY 221 SOUTH,RUTHERFORDTON,RUTHERFORD,35.31466,-81.93066
NONCD0002608,"TOMMY POLLARD PROPERTY, PARCEL 901",INTERSECTION OF HWY. 24 & 53,JACKSONVILLE,ONSLOW,34.75586,-77.48186
NONCD0002609,TOMMYS AUTOMOTIVE - SOLVENTS,6000 THE PLAZA,CHARLOTTE,MECKLENBURG,35.24837,-80.75392
NONCD0002611,TOWN CENTER PROJECT,20101 N MAIN ST,CORNELIUS,MECKLENBURG,35.48256,-80.85855
NONCD0002612,TOWN OF CAROLINA BEACH,406 S. DOW ROAD,CAROLINA BEACH,NEW HANOVER,34.03399,-77.90864
NONCD0002616,PEACH ORCHARD LANE,PEACH ORCHARD LN & HARDER ST,SALISBURY,ROWAN,35.62115,-80.52987
NONCD0002617,TRACY LIPE,31 KINGWOOD HILLS DR.,FLETCHER,HENDERSON,35.36972,-82.46638
NONCD0002618,TRADEMART ASSOC UNITED PROP,500 BLOCK S COLLEGE STREET,CHARLOTTE,MECKLENBURG,35.223611,-80.846388
NONCD0002620,TRANE SERVICE FIRST,4500 MORRIS FIELD DRIVE,CHARLOTTE,MECKLENBURG,35.21944,-80.91808
NONCD0002621,TRANSAMERICA MEDICAL BUILDING,158 MCCLEAN ROAD,BREVARD,TRANSYLVANIA,35.24277,-82.73066
NONCD0002622,MOCK JUDSON VOEHRINGER MILL,2610 OAKLAND AVE,GREENSBORO,GUILFORD,36.06202,-79.83474
NONCD0002623,RED APPLE MARKETS #40 (FMR),925 E MEMORIAL DR,AHOSKIE,HERTFORD,36.2769,-76.97932
NONCD0002624,DODSON EXTERMINATORS/US CELLULAR,2861 RICHLANDS HWY,JACKSONVILLE,ONSLOW,34.75483,-77.46544
NONCD0002626,ROBERTS ST ORGANICS,109 ROBERTS ST,ASHEVILLE,BUNCOMBE,35.58702,-82.56721
NONCD0002627,TRIANGLE FURNITURE STRIPPING,1221 & 1179 W NC 54 HWY,DURHAM,DURHAM,35.91828,-78.96106
NONCD0002628,TRIANGLE MACHINE & ELECTRONICS,705 N.MAIN STREET,KERNERSVILLE,FORSYTH,36.12896,-80.0619
NONCD0002629,TRIANGLE RESEARCH & DEVELOPMEN,2602 S ELM ST,RALEIGH,WAKE,35.8625,-78.710277
NONCD0002632,WHITE SWANS RENTALS,204 E MARKET ST,ELKIN,SURRY,36.24494,-80.84861
NONCD0002633,TRINITY AMERICAN CORP.,5275 GLENOLA IND. DR,GLENOLA,RANDOLPH,35.8689,-79.90685
NONCD0002634,"CAMDEN, KINGSTON, & PARK SOLVENTS",W KINGSTON AVE & CAMDEN RD,CHARLOTTE,MECKLENBURG,35.21476,-80.85792
NONCD0002635,TROUTMAN PULPWOOD #2,116 WHITE MILL RD,STATESVILLE,IREDELL,35.7625,-80.883611
NONCD0002639,"TUSCARORA YARNS, INC.",8760 E. FRANKLIN ST.,MT. PLEASANT,CABARRUS,35.396746,-80.42972
NONCD0002640,POWELL'S POINT REST STOP (FRMR),8364 CARATOKE HWY,POWELLS POINT,CURRITUCK,36.120773,-75.833267
NONCD0002645,UNIFIRST,1821 DAWSON STREET,WILMINGTON,NEW HANOVER,34.2263,-77.9241
NONCD0002646,UNIFIRST CORPORATION (FRMR TEXTILEASE),800 SOUTH JOHN STREET,GOLDSBORO,WAYNE,35.37162,-77.99934
NONCD0002647,UNION ROAD,122 FAIRSTONE ROAD,GASTONIA,GASTON,35.185652,-81.147394
NONCD0002648,UNITED CHEMI-CON - NONUST,185 MCNEIL RD.,LANSING,ASHE,36.480123,-81.504536
NONCD0002649,UNITED ENGRAVING,320 MEACHAM ROAD,STATESVILLE,IREDELL,35.79153,-80.92256
NONCD0002650,WHITNEY ENTERPRISES,814 MIDLAND TERRACE,DURHAM,DURHAM,36.005779,-78.860809
NONCD0002651,"UNITED SCREEN PRINTERS, INC.",BROWNS HILL ROAD,LOCUST,STANLY,35.245061,-80.457304
NONCD0002652,UNITED TECHNOLOGIES AUTOMOTIVE,511 HAY ST.,MOUNT AIRY,SURRY,36.509322,-80.617284
NONCD0002654,UNIVERSAL STAINLESS,10801 NATIONS FORD ROAD,PINEVILLE,MECKLENBURG,35.11416,-80.91
NONCD0002655,UNIVERSITY SQUARE,830 WEST MARKET STREET,GREENSBORO,GUILFORD,36.07319,-79.80097
NONCD0002656,UNOCAL - GOODRICH,12040 GOODRICH DRIVE,CHARLOTTE,MECKLENBURG,35.12534,-80.96502
NONCD0002657,US AIRWAYS MAINTENANCE FACILITY,5020 HANGAR ROAD,CHARLOTTE,MECKLENBURG,35.205827,-80.944756
NONCD0002658,US AIRWAYS MAINTENANCE HANGAR-B,815 RADAR ROAD,GREENSBORO,GUILFORD,36.097719,-79.930202
NONCD0002666,CARQUEST RETAIL FACILITY,5307 W MARKET ST,GREENSBORO,GUILFORD,36.07065,-79.88341
NONCD0002667,VALSPAR MIRROR COATINGS,3125 SPRING GARDEN STREET,GREENSBORO,GUILFORD,36.06026,-79.84683
NONCD0002668,VANN CROSSROADS,ROANOKE AND CHURCH ROADS,CLINTON,SAMPSON,35.17453,-78.39925
NONCD0002669,STEPHENS TIRE FIRE,6721 CLARENDON CHADBOURN RD,CHADBOURN,COLUMBUS,34.2789,-78.8339
NONCD0002670,VEMCO MUSIC-LAKE LYNN,3542 GILLESPIE STREET,FAYETTEVILLE,CUMBERLAND,34.983118,-78.906702
NONCD0002673,ENVIRONETICS BURN SITE,ASHBURY CHURCH RD,IRONTON,LINCOLN,35.48344,-81.15551
NONCD0002674,VIRGINIA CAROLINA FREIGHT LINES #2,710 CALVERT STREET,CHARLOTTE,MECKLENBURG,35.23073,-80.86138
NONCD0002675,VIRKLER CO. PLANT,1022 PRESSLEY ROAD,CHARLOTTE,MECKLENBURG,35.19208,-80.89348
NONCD0002676,"VITAFOAM, INC.",2222 SURRETT DRIVE,HIGH POINT,RANDOLPH,35.91707,-80.00072
NONCD0002679,VULCAN MATERIALS,P.O. BOX 156,ENKA,BUNCOMBE,35.54413,-82.66952
NONCD0002681,"WOOD TREATERS, INC",224 SAW DUST RD,ROCKY POINT,PENDER,34.43095,-77.8861
NONCD0002683,W.E. GARRISON COMPANY,5820 FAYETTEVILLE ROAD,RALEIGH,WAKE,35.69954,-78.67173
NONCD0002684,W.L. AUTO SERVICE,129 MONTLIEU AVENUE,GREENSBORO,GUILFORD,36.069926,-79.885798
NONCD0002685,WAGRAM INTENTIONAL DUMP,OFF 401,WAGRAM,SCOTLAND,34.911858,-79.366128
NONCD0002686,WAHLRAB RESIDENCE,3040 SHAMROCK DRIVE,CHARLOTTE,MECKLENBURG,35.2357,-80.77379
NONCD0002688,WAKE COUNTY HOMELESS SHELTER(MONTGOMERY,1420 S. WILMINGTON STREET,RALEIGH,WAKE,35.76219,-78.64025
NONCD0002689,WAKE COUNTY SCHOOLS-NOBLE ROAD FORMER MA,503 NOBLE ROAD,RALEIGH,WAKE,35.813333,-78.631666
NONCD0002690,WALDON ROAD,WALDON ROAD & KIKER ROAD,CHARLOTTE,MECKLENBURG,35.273958,-80.95675
NONCD0002691,"DIAMONDBACK PRODUCTS, INC",40 W 12TH AVE,LEXINGTON,DAVIDSON,35.81514,-80.26862
NONCD0002692,"WALNUT COVE, TOWN OF/PUBLIC SUPPLY WELL",MAIN STREET,WALNUT COVE,STOKES,36.29837,-80.141926
NONCD0002693,"WAND, JOSEPH PROPERTY",2501 ENGLEWOOD DRIVE,DURHAM,DURHAM,36.01586,-78.9331
NONCD0002694,WAR MEMORIAL STADIUM,510 YANCEYVILLE STREET,GREENSBORO,GUILFORD,36.07907,-79.77785
NONCD0002696,WARLICKS GROCERY,2673 PLATEAU ROAD,VALE,LINCOLN,35.53633,-81.37512
NONCD0002697,WARREN ROAD,WARREN ROAD - NEAR CHAR-DOUG A,CHARLOTTE,MECKLENBURG,35.21332,-80.956914
NONCD0002698,WASHINGTON STREET INCIDENTS,"918, 920, 926 WASHINGTON STREE",GRAHAM,ALAMANCE,36.08183,-79.4088
NONCD0002700,WATSON TRANSPORT WELL,4127 KINGS MOUNTAIN HIGHWAY,BESSEMER CITY,GASTON,35.254793,-81.266458
NONCD0002702,WELLMAN FIBER INDUSTRIES,HWY 53,CEDAR CREEK,CUMBERLAND,34.984928,-78.786553
NONCD0002705,WEST LIDDELL ST,235 WEST LIDDELL STREET,CHARLOTTE,MECKLENBURG,35.236891,-80.833935
NONCD0002708,WESTINGHOUSE & CORDAGE,WESTINGHOUSE BV & CORDAGE ST V,CHARLOTTE,MECKLENBURG,35.12094,-80.93293
NONCD0002709,WESTOVER SHOPPING CENTER,1506 - 1550 WEST BOULEVARD,CHARLOTTE,MECKLENBURG,35.216666,-80.883333
NONCD0002711,WESTPOINT STEVENS,AIRPORT ROAD,WAGRAM,SCOTLAND,34.8391,-79.3733
NONCD0002712,WESTRIDGE VILLAGE SHP CTR/CLEAN CLEAN,120 S WINSTEAD AVE,ROCKY MOUNT,NASH,35.962312,-77.850238
NONCD0002717,WHITINSVILLE SPINNING RING COMPANY,148 BOXWOOD LANE,GASTONIA,GASTON,35.281666,-81.181944
NONCD0002719,"WILBORN PROPERTY, GARFIELD","2366 RED, WHITE AND BLUE ROAD",ROARING RIVER,WILKES,36.180962,-80.989151
NONCD0002721,"WILDER FARM, GAIL",3343 WEST RIVER RD,FRANKLINTON,FRANKLIN,36.12221,-78.40698
NONCD0002722,WILDWOOD LOOP,133 - 137 WILDWOOD LOOP,STATESVILLE,IREDELL,35.8375,-80.84877
NONCD0002724,WILGROVE EXPRESS - SOLVENTS,10102 ALBEMARLE ROAD,CHARLOTTE,MECKLENBURG,35.20866,-80.67283
NONCD0002725,WILGROVE MOBILE HOME PARK,ALBEMARLE RD,CHARLOTTE,MECKLENBURG,35.20816,-80.66861
NONCD0002728,"WILLIAMS, E. W. FACILITY",8200 AND 8250 FAYETTEVILLE RD,RALEIGH,WAKE,35.66277,-78.70277
NONCD0002733,PERTH ROAD PCE SITE,1156 PERTH RD,TROUTMAN,IREDELL,35.66651,-80.89391
NONCD0002734,WILMINGTON FERTILIZER COMPANY,1702 NORTH 6TH STREET,WILMINGTON,NEW HANOVER,34.257222,-77.942777
NONCD0002735,WILMINGTON RESOURCES,2200 US HWY 421 N,WILMINGTON,NEW HANOVER,34.26488,-77.95263
NONCD0002736,WILMINGTON SHIPYARD (FORMER),1500 POINT HARBOR RD.,WILMINGTON,NEW HANOVER,34.251111,-77.955555
NONCD0002737,CAYUGA ST & N LIBERTY ST PCE,4212 N GLENN AVE,WINSTON-SALEM,FORSYTH,36.14755,-80.22581
NONCD0002738,WILSON PEST CONTROL,401 WEST END BOULEVARD,WINSTON-SALEM,FORSYTH,36.103238,-80.258638
NONCD0002740,WILSON TECH-FIRE TRAINING,2315 WHITLEY RD,WILSON,WILSON,35.72988,-77.88096
NONCD0002742,PARKWAY CHEVROLET (FRMR),205 SMOKEY PARK HWY,ASHEVILLE,BUNCOMBE,35.56422,-82.63101
NONCD0002748,RAIL ROAD FRICTION PRODUCTS,13601 AIRPORT RD,MAXTON,SCOTLAND,34.762758,-79.367521
NONCD0002749,WISCASSETT MILLS,233 MONTGOMERY AVENUE,ALBEMARLE,STANLY,35.356646,-80.195898
NONCD0002753,WOODLAWN CENTER PROPERTY,1600 WOODLAWN ROAD,CHARLOTTE,MECKLENBURG,35.1716,-80.84888
NONCD0002754,WOODLEAF ROAD SOLVENT SITE,2021 WOODLEAF ROAD,SALISBURY,ROWAN,35.694849,-80.514367
NONCD0002755,WOODS SERVICE STATION - FORMER,108 W. WASHINGTON STREET,LA GRANGE,LENOIR,35.305779,-77.789834
NONCD0002756,WOODWARD NITRATES,19714 STOUGH FARM ROAD,CORNELIUS,MECKLENBURG,35.48009,-80.90659
NONCD0002757,IDLEWILD RD CARBON TETRACHLORIDE,13101 IDLEWILD RD,MINT HILL,MECKLENBURG,35.13788,-80.68282
NONCD0002759,WORKMAN PROPERTY,1361-1375 NORTH CHURCH STREET,BURLINGTON,ALAMANCE,36.09683,-79.41493
NONCD0002760,WORTH CHEMICAL,818 TUCKASEEGEE ROAD,CHARLOTTE,MECKLENBURG,35.237316,-80.8706
NONCD0002765,DUDLEY PRODUCTS,1080 OLD GREENSBORO RD,KERNERSVILLE,FORSYTH,36.10992,-80.05137
NONCD0002766,WRIGHT OF THOMASVILLE - NONUST,SR 1619,THOMASVILLE,RANDOLPH,35.893055,-80.041666
NONCD0002770,YADKIN BRICK COMPANY,44266 MOSS LANE,NEW LONDON,STANLY,35.4502,-80.156382
NONCD0002771,YELLOW FREIGHT SYSTEM 3,11001 REAMES ROAD,CHARLOTTE,MECKLENBURG,35.347222,-80.833611
NONCD0002772,YOCO RENTAL PROPERTY,110 QUAKER ROAD,MT. AIRY,SURRY,36.511757,-80.569945
NONCD0002773,ZEMA CORP.,6514 CHAPEL HILL RD.,RALEIGH,WAKE,35.790277,-78.7375
NONCD0002776,CSX-ROSINDALE,7 MI. EAST OF CLARKTON,CLARKTON,BLADEN,34.43454,-78.50459
NONCD0002777,APAC-GOLDSBORO ASPHALT PLANT,2421 ARRINGTON BRIDGE RD,GOLDSBORO,WAYNE,35.288,-77.9547
NONCD0002778,SHELBY FARMERS MARKET,200 W WARREN ST,SHELBY,CLEVELAND,35.29125,-81.5423
NONCD0002779,APAC-CASTLE HAYNE ASPHALT PLANT,4909 N COLLEGE RD,CASTLE HAYNE,NEW HANOVER,34.3419,-77.8969
NONCD0002781,ADAMS PAINTING SERVICE,722 WELLINGTON AVE,WILMINGTON,NEW HANOVER,34.19503,-77.93239
NONCD0002782,NELLO TEER-CAMDEN AVE,1435 CAMDEN AVE,DURHAM,DURHAM,36.01699,-78.87519
NONCD0002785,BROYHILL/FURNITURE BRANDS,409 4TH ST PLACE SE,CONOVER,CATAWBA,35.70307,-81.21897
NONCD0002787,"TRAVIS KNITS, INC (AKA MOHICAN MILLS)",1515 WEST ACADEMY ST,CHERRYVILLE,GASTON,35.36986,-81.40083
NONCD0002790,RIVERS JUNKYARD,5501 DOGWOOD ST,WINNABOW,BRUNSWICK,34.1245,-78.137
NONCD0002791,THE TRIBUNE,214 E MAIN ST,ELKIN,SURRY,36.24445,-80.84923
NONCD0002792,MARSHALLBERG BOAT YARD,1290 & 1295 MARSHALLBERG RD,MARSHALLBERG,CARTERET,34.72051,-76.51976
NONCD0002793,H&S OIL COMPNAY,5280 HIGHT POINT RD,KERNERSVILLE,FORSYTH,36.01883,-80.05967
NONCD0002795,RD PATE ESTATE,101 E MAIN ST,PIKEVILLE,WAYNE,35.49733,-77.98308
NONCD0002796,BRENNTAG SOUTHEAST,11750 FRUEHAUF DR,CHARLOTTE,MECKLENBURG,35.12539,-80.96082
NONCD0002797,KOCH NORTH PARAXYLENE,3225 RIVER RD,WILMINGTON,NEW HANOVER,34.1894,-77.9491
NONCD0002798,TOWN AND COUNTRY CLEANERS,617 WASHINGTON ST,WILLIAMSTON,MARTIN,35.84607,-77.06006
NONCD0002799,WRIGHTSVILLE AVE,2501-2509 WRIGHTSVILLE AVE,WILMINGTON,NEW HANOVER,34.226706,-77.914264
NONCD0002800,SPRINGS ROAD 76,2048 12TH AVE NE,HICKORY,CATAWBA,35.74309,-81.29762
NONCD0002801,SWANNANOA DJJDP PROPERTY,WOODLAND DR,SWANNANOA,BUNCOMBE,35.61917,-82.37661
NONCD0002802,NEWLAND PESTICIDES SITE,1339 NEWLAND HWY,NEWLAND,AVERY,36.07623,-81.91635
NONCD0002804,PETRO EXPRESS #31,131 TURNERSBURG HWY (HWY21),STATESVILLE,IREDELL,35.80961,-80.87594
NONCD0002805,CITY OF CHARLOTTE-SCALEYBARK SITE,3610 SOUTH BLVD & CLANTON RD,CHARLOTTE,MECKLENBURG,35.19356,-80.87471
NONCD0002806,CHILDRESS DRY CLEANING/GREYLYN BUS PK,9101 MONROE RD,CHARLOTTE,MECKLENBURG,35.14743,-80.744
NONCD0002807,MORNINGSIDE VILLAGE APTS,1418/1420 IRIS DR,CHARLOTTE,MECKLENBURG,35.21798,-80.80178
NONCD0002809,HIGH POINT ENTERPRISE,210 CHURCH AVE,HIGH POINT,GUILFORD,35.95953,-80.01115
NONCD0002811,PERFECT IMAGE (THE),1907 3RD AVENUE DR NW,HICKORY,CATAWBA,35.73982,-81.35864
NONCD0002812,RANDALLS FERRY RD SUPPLY WELLS,17586 RANDALLS FERRY RD,NORWOOD,STANLY,35.26181,-80.10104
NONCD0002813,OLD MOUNTAIN RD WATER SUPPLY WELLS,OLD MOUNTAIN RD & N MAIN ST,TROUTMAN,IREDELL,35.7129,-80.90012
NONCD0002814,HANCOCK COUNTRY HAMS,3484 NC HWY 22 N,FRANKLINVILLE,RANDOLPH,35.780278,-79.694444
NONCD0002815,CAROLINA CHEMICAL CORP (FORMER),6600 WARD BLVD,WILSON,WILSON,35.70812,-77.90947
NONCD0002816,RADCLIFFE MARINE (PRIVATEER BOATS),HWY 264 BYPASS N,BELHAVEN,BEAUFORT,35.553055,-76.626944
NONCD0002818,DUPONT-KENTEC,BRAXTON RD (SR 1802),GRIFTON,LENOIR,35.34332,-77.46632
NONCD0002820,MELATEX INC (FORMER MELODY CHEMICALS),3818 NORTHMORE ST,CHARLOTTE,MECKLENBURG,35.24889,-80.79222
NONCD0002821,COMPLETE AUTO CENTER,909 CAPITAL BLVD,RALEIGH,WAKE,35.79441,-78.64168
NONCD0002822,GRAY & CREECH (FRMR),8024 GLENWOOD AVE,RALEIGH,WAKE,35.87422,-78.72681
NONCD0002823,STOGNER RESIDENCE,8500 FLOWE'S ST,CONCORD,CABARRUS,35.29954,-80.55755
NONCD0002824,DUKE ENERGY-ALLEN STEAM,253 PLANT ALLEN RD,BELMONT,GASTON,35.18819,-81.01127
NONCD0002825,ROBERT EXPRESS,606 LENOIR RHYNE BLVD,HICKORY,CATAWBA,35.72505,-81.32202
NONCD0002826,HAMILTON STREET PROPERTY-B,330 N HAMILTON ST,HIGH POINT,GUILFORD,35.96222,-80.00694
NONCD0002828,TP SHERWOOD LLC PROPERTY,2001 SHERWOOD ST,GREENSBORO,GUILFORD,36.065278,-79.82583
NONCD0002829,TWIN CITY INDUSTRIAL CENTER,800 CHATHAM RD,WINSTON-SALEM,FORSYTH,36.105368,-80.25459
NONCD0002830,"CSX RAILWAY, NORLINA TO LITTLETON",RR TRACK NORLINA TO LITTLETON,,WARREN,36.43581,-78.04515
NONCD0002832,HWY 177 TCE,1061 HWY 177,HAMLET,RICHMOND,34.930641,-79.638485
NONCD0002833,UMICORE CSM NA,17180 AIRPORT RD,MAXTON,SCOTLAND,34.803188,-79.36328
NONCD0002834,BURLINGTON INDUSTRIES,1000 TURNPIKE RD,RAEFORD,HOKE,34.987945,-79.243555
NONCD0002835,PRIME EQUIPMENT CO,1020 N FRONT ST,WILMINGTON,NEW HANOVER,34.24763,-77.94802
NONCD0002836,RABO CLEANERS,701 HOOKER RD,GREENVILLE,PITT,35.59149,-77.38922
NONCD0002837,B & C GROCERY,942 E HARDEN ST,GRAHAM,ALAMANCE,36.0602,-79.38011
NONCD0002838,WACCAMAW TRANSPORT (FORMER),1106 S 2ND ST,WILMINGTON,NEW HANOVER,34.22094,-77.94579
NONCD0002841,GOBLE WELL,444 MCGUIRE ST,GASTONIA,GASTON,35.2718,-81.21674
NONCD0002842,SOUTH COLLEGE RD PCP SPILL,145-147 S COLLEGE RD,WILMINGTON,NEW HANOVER,34.2404,-77.8701
NONCD0002845,CLAWSON RADIATOR (FORMER),108 WEST PARK RD,CHARLOTTE,MECKLENBURG,35.21505,-80.85731
NONCD0002846,HICKORY WIRE (AKA MOSER PROPERTY),1711 11TH AVE SW,HICKORY,CATAWBA,35.72039,-81.36998
NONCD0002850,BUSICK ROAD TCE,BUSICK RD,REIDSVILLE,ROCKINGHAM,36.32623,-79.61999
NONCD0002852,CLAYTON FARMS,1833 LOOP RD,CLAYTON,JOHNSTON,35.67656,-78.42426
NONCD0002853,EATON MANUFACTURING,1100 E PRESTON ST,SELMA,JOHNSTON,35.5253,-78.28336
NONCD0002854,FIBER DYNAMICS,200 SOUTH WEST POINT AVE,HIGH POINT,GUILFORD,35.94637,-80.01763
NONCD0002855,PATTERSON PROPERTY,900 JEFFERSON ST,ROANOKE RAPIDS,HALIFAX,36.45654,-77.65206
NONCD0002857,ABERDEEN FLORIST & GARDEN CENTER,500 S SANDHILLS BLVD,ABERDEEN,MOORE,35.127701,-79.433081
NONCD0002858,DURHAM PUBLIC SERVICE CO PROP (FORMER),309 BLACKWELL ST,DURHAM,DURHAM,35.9931,-78.90354
NONCD0002859,WILCO #301,3610 W WENDOVER AVE,GREENSBORO,GUILFORD,36.06048,-79.86989
NONCD0002860,BREVARD & 4TH STS CONTAMINATION,BREVARD AND 4TH STS,CHARLOTTE,MECKLENBURG,35.22327,-80.84134
NONCD0002863,BABY DIAPER SERVICE,1819 SPRING GARDEN ST,GREENSBORO,GUILFORD,36.06322,-79.82258
NONCD0002865,PIEDMONT TRIAD AIRPORT-AIR CARGO,6415 AIRPORT PKWY,GREENSBORO,GUILFORD,36.10797,-79.94248
NONCD0002866,OMC/BOMBARDIER,1 OMC DRIVE,BURNSVILLE,YANCEY,35.91531,-82.27684
NONCD0002867,ATKINSON ST CONTAMINATION,109 ATKINSON ST,HAMLET,RICHMOND,34.90692,-79.67698
NONCD0002868,STATESVILLE BLVD CONTAMINATION,2620 STATESVILLE BLVD,SALISBURY,ROWAN,35.7,-80.53489
NONCD0002869,NCDOT ASPHALT TESTING SITE #70,HWY 74,LUMBERTON,ROBESON,34.60987,-79.11849
NONCD0002870,RPM NISSAN,3930 CHAPEL HILL BLVD,DURHAM,DURHAM,35.97045,-78.95632
NONCD0002871,UNITED METAL FINISHING,133 BLUE BELL RD,GREENSBORO,GUILFORD,36.02814,-79.78996
NONCD0002872,"WALNUT COVE TIRE CENTER, INC",1293 US HWY 311,WALNUT COVE,STOKES,36.268277,-80.145136
NONCD0002873,NELLO TEER QUARRY-DENFIELD,5013 DENFIELD ST,DURHAM,DURHAM,36.06763,-78.89282
NONCD0002874,MOHAWK-KARASTAN,2007 DICKINSON AVE,GREENVILLE,PITT,35.600587,-77.390456
NONCD0002875,CONTEMPORARY ART MUSEUM,409 W MARTIN ST,RALEIGH,WAKE,35.77692,-78.64568
NONCD0002877,VIRGINIA AVE PCE CONTAMINATION,8TH ST & VIRGINIA AVE,BESSEMER CITY,GASTON,35.28329,-81.27511
NONCD0002878,ROBERTS ST HATCHERY,144 ROBERTS ST,ASHEVILLE,BUNCOMBE,35.58612,-82.56613
NONCD0002879,TAYLOR ROAD WELLS,801 TAYLOR RD,STONEVILLE,ROCKINGHAM,36.48462,-79.89008
NONCD0002880,PATCHES BODY SHOP,1903 E GREEN ST,HIGH POINT,GUILFORD,35.95347,-79.98374
NONCD0002881,ARDEE/TRANSLITE,639 WASHBURN SWITCH RD,SHELBY,CLEVELAND,35.31245,-81.60761
NONCD0002882,NEEDMORE GENERAL STORE,1921 BASS LAKE RD,FUQUAY-VARINA,WAKE,35.628151,-78.78024
NONCD0002883,BIDDLE STREET-1104,1104 BIDDLE ST,NEW BERN,CRAVEN,35.11579,-77.05443
NONCD0002884,KING'S SCOOTERS,501 N 3RD ST,WILMINGTON,NEW HANOVER,34.24145,-77.94703
NONCD0002885,ANNEDEEN HOSIERY BLDG,717 NORTH PARK AVE,BURLINGTON,ALAMANCE,36.10215,-79.4433
NONCD0002887,VOLVO CONSTRUCTION EQUIPMENT (FRMR),2169 HENDERSONVILLE RD,ASHEVILLE,BUNCOMBE,35.47989,-82.52847
NONCD0002890,YARDS AT NODA,400 E 33RD ST,CHARLOTTE,MECKLENBURG,35.24684,-80.81088
NONCD0002891,GOLDSBORO MILLING-MILL #1 & #2,938 MILLERS CHAPEL RD,GOLDSBORO,WAYNE,35.36271,-77.88808
NONCD0002892,MERCHANTS METALS (MMI PRODUCTS),165 FANJOY RD,STATESVILLE,IREDELL,35.76304,-80.8244
NONCD0002894,VFW ROAD CONTAMINATION,VFW ROAD,REIDSVILLE,ROCKINGHAM,36.38448,-79.6463
NONCD0002895,"UNITED SCRAP, INC.",3600 PRIMROSE AVE,CHARLOTTE,MECKLENBURG,35.22133,-80.90779
NONCD0002896,NC DOT BRIDGE #80,BLACK CRK & STATONSBURG RD BRG,FARMVILLE,PITT,35.62493,-77.59282
NONCD0002897,NC DOT BRIDGE #71,BUFFALO CRK & NC96 BRIDGE,SELMA,JOHNSTON,35.62015,-78.29144
NONCD0002898,WOODLEAF & RIDGE PCE,3150 WOODLEAF RD,SALISBURY,ROWAN,35.70948,-80.52531
NONCD0002899,STATELINE SCRAP METAL,5401 SOUTH YORK HWY,GASTONIA,GASTON,35.17417,-81.19542
NONCD0002902,R.L. STOWE MILLS (FRMR CHRONICLE MILLS),96 E CATAWBA ST,BELMONT,GASTON,35.24299,-81.03399
NONCD0002903,ENGINEERED CONTROLS INTERNATIONAL,1239 ROCK CREEK DAIRY RD,WHITSETT,GUILFORD,36.052835,-79.597785
NONCD0002904,ENGINEERED CONTROLS INTERNATIONAL,100 REGO DR,ELON,ALAMANCE,36.10163,-79.51694
NONCD0002906,BRIDGETON HARBOUR MARINA,1101 NORTH B ST,BRIDGETON,CRAVEN,35.1267,-77.02694
NONCD0002907,CHEM-TEX (FRMR) AKA CLASSIC COFFEE,1016 & 1024 MONTANA DR,CHARLOTTE,MECKLENBURG,35.26808,-80.86682
NONCD0002909,PLANTERS CHEMICAL,636 ROBESON ST,FAYETTEVILLE,CUMBERLAND,35.04381,-78.89566
NONCD0002911,ONE HOUR MARTINIZING,2519 HIGH POINT RD,GREENSBORO,GUILFORD,36.054186,-79.83141
NONCD0002912,PRIMROSE AVE PCE CONTAMINATION,2310 OLD STEELE CREEK RD,CHARLOTTE,MECKLENBURG,35.2197,-80.90582
NONCD0002913,WALLACE AIRPORT,250 HENDERSON FIELD RD,WALLACE,PENDER,34.71976,-78.00463
NONCD0002914,HERNDON CHAPEL CHURCH LANE,225&235 HERNDON CHAPEL CHURCH,LINCOLNTON,LINCOLN,35.45715,-81.24462
NONCD0002915,SUTTON PROPERTY,223 E WASHINGTON ST,LA GRANGE,LENOIR,35.30347,-77.78406
NONCD0002916,COASTAL LUMBER,1772 TRUEBLOOD RD,WELDON,HALIFAX,36.40205,-77.61077
NONCD0002917,LANE VENTURE PLANT 14,1405 DEBORAH HERMAN RD,CONOVER,CATAWBA,35.71403,-81.24924
NONCD0002919,ROCKY RIVER RD PCE,3501 N ROCKY RIVER RD,MONROE,UNION,35.05786,-80.59383
NONCD0002920,FCX CHEMICALS (FRMR),KLUMAC RD,SALISBURY,ROWAN,35.65386,-80.48928
NONCD0002921,CHINA GROVE TOWN MAINTENANCE AREA,618 SALISBURY ST,CHINA GROVE,ROWAN,35.5725,-80.57252
NONCD0002922,ANTIOCH FOOD MART,2940 NC 18,MORGANTON,BURKE,35.80966,-81.66166
NONCD0002923,"COOPER TOOLS, LLC",3012 MASON ST,MONROE,UNION,34.98986,-80.48935
NONCD0002924,US $2.50 CLEANERS,7558 HWY 73,DENVER,LINCOLN,35.44344,-80.99208
NONCD0002926,REICH ST PESTICDE-PAH CONTAMINATION,4000 BLOCK REICH ST,WINSTON-SALEM,FORSYTH,36.1385,-80.25888
NONCD0002927,SELLERS SERVICE STATION,7202 DALLAS CHERRYVILLE HWY,CHERRYVILLE,GASTON,35.37375,-81.33417
NONCD0002928,SKYWAY DR PCE,1012 SKYWAY DR,MONROE,UNION,34.9899,-80.54846
NONCD0002929,BRUMLEY AVE NE & CHUCH ST N,BRUMLEY AVE NE & CHURCH ST N,CONCORD,CABARRUS,35.41198,-80.58079
NONCD0002930,ALABAMA AVE PCE,ALABAMA AVE & 11TH ST,BESSEMER CITY,GASTON,35.2828,-81.28312
NONCD0002932,WIX FILTRATION CORP-OZARK PLANT,1301 OZARK AVE,GASTONIA,GASTON,35.26946,-81.16366
NONCD0002933,FAIRCHILD RD SOLVENT-BOWEN BRANCH,1105 FAIRCHILD RD,WINSTON-SALEM,FORSYTH,36.1312,-80.22831
NONCD0002934,BANCROFT ST GROUNDWATER CONTAMINATION,1906 BANCROFT ST,CHARLOTTE,MECKLENBURG,35.24473,-80.82717
NONCD0002935,SPATCO FACILITY,1680 LOWRY ST,WINSTON-SALEM,FORSYTH,36.09351,-80.22215
NONCD0002936,CONCRETE SUPPLY COMPANY,115 AQUADALE DR,ALBERMARLE,STANLY,35.34104,-80.19877
NONCD0002937,I-40 INDUSTRIAL PARK,1640 LOWERY ST,WINSTON-SALEM,FORSYTH,36.09361,-80.22497
NONCD0002941,GRANDE AVE PCE,GRANDE AVE & DICKINSON AVE,GREENVILLE,PITT,35.60733,-77.37999
NONCD0002943,POOLE ROAD PCE,POOLE RD,RALEIGH,WAKE,35.75457,-78.51552
NONCD0002944,PANTRY 385,3420 WICKER ST,SANFORD,LEE,35.47128,-79.21985
NONCD0002945,HANESBRANDS INDUSTRIAL FACILITY,700 SOUTH STRATFORD RD,WINSTON-SALEM,FORSYTH,36.08491,-80.29271
NONCD0002946,APEX VILLAGE,500-610 WILLIAMS ST,APEX,WAKE,35.72389,-78.84764
NONCD0002948,GREEN CROSS DRY CLEANERS,9101 MONROE RD; STE 100,CHARLOTTE,MECKLENBURG,35.147571,-80.744297
NONCD0002949,SCOTLAND COUNTY PRISON (FRMR),22600 WAGRAM RD,WAGRAM,SCOTLAND,34.86889,-79.38494
NONCD0002950,UNIMIN CRYSTAL PLANT,136 CRYSTAL DR,SPRUCE PINE,MITCHELL,35.89775,-82.06137
NONCD0002951,MUDDY WATERS PROPERTY,105 & 125 BATTLESHIP RD,WILMINGTON,NEW HANOVER,34.23324,-77.95242
NONCD0002952,ET'S QUICK STOP,5703 NC HWY 96 WEST,YOUNGSVILLE,FRANKLIN,36.044719,-78.502816
NONCD0002953,CORNELL DUBLIER ELECTRONICS (FRMR),118 E JONES ST,FUQUA-VARINA,WAKE,35.58617,-78.79885
NONCD0002954,WATTS INDUSTRIES,100 WATTS RD,SPINDALE,RUTHERFORD,35.35106,-81.91256
NONCD0002955,ANDREWS AVE SOLVENT RELEASE,172 S ANDREWS AVE,HOT SPRINGS,MADISON,35.8874,-82.82668
NONCD0002956,FIE TOP ROAD SALT SITE,FIE TOP RD,MAGGIE VALLEY,HAYWOOD,35.551143,-83.093779
NONCD0002958,ELIZABETH CITY SHIPYARD,722 RIVERSIDE AVE,ELIZABETH CITY,PASQUOTANK,36.2959,-76.21384
NONCD0002959,MARVE ST TCE CONTAMINATION,908 MARVE ST,GASTONIA,GASTON,35.24927,-81.22796
NONCD0002960,EASTWAY DRIVE & THE PLAZA SOLVENTS,EASTWAY DR & THE PLAZA,CHARLOTTE,MECKLENBURG,35.24927,-80.78074
NONCD0002961,CARTER COIN LAUNDRY & CLEANERS,1018 N 3RD ST,WILMINGTON,NEW HANOVER,34.24797,-77.94724
NONCD0002962,JEFF FOUNTAIN TIRE SALES & SERVICE,4400 OLEANDER DR,WILMINGTON,NEW HANOVER,34.21026,-77.88945
NONCD0002963,CARTER LUMBER,747 OLD HARGRAVE RD,LEXINGTON,DAVIDSON,35.78687,-80.30961
NONCD0002964,1400 BLOCK S MAIN ST SOLVENTS,1400 BLOCK S MAIN ST,WINSTON-SALEM,FORSYTH,36.07849,-80.2403
NONCD0002965,CLASSIC TOYOTA,4513 CHAPEL HILL RD,DURHAM,DURHAM,35.961305,-78.974653
NONCD0002966,HOMETOWN CONVENIENCE L610,8830 E FRANKLIN ST,MT PLEASANT,CABARRUS,35.39671,-80.43195
NONCD0002967,PARRISH PROPERTY-DESOTO TRAIL,3370 BRYSON CITY RD,FRANKLIN,MACON,35.221039,-83.397702
NONCD0002968,TOWN OF EDENTON STREET DEPT,120 W HICKS ST,EDENTON,CHOWAN,36.067639,-76.608306
NONCD0002969,CAPITAL INN,1625 CAPITAL BLVD,RALEIGH,WAKE,35.80211,-78.62181
NONCD0002970,ELLA MILL,1012 S WASHINGTON ST,SHELBY,CLEVELAND,35.27628,-81.54222
NONCD0002971,NEW LEICESTER HWY PCE CONTAMINATION,3161 NEW LEICESTER HWY,LEICESTER,BUNCOMBE,35.658765,-82.72533
NONCD0002972,TRIUMPH ACTUATION SYSTEMS,4520 HAMPTON RD,CLEMMONS,FORSYTH,36.00217,-80.37247
NONCD0002973,TONYS AUTOMOTIVE,2396 N GARNETT ST,HENDERSON,VANCE,36.34964,-78.37933
NONCD0002974,EAST 27TH ST METALS CONTAMINATION,740 E 27TH ST,WINSTON-SALEM,FORSYTH,36.12275,-80.23595
NONCD0002976,PARKWOOD STATION,1721 N CALDWELL ST,CHARLOTTE,MECKLENBURG,35.23681,-80.8215
NONCD0002977,RESINALL CORPORATION,302 WATER ST,SEVERN,NORTHAMPTON,36.51854,-77.18763
NONCD0002979,PRICE-SMITH PROPERTY,6116 HICKORY CREEK RD,HIGH POINT,GUILFORD,35.938235,-79.885465
NONCD0002980,WARREN CLEANERS,127 CHURCH LANE,KENERSVILLE,FORSYTH,36.11985,-80.07198
NONCD0002981,TRI POINT-CAROLINA FREIGHTLINER,3500 YONKERS RD,RALEIGH,WAKE,35.79464,-78.58619
NONCD0002982,TURKEY ROAD PCE,TURKEY RD,KANNAPOLIS,CABARRUS,35.49805,-80.55876
NONCD0002983,WOODLAWN ST-180 BLOCK SOLVENTS,180 BLOCK WOODLAWN ST,BELMONT,GASTON,35.26896,-81.04604
NONCD0002984,HWY 70 W 1100 BLOCK SOLVENTS,US HWY 70 WEST,GARNER,WAKE,35.718846,-78.6368
NONCD0002985,TOTAL AUTO REPAIR & SERVICE,325 ROSMAN HWY,BREVARD,TRANSYLVANIA,35.22301,-82.74115
NONCD0002986,PARKS SUZUKI/PARKS HOLDINGS,2307 & 2309 N MAIN ST,HIGH POINT,GUILFORD,35.98565,-80.02526
NONCD0002987,CMI DRUM CLEANING AREA,200 BLANKET LANE,ELKIN,SURRY,36.250261,-80.84305
NONCD0002988,PEMBROKE FARM HOME & GARDEN,302 W 3RD ST,PEMBROKE,ROBESON,34.681813,-79.195872
NONCD0002989,ANTIQUE WAREHOUSE,1302 AND 1308 W GATE CITY BLVD,GREENSBORO,GUILFORD,36.062933,-79.812272
NONCD0002990,CROWN ACURA,3908 W WENDOVER AVE,GREENSBORO,GUILFORD,36.060611,-79.879043
NONCD0002991,QUARLES PETROLEUM-WEST CRAIGHEAD RD,1509 W CRAIGHEAD RD,CHARLOTTE,MECKLENBURG,35.269411,-80.813217
NONCD0002993,PARKS BLDG SUPPLY/TERMINEX,OWEN DR & ENTERPRISE AVE,FAYETTEVILLE,CUMBERLAND,35.02243,-78.91994
NONCD0002994,CLARKSON STREET CONTAMINATION,908 S CLARKSON ST,CHARLOTTE,MECKLENBURG,35.22749,-80.85843
NONCD0002995,JOHNS MANVILLE LDFL,SKYWAY CHURCH RD,MAXTON,SCOTLAND,34.762357,-79.363264
NONCD0002996,DICEY MILLS,430 NEISLER ST,SHELBY,CLEVELAND,35.28891,-81.5676
NONCD0002997,VANDER SOUTH 115KV SUBSTN,711 JOHN B CARTER RD,FAYETTEVILLE,CUMBERLAND,35.01979,-78.78561
NONCD0002998,WICKER ST NAPHTHALENE,229 WICKER ST,SANFORD,LEE,35.47858,-79.17851
NONCD0002999,PARRIS & N MAIN ST SOLVENTS,2300 BLOCK N MAIN STREET,HIGH POINT,GUILFORD,35.98591,-80.02451
NONCD0003000,REIDSVILLE MCDONALD'S,665 S SCALES ST,REIDSVILLE,ROCKINGHAM,36.35297,-79.66407
NONCD0003001,SMOKEY HOLLOW,WEST AND PEACE STREETS,RALEIGH,WAKE,35.78802,-78.64502
NONCD0003002,DELBURG STREET SOLVENTS,DELBURG ST 200-300 BLOCK,DAVIDSON,MECKLENBURG,35.504069,-80.8486356
NONCD0003003,GATE CITY MOTOR COMPANY,300 N CHURCH ST,GREENSBORO,GUILFORD,36.076087,-79.786294
NONCD0003004,SOUTH GASTON RESIDENTIAL WELL,4804 HEMPHILL RD,GASTONIA,GASTON,35.198635,-81.188568
NONCD0003005,PHILEMON AVE SITE,E CRAIGHEAD RD & PHILEMON AVE,CHARLOTTE,MECKLENBURG,35.25258,-80.80127
NONCD0003006,STORAGE MAX VI,1932 WAKE FOREST RD,RALEIGH,WAKE,35.80705,-78.6243
NONCD0003007,BRAGG BLVD SOLVENTS,BRAGG BLVD,FAYETTEVILLE,CUMBERLAND,35.09627,-78.95569
NONCD0003008,RIVERSIDE DRIVE CONTAMINATION,RIVERSIDE DR,WOODFIN,BUNCOMBE,35.62611,-82.60036
NONCD0003009,A&H CLEANERS,4515 BRAGG BLVD,FAYETTEVILLE,CUMBERLAND,35.08626,-78.95121
NONCD0003010,TRIANGLE RENT-A-CAR,5401 HILLSBOROUGH ST,RALEIGH,WAKE,35.79041,-78.71576
NONCD0003011,DAVIS ACRES LANE,DAVIS ACRES LANE,WINSTON-SALEM,FORSYTH,36.16915,-80.33506
NONCD0003012,"CHADBOURN GOTHAM, INC",JORDAN PL & DAVIDSON ST,CHARLOTTE,MECKLENBURG,35.2435,-80.81298
NONCD0003013,BURK ST SOLVENTS,1020 BURK ST,WINSTON-SALEM,FORSYTH,36.09515,-80.2579
NONCD0003014,CITY OF RALEIGH VEHICLE MAINT.,901 CAPITAL BLVD,RALEIGH,WAKE,35.79351,-78.64209
NONCD0003017,WINNER CHEVROLET,6246 NC 11 SOUTH,AYDEN,PITT,35.47959,-77.43454
NONCD0003018,SOUTH BLOUNT STREET SOLVENTS,S BLOUNT & S PERSON STS,RALEIGH,WAKE,35.77476,-78.6356
NONCD0003020,OLD CHARLOTTE HWY PCE 3600 BLOCK,3600 BLOCK OLD CHARLOTTE HWY,MONROE,UNION,35.027,-80.6025
NONCD0003021,AYDEN DIESEL,3890 JOLLY RD,AYDEN,PITT,35.48898,-77.4287
NONCD0003022,AMETHYST RIDGE DRIVE SOLVENTS,AMETHYST RIDGE DR,RALEIGH,WAKE,35.82407,-78.49847
NONCD0003024,MOLPUS WOODLANDS PLANE CRASH SITE,TOWN CREEK RD,LELAND,BRUNSWICK,34.184817,-78.202578
NONCD0003025,WORLD WOOD PRODUCTS,12045 OLD HWY 70 W,COVE CITY,CRAVEN,35.19743,-77.36875
NONCD0003026,HARRIS & ROGERS TOBACCO SALES,PITT ST,GREENVILLE,PITT,35.61013,-77.37611
NONCD0003028,MARTEL MILL,1990 RIVERSIDE DR,ASHEVILLE,BUNCOMBE,35.63551,-82.59883
NONCD0003029,BLOCK 42,500 N COLLEGE ST,CHARLOTTE,MECKLENBURG,35.22918,-80.83695
NONCD0003030,EAST-WEST CAPITAL,217 COXE AVE,ASHEVILLE,BUNCOMBE,35.58990833,-82.555
NONCD0003031,KINSTON SHIRT FACTORY,501 E CASWELL ST,KINSTON,LENOIR,35.25947,-77.57347
NONCD0003032,SOUTH TRENTON STREET SOLVENTS,SOUTH TRENTON STREET,GASTONIA,GASTON,35.26298,-81.19266
NONCD0003034,NORFOLK SOUTHERN INTERMODAL,325 PARKWOOD AVE,CHARLOTTE,MECKLENBURG,35.2354,-80.82617
NONCD0003035,CAROLINA ASBESTOS CORP,301 DEPOT ST,DAVIDSON,MECKLENBURG,35.50046,-80.850473
NONCD0003036,HOLCOMBE HERBICIDE FIRE,1717 NC HWY 581,PIKEVILLE,WAYNE,35.47803,-78.05692
NONCD0003037,PARRISH TIRE,547 WINSTON ROAD,JONESVILLE,YADKIN,36.240897,-80.833714
NONCD0003038,AVERETTE ROAD SOLVENTS,900 AVERETTE ROAD,WAKE FOREST,WAKE,35.94863,-78.45447
NONCD0003039,MODERN INFINITI,1500 PETERS CREEK PKWY,WINSTON-SALEM,FORSYTH,36.072158,-80.259028
NONCD0003040,GOODYEAR 2056,2088 STONE ROSE DRIVE,ROCKY MOUNT,NASH,35.95948,-77.82122
NONCD0003041,MODERN GARBAGE SERVICE,4102 W WENDOVER,GREENSBORO,GUILFORD,36.06018,-79.88422
NONCD0003042,BALFOUR BP,1553 N FAYETTEVILLE ST,ASHEBORO,RANDOLPH,35.73942,-79.80867
NONCD0003044,PERFECTION DRY CLEANER & LAUNDRY,1423 E 4TH ST,CHARLOTTE,MECKLENBURG,35.21433,-80.82905
NONCD0003045,STERLING COTTON MILL,106 E GREEN ST,FRANKLINTON,FRANKLIN,36.09989,-78.4569
NONCD0003046,MOYOCK MUSCLE,CARATOKE HWY,MOYOCK,CURRITUCK,36.53269,-76.18375
NONCD0003047,MOUNT HOLLY STEAM STATION (FRMR),599 AMERICAN ST,MOUNT HOLLY,GASTON,35.29079,-81.00955
NONCD0003049,NCDOT-1301 BLUE RIDGE RD,1301 BLUE RIDGE RD,RALEIGH,WAKE,35.79869,-78.70859
NONCD0003050,VALLEY MOTORS,3203 BRAGG BLVD,FAYETTEVILLE,CUMBERLAND,35.075579,-78.932532
NONCD0003051,SWAIM METALS,414 BERKLEY ST,HIGH POINT,RANDOLPH,35.92005,-80.04071
NONCD0003052,TOWNSEND & MCCRARY,1101 AND 1200 E THIRD ST,SILER CITY,CHATHAM,35.73039,-79.44881
NONCD0003053,FLYNT FABRICS MILL,202 S NASH ST,HILLSBOROUGH,ORANGE,36.07323,-79.11195
NONCD0003054,BROMMA INC,2285 DURHAM RD,ROXBORO,PERSON,36.36357,-78.98187
NONCD0003055,UNX PROPERTY,200 W 9TH ST,GREENVILLE,PITT,35.60784,-77.37513
NONCD0003056,BRADLEY ST SOLVENTS,704 BRADLEY ST,BURLINGTON,ALAMANCE,36.07022,-79.43129
NONCD0003058,ARLINGTON STREET CONTAMINATION,1109 ARLINGTON ST,GREENSBORO,GUILFORD,36.05712,-79.78974
NONCD0003059,EAST LINCOLN FIRE STATION (FRMR),7654 NC HWY 73,STANLEY,LINCOLN,35.21691,-80.78717
NONCD0003060,CORNELIUS ARTS CENTER,21328 - 21348 CATAWBA AVE,CORNELIUS,MECKLENBURG,35.48139,-80.86059
NONCD0003061,URETHANE INNOVATORS INC,403 INDUSTRIAL DR,NEW BERN,CRAVEN,35.140917,-77.157119
NONCD0003062,SEPRO RESEARCH AND TECH CAMPUS,16013 WATSON SEED FARM RD,WHITAKERS,NASH,36.12398,-77.73541
NONCD0003063,MCNEILS GROCERY,2237 OLD US HWY 1,APEX,WAKE,35.698695,-78.89902
NONCD0003064,EXXON WOOSTER ST FRMR,315 WOOSTER ST,WILMINGTON,NEW HANOVER,34.225787,-77.944508
NONCD0003065,PANTRY 219,1413 BROADWAY,SANFORD,LEE,35.45984,-79.11093
NONCD0003066,YADKIN RD CIRCLE K,6489 YADKIN RD,FAYETTEVILLE,CUMBERLAND,35.105118,-78.995182
NONCD0003067,LEITH CHRYSLER JEEP,5500 CAPITAL BLVD,RALEIGH,WAKE,35.86075,-78.57925
NONCD0003068,EXXON GAS STATION FRMR,51 MERRIMON AVE,ASHEVILLE,BUNCOMBE,35.600836,-82.553348
NONCD0003069,KALE BINDEX INC,HAWKINS AND DOGGETT STREETS,CHARLOTTE,MECKLENBURG,35.21137,-80.86149
NONCD0003070,MCDOWELL ST SOLVENTS,3 MCDOWELL ST,ASHEVILLE,BUNCOMBE,35.58458,-82.55587
NONCD0003073,BOB KING PONTIAC,5115 NEW CENTRE DR,WILMINGTON,NEW HANOVER,34.23867,-77.87464
NONCD0003074,R AND R CLEANERS,3601 S TRYON ST,CHARLOTTE,MECKLENBURG,35.19394,-80.87815
NONCD0003075,BEATTIES FORD RD PCE CONTAMINATION,BEATTIES FORD RD,CHARLOTTE,MECKLENBURG,35.32199,-80.86551
NONCD0003076,NORTH LIBERTY ST SOLVENTS 1100 BLK,1100 BLK NORTH LIBERTY ST,WINSTON-SALEM,FORSYTH,36.10852,-80.23624
NONCD0003077,PHOENIX 308 TRAVEL CENTER,13493 NC HWY 210,ROCKY POINT,PENDER,34.439803,-77.877335
NONCD0003078,NORTH PATTERSON AVE SOLVENTS 3500 BLK,3591 N PATTERSON AVE,WINSTON-SALEM,FORSYTH,36.13572,-80.24241
NONCD0003079,KINDER MORGAN SELMA SPILL,2200 W OAK ST,SELMA,JOHNSTON,35.552929,-78.305503
NONCD0003080,CAROLINA PINES AVE CONTAMINATION,405 CAROLINA PINES AVE,RALEIGH,WAKE,35.74866,-78.65022
NONCD0003082,SIMPSON STRONG TIE_FRMR,809 SOUNDSIDE RD,EDENTON,CHOWAN,36.01787,-76.5636
NONCD0003083,NORTH GRAHAM ST SOLVENTS,4227 N GRAHAM ST,CHARLOTTE,MECKLENBURG,35.27358,-80.81224
NONCD0003084,LELAND AUTO SALVAGE,142 AND 150 S NAVASSA RD,LELAND,BRUNSWICK,34.242602,-78.001347
NONCD0003085,COCA COLA SANFORD,1605 HAWKINS AVE,SANFORD,LEE,35.501756,-79.179962
NONCD0003086,ASHEVILLE TANNERY,339 OLD LYMAN STREET,ASHEVILLE,BUNCOMBE,35.576556,-82.565934
NONCD0003087,MAIN ST SOLVENT CONTAMINATION_500 BLOCK,510 TO 520 S MAIN STREET,HENDERSONVILLE,HENDERSON,35.308438,-82.458509
NONCD0003088,MARKET ST GROUNDWATER PCE CONTAMINATION,7984 MARKET ST,WILMINGTON,NEW HANOVER,34.291574,-77.798559
NONCD0003089,WEST 7TH ST PCE CONTAMINATION,310 WEST 7TH STREET,WINSTON-SALEM,FORSYTH,36.102732,-80.248588
NONCD0003090,WEST MOREHEAD II PCE IN GROUNDWATER,2100 TO 2200 W MOREHEAD ST,CHARLOTTE,MECKLENBURG,35.225633,-80.875131
NONCD0003091,NORTH MERRITT MILL RD PCE CONTAMINATION,N MERRITT MILL RD AND W FRANKL,CHAPEL HILL,ORANGE,35.910012,-79.064804
NONCD0003092,CHESTNUT AVE SOIL CONTAMINATION,203 CHESTNUT AVE,KANNAPOLIS,CABARRUS,35.498653,-80.628203
NONCD0003093,WEST MOREHEAD TCE IN GROUNDWATER,1300 W MOREHEAD ST,CHARLOTTE,MECKLENBURG,35.229368,-80.862561
NONCD0003094,MINT ST TCE CONTAMINATION,1500 BLOCK S MINT ST,CHARLOTTE,MECKLENBURG,35.218674,-80.861083
NONCD0003095,NC HWY 86 METALS CONTAMINATION,1908 TO 2032 NC HWY 86,HILLSBOROUGH,ORANGE,36.055995,-79.078111
NONCD0003096,HUNT ST CHROMIUM CONTAMINATION,214 AND 216 HUNT ST,DURHAM,DURHAM,36.000195,-78.900465
NONCD0003097,CFI READY MIX_FRMR,306 E MCNEIL ST,LILLINGTON,HARNETT,35.3919,-78.81365
NONCD0003099,BASF,7308 ROUSE RD,HOLLY SPRINGS,WAKE,35.60651,-78.8451
NONCD0003100,HILLTOP RD CONTAMINATION,5801 HILLTOP RD,RALEIGH,WAKE,35.70216,-78.64367
NONCD0003101,CORBETT FARMING FACILITY,2501 BLUE CLAY RD,WILMINGTON,NEW HANOVER,34.28499,-77.91389
NONCD0003103,COMMONWEALTH AVENUE DRY CLEANERS,1809 COMMONWEALTH AVE,CHARLOTTE,MECKLENBURG,35.21889,-80.81392
NONCD0003104,LEE AVE PCE CONTAMINATION,2820 LEE AVE,SANFORD,LEE,35.451749,-79.14702
NONCD0003106,SIXTEENTH ST PCE_TCE,1400 16TH ST NE,HICKORY,CATAWBA,35.747117,-81.302798
NONCD0003107,RIGSBEE AVE CR IN SOIL,730 AND 723 RIGSBEE AVENUE; 62,DURHAM,DURHAM,36.003247,-78.900766
NONCD0003108,NC HWY 54 CONTAMINATION,4001 AND 4151 EAST NC HWY 54,DURHAM,DURHAM,35.88901,-78.846198
NONCD0003109,MONROE RD VOCS,3412 MONROE RD,CHARLOTTE,MECKLENBURG,35.201153,-80.799681
NONCD0003110,GREENSBORO ST TCE,4101 GREENSBORO ST.,CHARLOTTE,MECKLENBURG,35.254902,-80.795909
NONCD0003111,WEST TREMONT CONTAMINATION,511 AND 527 WEST TREMONT AVE,CHARLOTTE,MECKLENBURG,35.210442,-80.868966
NONCD0003112,EW GODWIN PROPERTY,1233 CASTLE HAYNE RD,WILMINGTON,NEW HANOVER,34.261596,-77.938716
NONCD0003113,3C PACKAGING,1000 CC DRIVE,CLAYTON,JOHNSTON,35.67202,-78.49463
NONCD0003114,DL ROGERS CORP,1814 NEUSE BLVD,NEW BERN,CRAVEN,35.111289,-77.064486
NONCD0003115,BREWERS REPAIR SHOP,8325 NC HWY 705,EAGLE SPRINGS,MOORE,35.372558,-79.593427
NONCD0003116,HART FURNITURE CO,420 E 3RD ST,SILER CITY,CHATHAM,35.726765,-79.459165
NONCD0003117,DENBUR DRIVE PCE,DENBUR DRIVE,CHARLOTTE,MECKLENBURG,35.23027,-80.67365
NONCD0003118,MR TIRE,421 S FISHER ST,BURLINGTON,ALAMANCE,36.093384,-79.442284
NONCD0003119,FORWARD HIGH POINT PROPERTY,720 N MAIN ST,HIGH POINT,GUILFORD,35.96333,-80.010278
NONCD0003120,NEUWIRTH MOTORS,219 S COLLEGE RD,WILMINGTON,NEW HANOVER,34.23921,-77.869906
NONCD0003121,BSC HOLDINGS,GUILFORD COLLEGE RD,JAMESTOWN,GUILFORD,36.04611,-79.924167
NONCD0003123,EAST MEADOW ROAD PCP,863 EAST MEADOW RD,EDEN,ROCKINGHAM,36.515731,-79.716381
NONCD0003124,N COLLEGE ST METALS IN GW,300 N COLLEGE ST,CHARLOTTE,MECKLENBURG,35.22781,-80.839128
NONCD0003125,SALISBURY STREET CONTAMINATION,616 SOUTH SALISBURY ST,RALEIGH,WAKE,35.772627,-78.640803
NONCD0003126,WILKINSON BLVD PCE,2601 AND 2613 WILKINSON BLVD,CHARLOTTE,MECKLENBURG,35.223176,-80.884757
NONCD0003127,HANOVER CENTER METALS,1301 INDEPENDENCE BLVD,WILMINGTON,NEW HANOVER,34.217647,-77.903647
NONCD0003128,TRYON STREET TCE,2321 SOUTH TRYON ST,CHARLOTTE,MECKLENBURG,35.20757,-80.867176
NONCD0003129,CENTRAL AVE METALS,1400 CENTRAL AVE,CHARLOTTE,MECKLENBURG,35.220261,-80.815312
NONCD0003130,ROBINSON TERRACE VOCS,810 ROBINSON TERRACE,HENDERSONVILLE,HENDERSON,35.324167,-82.454649
NONCD0003131,WILKINSON BLVD METALS,3015 WILKINSON BLVD,CHARLOTTE,MECKLENBURG,35.222903,-80.889657
NONCD0003132,VERMEER ALL ROADS,201 CROMPTON ST,CHARLOTTE,MECKLENBURG,35.1164,-80.91624
NONCD0003134,MONROE RD ORGANICS,4726 MONROE RD,CHARLOTTE,MECKLENBURG,35.19322,-80.7817
NONCD0003135,QUALITY CONCRETE,1587 WILMINGTON HWY,FAYETTEVILLE,CUMBERLAND,35.017554,-78.862967
NONCD0003137,ABC TOWING OF THE CAROLINAS,613 E SECOND ST,GASTONIA,GASTON,35.25984,-81.17288
NONCD0003139,RTC HILL BLDG,862 N RALEIGH ST,GREENSBORO,GUILFORD,36.0825,-79.75778
NONCD0003140,TRYON HILL DR SOLVENT CONTAMINATION,905 TRYON HILL DR,RALEIGH,WAKE,35.780834,-78.656699
NONCD0003141,LYMAN ST SOLVENT CONTAMINATION,175 LYMAN ST,ASHEVILLE,BUNCOMBE,35.583893,-82.566395
NONCD0003142,TRYON AND MATHESON PCE CONTAMINATION,110 MATHESON AVE,CHARLOTTE,MECKLENBURG,35.248469,-80.815836
NONCD0003143,HOVIS RD SOIL CONTAMINATION,5205 HOVIS RD,CHARLOTTE,MECKLENBURG,35.272168,-80.899879
NONCD0003144,ELM ST DCA CONTAMINATION,225 NORTH ELM ST,HIGH POINT,GUILFORD,35.958446,-80.009456
NONCD0003145,WEST CARSON GROUNDWATER CONTAMINATION,308 WEST CARSON BLVD,CHARLOTTE,MECKLENBURG,35.222157,-80.855367
NONCD0003146,EAST 36TH ST LEAD CONTAMINATION,430 E 36TH ST,CHARLOTTE,MECKLENBURG,35.2489,-80.806053
NONCD0003147,EAST MARTIN ST SOLVENT CONTAMINATION,215 SOUTH PERSON ST,RALEIGH,WAKE,35.77746,-78.634144
NONCD0003148,KIMWELL DR SOLVENT CONTAMINATION,3803 KIMWELL DR,WINSTON-SALEM,FORSYTH,36.046486,-80.32101
NONCD0003149,GALLANT MARITIME,293 W BEAUFORT RD EXT,BEAUFORT,CARTERET,34.72895,-76.66641
NONCD0003150,POWERSECURE MANUFACTURING INC,1410 COLTRANE MILL RD,RANDELMAN,RANDOLPH,35.911434,-79.851671
NONCD0003151,STEVENS PARK,W 9TH STREET AND MAPLE STREET,SOUTHPORT,BRUNSWICK,33.92703,-78.03465
NONCD0003152,SOUTHERN RESOURCES SCRAP METAL,3826 RALEIGH STREET,CHARLOTTE,MECKLENBURG,35.25228,-80.79805
NONCD0003153,FORMER CONOCO PHILLIPS 66,6000 GLENWOOD AVENUE,RALEIGH,WAKE,35.854658,-78.699798
NONCD0003154,NEBEL KNITTING,121 WEST BLVD,CHARLOTTE,MECKLENBURG,35.212678,-80.859937
NONCD0003155,KESLER MILL,423 N. MARTIN LUTHER KING JR A,SALISBURY,ROWAN,35.664595,-80.458186
NONCD0003156,ROSEMARY COMPLEX,1200 HENRY ST,ROANOKE RAPIDS,HALIFAX,36.454603,-77.662258
NONCD0003157,UNIVERSITY FORD,601 WILLARD ST,DURHAM,DURHAM,35.993769,-78.906496
NONCD0003158,BLAND STREET CONTAMINATION,322 W. BLAND ST,CHARLOTTE,MECKLENBURG,35.219927,-80.85758
NONCD0003159,SWEETEN CREEK ROAD CONTAMINATION,1140 SWEETEN CREEK RD,ASHEVILLE,BUNCOMBE,35.543074,-82.520964
NONCD0003160,BELTEX MILL,130 PERFORMANCE DR,BELMONT,GASTON,35.257709,-81.061318
NONCD0003161,WINONA STREET CONTAMINATION,131 WINONA ST,CHARLOTTE,MECKLENBURG,35.216909,-80.856426
NONCD0003162,JUDSON CHURCH ROAD TRUCK REPAIR,520 JUDSON CHURCH RD,FAYETTEVILLE,CUMBERLAND,35.00894,-78.816171
NONCD0003165,PERDUE AGRIBUSINESS - CHADBOURN,612 SOUTH BROWN ST,CHADBOURN,COLUMBUS,34.314032,-78.826886
NONCD0003166,ROBB PROPERTIES,1300-1318 CAPITAL BOULEVARD,RALEIGH,WAKE,35.79831,-78.63771
NONCD0003167,"CORMETECH, INC.",304 LINWOOD ROAD,KINGS MOUNTAIN,CLEVELAND,35.25105,-81.33539
NONCD0003168,FORMER UNION 76 STATION,6101 GLENWOOD AVENUE,RALEIGH,WAKE,35.855078,-78.702064
NONCD0003169,LAKEFILL ROAD CONTAMINATION,LAKEFILL RD,CHARLOTTE,MECKLENBURG,35.21193,-80.73851
NONCD0003170,ROZZELLES FERRY RD PCE,BUNGALOW & ROZZELLES FERRY RD,CHARLOTTE,MECKLENBURG,35.25091,-80.87067
NONCD0003171,SANITARY LAUNDRY,417 S MCDOWELL ST,RALEIGH,WAKE,35.774941,-78.641763
NONCD0003172,SHOWROOM PROPERTIES,S ELM ST & W RUSSELL AVE,HIGH POINT,GUILFORD,35.95227,-80.0068
NONCD0003173,HOOPERS CREEK ROAD VOCS,HOOPERS CREEK ROAD,FLETCHER,HENDERSON,35.4383,-82.46758
NONCD0003174,GRAHAM WWTP DISPOSAL AREA,1204 E GILBREATH ST,GRAHAM,ALAMANCE,36.049006,-79.371153
NONCD0003175,GUARDSMAN CHEMICALS INC,2147 BREVARD RD,HIGH POINT,GUILFORD,35.924607,-79.996722
NONCD0003176,COROLLA CATTLE DIP,1215 PONTON LN,COROLLA,CURRITUCK,36.384208,-75.833723
NONCD0003177,MT GILEAD COTTON OIL CO,299 INDUSTRY AVE,MOUNT GILEAD,MONTGOMERY,35.217847,-80.006535
NONCD0003178,LUDWIG MUSSER FACILITY,2804 & 2806 MASON ST,MONROE,UNION,34.986244,-80.49857
NONCD0003179,CRAYTON PRINTING,"2301, 2321, 2327 DISTRIBUTION",CHARLOTTE,MECKLENBURG,35.206626,-80.865876
NONCD0003180,WEBB METALS,1305 PHILADELPHIA CHURCH RD,DALLAS,GASTON,35.33973,-81.17139
NONCD0003181,THOMASVILLE PLANT B,310 FISHER FERRY ST,THOMASVILLE,DAVIDSON,35.87638,-80.084624
NONCD0003182,LIBERTY ST METALS,3305 N LIBERTY ST,WINSTON SALEM,FORSYTH,36.132191,-80.231072
NONCD0003183,ELIZABETH AVE PCE,1609 ELIZABETH AVE,CHARLOTTE,MECKLENBURG,35.213882,-80.826043
NONCD0003184,BANK ST TCE,3331 GRIFFITH ST,CHARLOTTE,MECKLENBURG,35.202277,-80.875232
NONCD0003185,AUTO TOP MANUFACTURING,1532 S TRYON ST,CHARLOTTE,MECKLENBURG,35.215616,-80.857542
NONCD0003186,W SOUTH ST TCE,601 W SOUTH ST,RALEIGH,WAKE,35.772094,-78.648581
NONCD0003187,KOURY ENTERPRISES COMPANY LLC,1029 WINSTON ST,GREENSBORO,GUILFORD,36.085761,-79.763047
NONCD0003188,RENFRO CORPORATION,611 LINVILLE ROAD,MOUNT AIRY,SURRY,36.51157,-80.59277
NONCD0003189,MOUNTAIN POINT LN PCE,MOUNTAIN POINT LN,CHARLOTTE,MECKLENBURG,35.34293,-80.92316
NONCD0003190,ATLANTIC AVE METALS,1110 ATLANTIC AVE,ROCKY MOUNT,EDGECOMBE,35.961769,-77.785492
NONCD0003192,CHINA GROVE INDUSTRIAL COMPLEX,308 E THOM ST,CHINA GROVE,ROWAN,35.55804,-80.58611
NONCD0003193,FARM CHEMICALS RAEFORD,2274 ST. PAULS HWY,RAEFORD,HOKE,34.956198,-79.193233
NONCD0003194,DURHAM MAIN SUBSTATION,947 WASHINGTON ST,DURHAM,DURHAM,36.00849,-78.90118
NONCD0003195,CENTRAL AVE PESTICIDES AND VOCS,3512 & 3534 CENTRAL AVE,CHARLOTTE,MECKLENBURG,35.215627,-80.784938
NONCD0003196,FAULKNERS GULF GREENSBORO,2910 WEST GATE BLVD,GREENSBORO,GUILFORD,36.050284,-79.834927
NONCD0003198,W MARTIN STREET TCE,313 W MARTIN ST,RALEIGH,WAKE,35.77701,-78.64432
NONCD0003199,BLYTHE BLVD HOSPITAL PROPERTY,1130 BLYTHE BLVD,CHARLOTTE,MECKLENBURG,35.20006,-80.83905
NONCD0003200,INDUSTRIAL DRIVE TCE,430 INDUSTRIAL DR,WENDELL,WAKE,35.78845,-78.3782
NONCD0003201,HENDERSON LAUNDRY,341 N CHESTNUT ST,HENDERSON,VANCE,36.331097,-78.401637
NONCD0003202,N ROXBORO ST PCE,5258 N ROXBORO ST,DURHAM,DURHAM,36.07495,-78.90882
NONCD0003203,ROAD WOLVES INC FERTILIZER SPILL,"MILE MARKER 11, I-40 EAST",I-40 EAST,HAYWOOD,35.698318,-83.045473
NONCD0003204,KINGSLEY DR METALS,2035 KINGSLEY DR,ALBEMARLE,STANLY,35.349919,-80.222788
NONCD0003205,EVERHART TIRE NON-UST,806 N MAIN ST,LEXINGTON,DAVIDSON,35.830767,-80.245393
NONCD0003206,ETHAN ALLEN WOODFIN,950 RIVERSIDE DR,WOODFIN,BUNCOMBE,35.623803,-82.578909
NONCD0003207,PENDER COUNTY ABC BOARD,HWY 117 S,BURGAW,PENDER,34.55355,-77.91319
NONCD0003208,FORMER PRESBYTERIAN HOME OF HIGH POINT,201 GREENSBORO ROAD,HIGH POINT,GUILFORD,35.982758,-79.976864
NONCD0003209,SOUTHSIDE DR TCE,101 AND 117 SOUTHSIDE DR,CHARLOTTE,MECKLENBURG,35.184971,-80.879416
NONCD0003210,ETNA 231,226 W HARRISON ST,REIDSVILLE,ROCKINGHAM,36.3553,-79.66358
NONCD0003211,NCDOT MAINT FACILITY CASHIERS NON-UST,150 US 64 W,CASHIERS,JACKSON,35.114477,-83.103549
NONCD0003212,CIRCLE K 2723303 - SOLVENTS,2506 S SAUNDERS ST,RALEIGH,WAKE,35.7497,-78.649585
NONCD0003214,SELKIRK RLTY: PHARR YARNS SPACE DYE PLNT,MAIN ST,MCADENVILLE,GASTON,35.260232,-81.076601
NONCD0003215,D&H DEHAII PROPERTY,1155 ENTERPRISE BLVD,KINSTON,LENOIR,35.266469,-77.66922
NONCD0003216,"SODA POP CENTER, LLC",5 N 12TH ST,WILMINGTON,NEW HANOVER,34.237226,-77.934527
NONCD0003217,POLK STREET CONTAMINATION,"311, 313, & 315 N POLK ST",PINEVILLE,MECKLENBURG,35.08738,-80.88818
NONCD0003218,GREENSBORO AIRPORT VICINITY PFAS,803 N TERMINAL SERVICE RD,GREENSBORO,GUILFORD,36.10789,-79.93146
NONCD0003219,SAWYER ROAD STOCKPILES - A,1451 SAWYER RD,RALEIGH,WAKE,35.760871,-78.62947
NONCD0003221,GUC OPERATIONS CENTER,801 MUMFORD RD,GREENVILLE,PITT,35.6300032,-77.363274
NONCD0003222,W CUMBERLAND ST PCE,1206 WEST CUMBERLAND ST,DUNN,HARNETT,35.314283,-78.622322
NONCD0003223,WEAVER FERTILIZER WINSTON-SALEM,4440 N CHERRY ST,WINSTON-SALEM,FORSYTH,36.149726,-80.26417
NONCD0003224,"CAROLINA HOSIERY MILLS, INC",220 ELMIRA ST,BURLINGTON,ALAMANCE,36.103202,-79.44522
NONCD0003226,SAWYER ROAD STOCKPILES - B,1421 SAWYER RD,RALEIGH,WAKE,35.762218,-78.629682
NONCD0003227,TRIANGLE CHEMICAL COMPANY,WASHINGTON ST & DIXIE DR,WILLIAMSTON,MARTIN,35.852561,-77.055775
NONCD0003229,NC-43 & CRESTVILLE BLVD PCE-TCE,502 SW GREENVILLE BLVD,GREENVILLE,PITT,35.57378,-77.39442
NONCD0003232,GURLEY MILL PRINCETON,120 S PINE ST,PRINCETON,JOHNSTON,35.465526,-78.161242
NONCD0003233,NORTHWEST BLVD WASTE OIL TANK,727 W NORTHWEST BLVD,WINSTON-SALEM,FORSYTH,36.106043,-80.254073
NONCD0003235,WEAVER FERTILIZER BROWNSBORO ROAD,4020 BROWNSBORO RD,WINSTON-SALEM,FORSYTH,36.14473,-80.26687
NONCD0003236,SPEEDWAY 6986,3912 WESTERN BLVD,RALEIGH,WAKE,35.784825,-78.691337
NONCD0003237,GOLDSBORO BULK PLANT,610 N JAMES ST,GOLDSBORO,WAYNE,35.390745,-77.9950121
NONCD0003238,STEELE COTTON MILL,1201 STEEL ST,LENOIR,CALDWELL,35.91015,-81.546146
NONCD0003239,CAROLINA CIVIC CENTER LUMBERTON,315 N CHESTNUT ST,LUMBERTON,ROBESON,34.619116,-79.007958
NONCD0003244,BLUE BELL MILL,1241 COLLEGE AVE SW,LENOIR,CALDWELL,35.908337,-81.545101
NONCD0003245,WEBBER AUTOMOTIVE,10624 OLD US HWY 52,WINSTON-SALEM,DAVIDSON,35.96221,-80.2198
NONCD0003246,SOUTHBANK BUILDING,400 WEST MAIN ST,DURHAM,DURHAM,35.99762,-78.90441
NONCD0003248,CLEVELAND MILLS,101 W MAIN ST,LAWNDALE,CLEVELAND,35.41163,-81.562391
NONCD0003249,N TRYON STREET VOCS,2231 N TRYON ST,CHARLOTTE,MECKLENBURG,35.245345,-80.819963
NONCD0003250,SWEETEN CREEK ROAD VOCS,130 SWEETEN CREEK ROAD,ASHEVILLE,BUNCOMBE,35.5593,-82.5231
NONCD0003251,E 2ND AVE PCE,19 E 2ND AVE,LEXINGTON,DAVIDSON,35.82203,-80.25366
NONCD0003253,SKENES AVE PCE,220 SKENES AVE,HENDERSON,VANCE,36.30902,-78.40567
NONCD0003255,FORTRESS WOOD PRODUCTS GSO,1 METALS DR,GREENSBORO,GUILFORD,36.014594,-79.900318
NONCD0003256,HERITAGE SQUARE III,606 FAYETTEVILLE RD,DURHAM,DURHAM,35.987877,-78.899948
NONCD0003257,ADMIRATION HOSIERY MILLS,4210 YANCEY RD,CHARLOTTE,MECKLENBURG,35.186329,-80.883168
NONCD0003258,MYRTLE DESK CO,"GREEN DR, GRIMES AVE, & TAYLOR",HIGH POINT,GUILFORD,35.949698,-80.014222
NONCD0003259,SHOP TOWEL RENTALS,216 W 24TH ST,CHARLOTTE,MECKLENBURG,35.245104,-80.823295
NONCD0003260,RALEIGH ICE CENTER,912 HODGES ST,RALEIGH,WAKE,35.813883,-78.622991
NONCD0003261,SOUTH AND HOLLIS LOSO,SOUTH BLVD & HOLLIS RD,CHARLOTTE,MECKLENBURG,35.193285,-80.872454
NONCD0003262,SOUTH GRAHAM TOWER,401 SOUTH GRAHAM ST,CHARLOTTE,MECKLENBURG,35.227825,-80.85024
NONCD0003263,SOUTH TRYON COMMERCIAL,2027 S TRYON ST,CHARLOTTE,MECKLENBURG,35.211589,-80.86588
NONCD0003264,CRESCENT AVE AND PROVIDENCE ROAD PCE,CRESCENT AVE AND PROVIDENCE RD,CHARLOTTE,MECKLENBURG,35.20401,-80.8245
NONCD0003265,HILLSBOROUGH ST SOLVENTS,5651 HILLSBOROUGH ST,RALEIGH,WAKE,35.786043,-78.72411
NONCD0003266,WILLIAMS AND GENTRY PCE,913 W MAIN ST,YADKINVILLE,YADKIN,36.1351,-80.6768
NONCD0003269,BAILEYTOWN CHURCH RD AND NC HWY 89 E PCE,BAILEYTOWN CHURCH RD NCHWY89 E,WALNUT COVE,STOKES,36.32046,-80.14228
NONCD0003270,BROWNING TIRE AND AUTO,601 SOUTH 17TH ST,WILMINGTON,NEW HANOVER,34.229299,-77.926467
NONCD0003271,ROSE ICE AND COAL,1122 - 1202 MARKET ST,WILMINGTON,NEW HANOVER,34.23617,-77.93415
NONCD0003273,AC DELCO BUILDING,N SPRUCE ST AND W 2ND ST,WINSTON-SALEM,FORSYTH,36.09631,-80.2484
NONCD0003274,SAMS PIT STOP,FRANCIS ST AND WAUGHTOWN ST,WINSTON-SALEM,FORSYTH,36.06938,-80.21929
NONCD0003275,RENTAL UNIFORM SERVICES OF STATESVILLE,1203 NORTH BARKLEY ROAD,STATESVILLE,IREDELL,35.767141,-80.854597
NONCD0003276,NISSEN WAGON WORKS,1539 WAUGHTOWN ST,WINSTON-SALEM,FORSYTH,36.06971,-80.20563
NONCD0003277,UNIVERSAL INDUSTRIAL PARK SITE,2411 E MLK JR DR,HIGH POINT,GUILFORD,35.965552,-79.963042
NONCD0003278,AVONDALE MILLS SANFORD,500 N 7TH ST,SANFORD,LEE,35.489079,-79.165436
NONCD0003279,NORTH RALEIGH BLVD VOCS,2512 YONKERS RD,RALEIGH,WAKE,35.80871,-78.60079
NONCD0003280,HWY 70 MOREHEAD CITY,5429 HIGHWAY 70 EAST,MOREHEAD CITY,CARTERET,34.74379,-76.8273
NONCD0003281,CAPITAL POWER,1281 POWERHOUSE DR,SOUTHPORT,BRUNSWICK,33.94505,-78.01083
NONCD0003283,S MAIN SALISBURY,S MAIN ST,SALISBURY,ROWAN,35.66309,-80.47549
NONCD0003284,SUNBELT 4500 SITE,HUFFMAN MILL RD AND KERNEY DR.,BURLINGTON,ALAMANCE,36.075172,-79.491339
NONCD0003285,CEMEX CONSTRUCTION,3290 AND 3230 N LIBERTY ST,WINSTON-SALEM,FORSYTH,36.130825,-80.232674
NONCD0003286,NISBET MARINE MART,1320 AND 1328 S TRYON ST,CHARLOTTE,MECKLENBURG,35.217765,-80.854863
NONCD0003287,SOUTH END BUSINESS PARK,CLANTON RD AND S TRYON ST,CHARLOTTE,MECKLENBURG,35.197207,-80.87825
NONCD0003288,SERVICEMASTER FOX ASSOCIATES,3638 AND 3642 TRYCLAN DR,CHARLOTTE,MECKLENBURG,35.194684,-80.876851
NONCD0003289,TARMAC VIRGINIA,3934 RALEIGH ST,CHARLOTTE,MECKLENBURG,35.251519,-80.7963
NONCD0003290,HWY 70 BUSINESS AUTOMOTIVE,7748 US HWY 70 BUS W,CLAYTON,JOHNSTON,35.609453,-78.415661
NONCD0003291,ACADEMI TRAINING FACILITY,850 PUDDIN RIDGE RD,MOYOCK,CAMDEN,36.45441,-76.20576
NONCD0003292,NCSU WATER CHILLER RELEASE,20 WATAUGA CLUB DR,RALEIGH,WAKE,34.78548,-78.664013
NONCD0003294,BYNUM FIRST AND LAST MART,5520 US HWY 15-501 N,PITTSBORO,CHATHAM,35.78173,-79.130722
NONCD0003296,EAST CHURCH ST CONTAMINATION,EAST CHURCH ST,LAURINBURG,SCOTLAND,34.767006,-79.434975
NONCD0003297,GIGI HOLDINGS LLC,905 W 5TH ST,WASHINGTON,BEAUFORT,35.551891,-77.064297
NONCD0003298,OLD US HWY 1 BROMOFORM,1010 OLD US HWY 1,SOUTHERN PINES,MOORE,35.167101,-79.404007
NONCD0003299,BUD MORRIS RD,7648 BUD MORRIS RD,WAKE FOREST,WAKE,35.99803,-78.61068
NONCD0003300,N CHERRY ST AND INDIANA AVE PCE,N CHERRY ST AND INDIANA AVE,WINSTON-SALEM,FORSYTH,36.152,-80.26471
NONCD0003301,GEMSEAL PAVEMENT PRODUCTS,139 S WALNUT CIRCLE,GREENSBORO,GUILFORD,36.06616,-79.880889
NONCD0003302,SPEED WASH,1805 E GREEN DR,HIGH POINT,GUILFORD,35.95344,-79.98409
NONCD0003303,N CALDWELL STREET PCE,N CALDWELL ST,BREVARD,TRANSYLVANIA,35.2376,-82.73244
NONCD0003304,ALS CLEANERS,270 SOUTH STRATFORD ROAD,WINSTON-SALEM,FORSYTH,36.09266,-80.28252
NONCD0003305,USCT LLC,212 W HANOVER RD,GRAHAM,ALAMANCE,36.084063,-79.403862
NONCD0003306,"CULP, INC.",1150 SILVER CT,HIGH POINT,GUILFORD,35.92515,-80.00263
NONCD0003307,BUNKER RD,2835 HARVEY POINT RD,HERTFORD,PERQUIMANS,36.09869,-76.33737
NONCD0003308,KIDDE FENWAL PFAS,5036 ONE WORLD WAY,WAKE FOREST,WAKE,35.923143,-78.535709
NONCD0003309,CHAPEL HILL COMMUNITY CENTER PARK,120 SOUTH ESTES DR,CHAPEL HILL,ORANGE,35.92594141,-79.03283081
NONCD0003310,PINEVILLE RD TCE IN GROUNDWATER,6000 OLD PINEVILLE RD,CHARLOTTE,MECKLENBURG,35.159044,-80.880171
NONCD0003311,VIRGINIA MILLS,2703 DARRELL NEWTON DR,GRAHAM,ALAMANCE,36.023141,-79.364165
NONCD0003312,THE MADISON,"603, 605, 607, 609 GLENWOOD AV",RALEIGH,WAKE,35.788049,-78.647928
NONCD0003314,DEPOT ST PCE IN GROUNDWATER,59 DEPOT ST,WAYNESVILLE,HAYWOOD,35.492355,-82.988155
NONCD0003315,WORTHVILLE MILL,216 RUSSELL WALKER AVE,RANDLEMAN,RANDOLPH,35.801437,-79.777471
NONCD0003316,HD SUPPLY,1414  SOUTH TRYON ST,CHARLOTTE,MECKLENBURG,35.217203,-80.855771
NONCD0003317,IDEAL TOOL & DIE,3021 BANK ST,CHARLOTTE,MECKLENBURG,35.201321,-80.875304
NONCD0003318,EAST 7TH STREET SOLVENTS,965 E 7TH ST,CHARLOTTE,MECKLENBURG,35.22216,-80.83092
NONCD0003319,HARDY GULF,484 CARTHAGE ST,CAMERON,MOORE,35.326611,-79.254931
NONCD0003320,TROLLEY AND BUS YARD,920 ORANGE ST,WILMINGTON,NEW HANOVER,34.23315,-77.93703
NONCD0003322,COASTAL CLEANERS,100 WESTERN BLVD,JACKSONVILLE,ONSLOW,34.74527,-77.37758
NONCD0003323,BP FOOD SHOP,924 E HARDEN ST,GRAHAM,ALAMANCE,36.06116,-79.38056
NONCD0003324,CORBIN ST PCE JACKSONVILLE,501 CORBIN ST,JACKSONVILLE,ONSLOW,34.741763,-77.362901
NONCD0003325,BENTLEY BEATTIES FORD,10725 & 10719 BEATTIES FORD RD,HUNTERSVILLE,MECKLENBURG,35.36833,-80.90217
NONCD0003326,SOUTHERN PAINT & WATERPROOFING COMPANY,"3300, 3302, 3306 LIBERTY RD",GREENSBORO,GUILFORD,36.023865,-79.764087
NONCD0003327,UNIVERSITY PARKWAY BLOCK SOLVENT RELEASE,2710-2700 UNIVERSITY PARKWAY,WINSTON-SALEM,FORSYTH,36.12505,-80.25906
NONCD0003328,MINT HILL SPECIALTY PRINTING,1737 UNIVERSITY COMMERCIAL PL,CHARLOTTE,MECKLENBURG,35.2653,-80.74474
NONCD0003329,VCP WAKE FOREST LLC,KEARNEY & WAKE UNION CHURCH RD,WAKE FOREST,WAKE,35.982967,-78.54112
NONCD0003330,WEST AVE PCE,WEST AVENUE,KANNAPOLIS,CABARRUS,35.497754,-80.625158
NONCD0003331,WEBBS CLEANERS,2808 HILLSBOROUGH ST,RALEIGH,WAKE,35.78942,-78.6744
NONCD0003332,SHOPTON ROAD SITE,4401 SHOPTON ROAD,CHARLOTTE,MECKLENBURG,35.17041,-80.95597
NONCD0003334,CONCEPT PLASTICS,1200 HICKORY CHAPEL RD,HIGH POINT,GUILFORD,35.95302,-79.969054
NONCD0003335,SOUTH CHURCH STREET,2090 SOUTH CHURCH ST,BURLINGTON,ALAMANCE,36.0819,-79.46808
NONCD0003339,KILROYS SERVICE STATION,1892 CHARLOTTE HIGHWAY,MOORESVILLE,IREDELL,35.628981,-80.824492
NONCD0003340,COMMERCIAL VEHICLE GROUP,629 S BATTLEGROUND AVE,GROVER,CLEVELAND,35.17689,-81.43428
NONCD0003341,FAIRVIEW RD PCE,8621 FAIRVIEW ROAD,MINT HILL,MECKLENBURG,35.18093,-80.63736
NONCD0003337,RESEARCH COMMONS PROPERTY,79 TW ALEXANDER DR,DURHAM,DURHAM,35.904901,-78.876679
NONCD0003338,BEACON BAPTIST CHURCH,1622 KIRKPATRICK RD,BURLINGTON,ALAMANCE,36.0466,-79.48852
NONCD0003342,PIEDMONT TRIAD AIRPORT,1000A JOHNSON PARKWAY,GREENSBORO,GUILFORD,36.09465,-79.95283
NONCD0003343,SIX FORKS RD PFAS,5241 SIX FORKS RD,RALEIGH,WAKE,35.852947,-78.643575
NONCD0003353,CHERRYVILLE DISTRIBUTING COMPANY INC,322 EAST MAIN STREET,CHERRYVILLE,GASTON,35.379507,-81.376436
NONCD0003344,WINSTON AVENUE PCE,1441 WINSTON AVE,STATESVILLE,IREDELL,35.76899,-80.90365
NONCD0003345,CHEVRON TRAVEL STORE,3352 EAST BURMA ROAD,NEBO,MCDOWELL,35.683983,-81.912558
NONCD0003347,MOUNTAIN STREET SOLVENTS,300 E MOUNTAIN ST,KERNERSVILLE,FORSYTH,36.11833,-80.06939
NONCD0003348,US 70 HWY AND WARREN WILSON ROAD,1920 US 70 HWY,SWANNANOA,BUNCOMBE,35.593519,-82.436634
NONCD0003350,EMTELLE USA INC,"101 MILLS GAP ROAD, UNIT A",FLETCHER,HENDERSON,35.43753,-82.485306
NONCD0003346,AUTO REPAIR SHOP - NAPA,3722 MARKET ST,WILMINGTON,NEW HANOVER,34.2403,-77.8999
NONCD0003349,CROSSROADS CHRYSLER DODGE JEEP RAM,120 US 158 BYPASS,HENDERSON,VANCE,36.337695,-78.443447
NCD981858707,ONE HOUR KORETIZING,177 S CHURCH ST,ROCKY MOUNT,NASH,35.941629,-77.797161
NCD986205011,"MANUFACTURING SERVICES, INC.",725 E. MAINE AVENUE,BESSEMER CITY,GASTON,35.28754,-81.26766
NCD035999200,PRO CLEANERS,2330 N PATTERSON AVE,WINSTON-SALEM,FORSYTH,36.11904,-80.24225
NONCD0003352,BALFOUR MILL,69 BALFOUR ROAD,HENDERSONVILLE,HENDERSON,35.351956,-82.470092
NONCD0003355,1ST AVE PCE CONTAMINATION,420 1ST AVE SW,HICKORY,CATAWBA,35.73106,-81.34541
NONCD0003356,NORTH TECHNOLOGY EDUCATION COMPLEX PFAS,1075 COLLEGE DRIVE,SALISBURY,ROWAN,35.63369,-80.47928
NONCD0003354,FORMER SOUTHERN FURNITURE,415 PEANUT RD,ELIZABETHTOWN,BLADEN,34.62725,-78.62162
NONCD0003359,GUM BRANCH RD,120 GUM BRANCH ROAD,CHARLOTTE,MECKLENBURG,35.3022,-80.93787
NONCD0003362,MECKLENBURG HIGHWAY PFAS,1035 MECKLENBURG HIGHWAY,MOORESVILLE,IREDELL,35.56371,-80.82752
NONCD0003357,PATES SUPPLY FEED AND LIVESTOCK,OLD MAIN AND SALLY RD,PEMBROKE,ROBESON,34.689772,-79.213432
NONCD0003360,GREENSBORO BONDED WAREHOUSE INC,501 GUILFORD AVE,GREENSBORO,GUILFORD,36.07484,-79.800381
NONCD0003361,UNITED THERAPEUTICS CORPORATION,67 TW ALEXANDER DR,DURHAM,DURHAM,35.909277,-78.87325
NONCD0003367,SULPHUR SPRINGS CONTAMINATION,3728 SULPHUR SPRINGS ROAD,HICKORY,CATAWBA,35.78138,-81.26197
NONCD0003368,DIXIE REEL AND BOX,10901 CARPET STREET,CHARLOTTE,MECKLENBURG,35.115786,-80.914534
NONCD0003363,ASKINS CREEK BP PFAS,42676 NC HWY 12,AVON,DARE,35.323179,-75.509117
NONCD0003364,HYKAL PROPERTIES LLC,1951 OLD WILSON RD,ROCKY MOUNT,EDGECOMBE,35.916698,-77.786955
NONCD0003366,SOUTH ELM STREET,1914 SOUTH ELM ST,HIGH POINT,GUILFORD,35.93012,-80.01072
NONCD0003369,BATTLEFIELD MOYOCK LLC,468 AND 472 CARATOKE HWY,MOYOCK,CURRITUCK,36.52675,-76.18141
NONCD0003365,CJH2 ENTERPRISES LLC,"3100, 3102, 3104 SUMMIT AVE",GREENSBORO,GUILFORD,36.114488,-79.764562
NONCD0003370,CAROLINA TECHNICAL PLASTICS,901 INDUSTRIAL DR,NEW BERN,CRAVEN,35.13716,-77.160502
NONCD0003371,RICHBOURG MOTOR,52 COX AVE,ASHEVILLE,BUNCOMBE,35.591897,-82.554336
NONCD0003372,ASPLUNDH TREE SERVICE,351 ORCHARD CIR,CHARLOTTE,MECKLENBURG,35.1875,-80.88536
NONCD0003373,KAPKE ENTERPRISES,1928 ZEBULON RD,ZEBULON,WAKE,35.8486,-78.33232
NONCD0003374,ASHEVILLE TRUCK SERVICE,45 SOUTHSIDE AVE,ASHEVILLE,BUNCOMBE,35.587831,-82.553161
NONCD0003375,SOUTH CANNON BLVD,511 SOUTH CANNON BLVD,KANNAPOLIS,CABARRUS,35.487863,-80.610784
NONCD0003376,RC BOTTLING CO,191 BILTMORE AVE,ASHEVILLE,BUNCOMBE,35.587064,-82.552342
NONCD0003377,WELCHS SUNOCO,507 PROVIDENCE RD,CHARLOTTE,MECKLENBURG,35.203569,-80.824438
NONCD0003378,SEABOARD AIR LINE RAILYARD,400-498 WINCHESTER AVE,MONROE,UNION,34.984647,-80.54459
NONCD0003379,G&M HAULING AND GRADING,11855 MT. HOLLY-HUNTERSVILLE R,HUNTERSVILLE,MECKLENBURG,35.384818,-80.854091
NONCD0003380,TOYOTA OF BOONE,675 EAST KING ST,BOONE,WATAUGA,36.218147,-81.664247
NONCD0003381,FULBRIGHT LABORATORIES,1923 SOUTH BLVD,CHARLOTTE,MECKLENBURG,35.20966,-80.85908
NONCD0003382,PERFORMANCE AUTO MALL,130 OLD DURHAM RD,CHAPEL HILL,ORANGE,35.944456,-79.009714
