OBJECTID,EPAID,SITENAME,SITEADDR,SITECITY,SITECOUNTY,LATITUDE,LONGITUDE,GEOLOC_COD,SOURCE,Land_Use_R,Vol_Cleanu,Laserfiche,Update Date,x,y
48250,NONCD0003384,ERWIN HILLS ROAD PFAS,180 ERWIN HILLS RD,ASHEVILLE,BUNCOMBE,35.6209884,-82.6215064,ON SCREEN PLACEMENT ON GEOREFERENCED MAP,ESRI AGOL BASE MAP,FALSE,FALSE,https://edocs.deq.nc.gov/WasteManagement/Search.aspx?dbid=0&searchcommand=%7B%5BWM%5D:%5BProgram_ID%5D%20%3D%20%22*NONCD0003384*%22%7D,7/2/2026 12:00:00 AM,-82.6215064,35.6209884
48251,NCD093775302,"CASCADE DIE CASTING GROUP, INC.",1800 ALBERTSON RD,HIGH POINT,GUILFORD,35.92916,-80.02766,ON SCREEN PLACEMENT ON GEOREFERENCED MAP,ACMEMAPPER,FALSE,FALSE,https://edocs.deq.nc.gov/WasteManagement/Search.aspx?dbid=0&searchcommand=%7B%5BWM%5D:%5BProgram_ID%5D%20%3D%20%22*NONCD0003384*%22%7D,7/2/2026 12:00:00 AM,-80.02766,35.92916
48252,NONCD0003385,L. J. ROGERS TRUCKING PROPERTY,7723 OAKWOOD ST EXT,MEBANE,ORANGE,36.080311,-79.25512,ON SCREEN PLACEMENT ON GEOREFERENCED MAP,GOOGLE MAPS,FALSE,FALSE,https://edocs.deq.nc.gov/WasteManagement/Search.aspx?dbid=0&searchcommand=%7B%5BWM%5D:%5BProgram_ID%5D%20%3D%20%22*NCD093775302*%22%7D,7/2/2026 12:00:00 AM,-79.25512,36.0803110000001
48253,NONCD0003386,WHITEHEAD STREET PCE,48 W WHITEHEAD ST,SPARTA,ALLEGHANY,36.5049,-81.12178,ON SCREEN PLACEMENT ON GEOREFERENCED MAP,ESRI AGOL BASE MAP,FALSE,FALSE,https://edocs.deq.nc.gov/WasteManagement/Search.aspx?dbid=0&searchcommand=%7B%5BWM%5D:%5BProgram_ID%5D%20%3D%20%22*NONCD0003385*%22%7D,7/2/2026 12:00:00 AM,-81.1217799999999,36.5049000000001
48254,NONCD0003387,ORIOLE DRIVE PFAS,701 ORIOLE DRIVE,HENDERSONVILLE,HENDERSON,35.32862,-82.45969,ON SCREEN PLACEMENT ON GEOREFERENCED MAP,ACMEMAPPER,FALSE,FALSE,https://edocs.deq.nc.gov/WasteManagement/Search.aspx?dbid=0&searchcommand=%7B%5BWM%5D:%5BProgram_ID%5D%20%3D%20%22*NONCD0003386*%22%7D,7/2/2026 12:00:00 AM,-82.45969,35.3286200000001
48255,NONCD0003389,ONE HOUR KORETIZING FALLS RD,202 FALLS RD,ROCKY MOUNT,NASH,35.9445,-77.79482,ON SCREEN PLACEMENT ON GEOREFERENCED MAP,ACMEMAPPER,FALSE,FALSE,https://edocs.deq.nc.gov/WasteManagement/Search.aspx?dbid=0&searchcommand=%7B%5BWM%5D:%5BProgram_ID%5D%20%3D%20%22*NONCD0003387*%22%7D,7/2/2026 12:00:00 AM,-77.79482,35.9445000000001
48256,NONCD0003388,PAINT AND SIGN SHOP DURHAM,1100 N ALSTON AVE,DURHAM,DURHAM,35.99628,-78.8857,ON SCREEN PLACEMENT ON GEOREFERENCED MAP,ACMEMAPPER,FALSE,FALSE,https://edocs.deq.nc.gov/WasteManagement/Search.aspx?dbid=0&searchcommand=%7B%5BWM%5D:%5BProgram_ID%5D%20%3D%20%22*NONCD0003389*%22%7D,7/2/2026 12:00:00 AM,-78.8857,35.9962800000001
48257,NONCD0003390,POPLAR STREET PFAS,2050 W POPLAR STREET,GASTONIA,GASTON,35.2727,-81.2176,ON SCREEN PLACEMENT ON GEOREFERENCED MAP,ESRI AGOL BASE MAP,FALSE,FALSE,https://edocs.deq.nc.gov/WasteManagement/Search.aspx?dbid=0&searchcommand=%7B%5BWM%5D:%5BProgram_ID%5D%20%3D%20%22*NONCD0003388*%22%7D,7/2/2026 12:00:00 AM,-81.2175999999999,35.2727
48258,NCD981861255,J & T BODY SHOP,2444 WILKINSON BLVD,CHARLOTTE,MECKLENBURG,35.22413,-80.8818,ON SCREEN PLACEMENT ON GEOREFERENCED MAP,GOOGLE MAPS,FALSE,FALSE,https://edocs.deq.nc.gov/WasteManagement/Search.aspx?dbid=0&searchcommand=%7B%5BWM%5D:%5BProgram_ID%5D%20%3D%20%22*NONCD0003390*%22%7D,7/2/2026 12:00:00 AM,-80.8817999999999,35.2241300000001
48259,NONCD0003391,WENDELL BLVD PFAS,538 WENDELL BLVD,WENDELL,WAKE,35.802779,-78.420419,ON SCREEN PLACEMENT ON GEOREFERENCED MAP,ESRI AGOL BASE MAP,FALSE,FALSE,https://edocs.deq.nc.gov/WasteManagement/Search.aspx?dbid=0&searchcommand=%7B%5BWM%5D:%5BProgram_ID%5D%20%3D%20%22*NCD981861255*%22%7D,7/2/2026 12:00:00 AM,-78.420419,35.802779
48260,NONCD0003392,ALBERTSON ROAD PCBS,1800 ALBERTSON RD,HIGH POINT,GUILFORD,35.92903,-80.027597,ON SCREEN PLACEMENT ON GEOREFERENCED MAP,GOOGLE MAPS,FALSE,FALSE,https://edocs.deq.nc.gov/WasteManagement/Search.aspx?dbid=0&searchcommand=%7B%5BWM%5D:%5BProgram_ID%5D%20%3D%20%22*NONCD0003391*%22%7D,7/2/2026 12:00:00 AM,-80.027597,35.9290300000001
48261,NONCD0003393,TRYON RD GOLF COURSE,1610 TRYON RD,RALEIGH,WAKE,35.74028,-78.662762,ON SCREEN PLACEMENT ON GEOREFERENCED MAP,GOOGLE MAPS,FALSE,FALSE,https://edocs.deq.nc.gov/WasteManagement/Search.aspx?dbid=0&searchcommand=%7B%5BWM%5D:%5BProgram_ID%5D%20%3D%20%22*NONCD0003392*%22%7D,7/2/2026 12:00:00 AM,-78.662762,35.74028
48262,NC0000056689,HITACHI CHINA GROVE,1 HITACHI METALS DRIVE,CHINA GROVE,ROWAN,35.57384,-80.55116,ON SCREEN PLACEMENT ON GEOREFERENCED MAP,ACMEMAPPER,FALSE,FALSE,https://edocs.deq.nc.gov/WasteManagement/Search.aspx?dbid=0&searchcommand=%7B%5BWM%5D:%5BProgram_ID%5D%20%3D%20%22*NONCD0003393*%22%7D,7/2/2026 12:00:00 AM,-80.55116,35.5738400000001
48263,NC0000998336,CP PROPERTIES,2350 BROWN ROAD,SANFORD,LEE,35.554798,-79.194873,ON SCREEN PLACEMENT ON GEOREFERENCED MAP,ACMEMAPPER,FALSE,FALSE,https://edocs.deq.nc.gov/WasteManagement/Search.aspx?dbid=0&searchcommand=%7B%5BWM%5D:%5BProgram_ID%5D%20%3D%20%22*NC0000056689*%22%7D,7/2/2026 12:00:00 AM,-79.194873,35.5547980000001
48264,NC0001206473,GLEN RAVEN MILLS,TUCKER STREET C,BURLINGTON,ALAMANCE,36.0857,-79.43523,ON SCREEN PLACEMENT ON GEOREFERENCED MAP,ACMEMAPPER,FALSE,FALSE,https://edocs.deq.nc.gov/WasteManagement/Search.aspx?dbid=0&searchcommand=%7B%5BWM%5D:%5BProgram_ID%5D%20%3D%20%22*NC0000998336*%22%7D,7/2/2026 12:00:00 AM,-79.43523,36.0857
48265,NC0001279710,WOODY WILSON BATTERY/ASHLEY HEIGHTS,301 OLD PINEHURST RD,ASHLEY HEIGHTS,HOKE,35.09863,-79.36562,ON SCREEN PLACEMENT ON GEOREFERENCED MAP,ACMEMAPPER,FALSE,FALSE,https://edocs.deq.nc.gov/WasteManagement/Search.aspx?dbid=0&searchcommand=%7B%5BWM%5D:%5BProgram_ID%5D%20%3D%20%22*NC0001206473*%22%7D,7/2/2026 12:00:00 AM,-79.36562,35.0986300000001
48266,NC0001402213,ELLIS JUNK YARD,NEEDMORE DRIVE,HAYESVILLE,CLAY,35.00764,-83.73101,ON SCREEN PLACEMENT ON GEOREFERENCED MAP,ACMEMAPPER,FALSE,FALSE,https://edocs.deq.nc.gov/WasteManagement/Search.aspx?dbid=0&searchcommand=%7B%5BWM%5D:%5BProgram_ID%5D%20%3D%20%22*NC0001279710*%22%7D,7/2/2026 12:00:00 AM,-83.73101,35.00764
48267,NC0210020541,US DOD MILITARY OCEAN TERMINAL,SUNNY POINT OCEAN TERMINL,SOUTHPORT,BRUNSWICK,34.00799,-77.96147,ON SCREEN PLACEMENT ON GEOREFERENCED MAP,ACMEMAPPER,FALSE,FALSE,https://edocs.deq.nc.gov/WasteManagement/Search.aspx?dbid=0&searchcommand=%7B%5BWM%5D:%5BProgram_ID%5D%20%3D%20%22*NC0001402213*%22%7D,7/2/2026 12:00:00 AM,-77.96147,34.0079900000001
48268,NC5210022906,USA RESERVE XVIII AIRBORNE CORPS,405 FISHER ST,MOREHEAD CITY,CARTERET,34.72276,-76.70668,ON SCREEN PLACEMENT ON GEOREFERENCED MAP,ACMEMAPPER,FALSE,FALSE,https://edocs.deq.nc.gov/WasteManagement/Search.aspx?dbid=0&searchcommand=%7B%5BWM%5D:%5BProgram_ID%5D%20%3D%20%22*NC0210020541*%22%7D,7/2/2026 12:00:00 AM,-76.7066799999999,34.7227600000001
48269,NCD000006361,SUPERIOR ELECTRO FINISHES,115 EAST CORUM ST,KERNERSVILLE,FORSYTH,36.11653,-80.06889,ON SCREEN PLACEMENT ON GEOREFERENCED MAP,ACMEMAPPER,FALSE,FALSE,https://edocs.deq.nc.gov/WasteManagement/Search.aspx?dbid=0&searchcommand=%7B%5BWM%5D:%5BProgram_ID%5D%20%3D%20%22*NC5210022906*%22%7D,7/2/2026 12:00:00 AM,-80.06889,36.1165300000001
48270,NCD000281832,SANFORD PLATING COMPANY,SR 1466,SANFORD,LEE,35.56386,-79.16967,ON SCREEN PLACEMENT ON GEOREFERENCED MAP,ACMEMAPPER,FALSE,FALSE,https://edocs.deq.nc.gov/WasteManagement/Search.aspx?dbid=0&searchcommand=%7B%5BWM%5D:%5BProgram_ID%5D%20%3D%20%22*NCD000006361*%22%7D,7/2/2026 12:00:00 AM,-79.1696699999999,35.56386
48271,NCD000604322,SINGER CO/FURNITURE DIV PLTS 3,904 VIRGINIA STREET,LENOIR,CALDWELL,35.89301,-81.55411,ON SCREEN PLACEMENT ON GEOREFERENCED MAP,ACMEMAPPER,FALSE,FALSE,https://edocs.deq.nc.gov/WasteManagement/Search.aspx?dbid=0&searchcommand=%7B%5BWM%5D:%5BProgram_ID%5D%20%3D%20%22*NCD000281832*%22%7D,7/2/2026 12:00:00 AM,-81.55411,35.8930100000001
48272,NCD000605303,"FEDERAL PAPER BOARD CO., INC.",865 JOHN L RIEGEL RD,RIEGELWOOD,COLUMBUS,34.35363,-78.21273,ON SCREEN PLACEMENT ON GEOREFERENCED MAP,ACMEMAPPER,FALSE,FALSE,https://edocs.deq.nc.gov/WasteManagement/Search.aspx?dbid=0&searchcommand=%7B%5BWM%5D:%5BProgram_ID%5D%20%3D%20%22*NCD000604322*%22%7D,7/2/2026 12:00:00 AM,-78.21273,34.3536300000001
48273,NCD000608117,CELANESE CORPORATION/FIBERS TECH,2300 ARCHDALE DR,CHARLOTTE,MECKLENBURG,35.147625,-80.863381,ON SCREEN PLACEMENT ON GEOREFERENCED MAP,ACMEMAPPER,FALSE,TRUE,https://edocs.deq.nc.gov/WasteManagement/Search.aspx?dbid=0&searchcommand=%7B%5BWM%5D:%5BProgram_ID%5D%20%3D%20%22*NCD000605303*%22%7D,7/2/2026 12:00:00 AM,-80.8633809999999,35.1476250000001
48274,NCD000609982,UNION OIL CO. SE TERM/PAW CREEK,7300 OLD MT HOLLY RD,PAW CREEK,MECKLENBURG,35.27712,-80.93233,ON SCREEN PLACEMENT ON GEOREFERENCED MAP,ACMEMAPPER,FALSE,FALSE,https://edocs.deq.nc.gov/WasteManagement/Search.aspx?dbid=0&searchcommand=%7B%5BWM%5D:%5BProgram_ID%5D%20%3D%20%22*NCD000608117*%22%7D,7/2/2026 12:00:00 AM,-80.93233,35.27712
48275,NCD000613273,PRAXAIR SURFACE TECHNOLOGIES,8501 OLD STATESVILLE RD,CHARLOTTE,MECKLENBURG,35.33807,-80.82555,ON SCREEN PLACEMENT ON GEOREFERENCED MAP,ACMEMAPPER,FALSE,FALSE,https://edocs.deq.nc.gov/WasteManagement/Search.aspx?dbid=0&searchcommand=%7B%5BWM%5D:%5BProgram_ID%5D%20%3D%20%22*NCD000609982*%22%7D,7/2/2026 12:00:00 AM,-80.82555,35.3380700000001
48276,NCD000615872,AMP INCORPORATED,1260 SHANNON-BRADLEY RD,GASTONIA,GASTON,35.27341,-81.23661,ON SCREEN PLACEMENT ON GEOREFERENCED MAP,ACMEMAPPER,FALSE,FALSE,https://edocs.deq.nc.gov/WasteManagement/Search.aspx?dbid=0&searchcommand=%7B%5BWM%5D:%5BProgram_ID%5D%20%3D%20%22*NCD000613273*%22%7D,7/2/2026 12:00:00 AM,-81.23661,35.2734100000001
48277,NCD000616219,GA-PACIFIC CORP,HWY 177 S,HAMLET,RICHMOND,34.87093,-79.73319,ON SCREEN PLACEMENT ON GEOREFERENCED MAP,ACMEMAPPER,FALSE,FALSE,https://edocs.deq.nc.gov/WasteManagement/Search.aspx?dbid=0&searchcommand=%7B%5BWM%5D:%5BProgram_ID%5D%20%3D%20%22*NCD000615872*%22%7D,7/2/2026 12:00:00 AM,-79.73319,34.87093
48278,NCD000616516,SCOVILL INC/SECURITY PRODUCTS,HWY 74 E,MONROE,UNION,34.97839,-80.48635,ON SCREEN PLACEMENT ON GEOREFERENCED MAP,ACMEMAPPER,FALSE,FALSE,https://edocs.deq.nc.gov/WasteManagement/Search.aspx?dbid=0&searchcommand=%7B%5BWM%5D:%5BProgram_ID%5D%20%3D%20%22*NCD000616219*%22%7D,7/2/2026 12:00:00 AM,-80.48635,34.97839
48279,NCD000623223,MARTIN MANUFACTURING PROPERTIES,E MAIN ST US 17,WILLIAMSTON,MARTIN,35.85987,-77.04475,ON SCREEN PLACEMENT ON GEOREFERENCED MAP,ACMEMAPPER,FALSE,FALSE,https://edocs.deq.nc.gov/WasteManagement/Search.aspx?dbid=0&searchcommand=%7B%5BWM%5D:%5BProgram_ID%5D%20%3D%20%22*NCD000616516*%22%7D,7/2/2026 12:00:00 AM,-77.04475,35.8598700000001
48280,NCD000653576,KERN RUBBER CO. URETHANE PLANT,1415 JAKE ALEXANDER RD S,SALISBURY,ROWAN,35.64038,-80.47708,ON SCREEN PLACEMENT ON GEOREFERENCED MAP,ACMEMAPPER,FALSE,TRUE,https://edocs.deq.nc.gov/WasteManagement/Search.aspx?dbid=0&searchcommand=%7B%5BWM%5D:%5BProgram_ID%5D%20%3D%20%22*NCD000623223*%22%7D,7/2/2026 12:00:00 AM,-80.4770799999999,35.6403800000001
48281,NCD000770016,TEXAS CITY REFINING COMPANY,7325 OLD MT HOLLY RD,PAW CREEK,MECKLENBURG,35.27766,-80.92838,ON SCREEN PLACEMENT ON GEOREFERENCED MAP,ACMEMAPPER,FALSE,FALSE,https://edocs.deq.nc.gov/WasteManagement/Search.aspx?dbid=0&searchcommand=%7B%5BWM%5D:%5BProgram_ID%5D%20%3D%20%22*NCD000653576*%22%7D,7/2/2026 12:00:00 AM,-80.9283799999999,35.27766
48282,NCD000772046,MOBIL OIL CORP/KOCH REFINING,3334 RIVER RD,WILMINGTON,NEW HANOVER,34.18228,-77.95234,ON SCREEN PLACEMENT ON GEOREFERENCED MAP,ACMEMAPPER,FALSE,FALSE,https://edocs.deq.nc.gov/WasteManagement/Search.aspx?dbid=0&searchcommand=%7B%5BWM%5D:%5BProgram_ID%5D%20%3D%20%22*NCD000770016*%22%7D,7/2/2026 12:00:00 AM,-77.9523399999999,34.18228
48283,NCD000773507,GA-PACIFIC CORP/HDWD SAW,S DENNIS ST EXTENSION,ENFIELD,HALIFAX,36.15894,-77.69349,ON SCREEN PLACEMENT ON GEOREFERENCED MAP,ACMEMAPPER,TRUE,FALSE,https://edocs.deq.nc.gov/WasteManagement/Search.aspx?dbid=0&searchcommand=%7B%5BWM%5D:%5BProgram_ID%5D%20%3D%20%22*NCD000772046*%22%7D,7/2/2026 12:00:00 AM,-77.6934899999999,36.15894
48284,NCD000773515,GA-PACIFIC CORP/HDWD SAW,SR 1301,BOWDENS,DUPLIN,35.06129,-78.11837,ON SCREEN PLACEMENT ON GEOREFERENCED MAP,ACMEMAPPER,TRUE,FALSE,https://edocs.deq.nc.gov/WasteManagement/Search.aspx?dbid=0&searchcommand=%7B%5BWM%5D:%5BProgram_ID%5D%20%3D%20%22*NCD000773507*%22%7D,7/2/2026 12:00:00 AM,-78.11837,35.06129
48285,NCD000813501,UNITED FURNITURE INDUSTRIES,401 W HANES MILL BLVD,WINSTON-SALEM,FORSYTH,36.18299,-80.28539,ON SCREEN PLACEMENT ON GEOREFERENCED MAP,ESRI AGOL BASE MAP,FALSE,FALSE,https://edocs.deq.nc.gov/WasteManagement/Search.aspx?dbid=0&searchcommand=%7B%5BWM%5D:%5BProgram_ID%5D%20%3D%20%22*NCD000773515*%22%7D,7/2/2026 12:00:00 AM,-80.2853899999999,36.1829900000001
48286,NCD000813519,DUKE UNIVERSITY,HWY 751 GATE 11,DURHAM,DURHAM,36.0183,-78.9878,ON SCREEN PLACEMENT ON GEOREFERENCED MAP,ACMEMAPPER,FALSE,TRUE,https://edocs.deq.nc.gov/WasteManagement/Search.aspx?dbid=0&searchcommand=%7B%5BWM%5D:%5BProgram_ID%5D%20%3D%20%22*NCD000813501*%22%7D,7/2/2026 12:00:00 AM,-78.9877999999999,36.0183000000001
48287,NCD000813592,GA-PACIFIC CORP/HDWD SAW,PLYWOOD DR,PLYMOUTH,WASHINGTON,35.87345,-76.74101,ON SCREEN PLACEMENT ON GEOREFERENCED MAP,ACMEMAPPER,FALSE,FALSE,https://edocs.deq.nc.gov/WasteManagement/Search.aspx?dbid=0&searchcommand=%7B%5BWM%5D:%5BProgram_ID%5D%20%3D%20%22*NCD000813519*%22%7D,7/2/2026 12:00:00 AM,-76.74101,35.87345
48288,NCD000822130,HARRELSON RUBBER COMPANY,HWY 220 SOUTH,ASHEBORO,RANDOLPH,35.66172,-79.82185,ON SCREEN PLACEMENT ON GEOREFERENCED MAP,ACMEMAPPER,FALSE,FALSE,https://edocs.deq.nc.gov/WasteManagement/Search.aspx?dbid=0&searchcommand=%7B%5BWM%5D:%5BProgram_ID%5D%20%3D%20%22*NCD000813592*%22%7D,7/2/2026 12:00:00 AM,-79.82185,35.6617200000001
48289,NCD000822957,UNION CARBIDE CORP/EVEREADY BATTERY,ART BRYAN DR,ASHEBORO,RANDOLPH,35.76866,-79.81669,ON SCREEN PLACEMENT ON GEOREFERENCED MAP,ACMEMAPPER,FALSE,TRUE,https://edocs.deq.nc.gov/WasteManagement/Search.aspx?dbid=0&searchcommand=%7B%5BWM%5D:%5BProgram_ID%5D%20%3D%20%22*NCD000822130*%22%7D,7/2/2026 12:00:00 AM,-79.8166899999999,35.7686600000001
48290,NCD000827832,ELECTRICAL UTILITIES/CO BB&T,309 ANDERSON AVE,FARMVILLE,PITT,35.582777,-77.592777,GPS (2-5 METER),,FALSE,FALSE,https://edocs.deq.nc.gov/WasteManagement/Search.aspx?dbid=0&searchcommand=%7B%5BWM%5D:%5BProgram_ID%5D%20%3D%20%22*NCD000822957*%22%7D,7/2/2026 12:00:00 AM,-77.592777,35.5827770000001
48291,NCD000828566,TARTAN MARINE PROPERTY,NC HIGHWAY 77 & SR 2032,HAMLET,RICHMOND,34.87312,-79.73049,ON SCREEN PLACEMENT ON GEOREFERENCED MAP,ACMEMAPPER,FALSE,FALSE,https://edocs.deq.nc.gov/WasteManagement/Search.aspx?dbid=0&searchcommand=%7B%5BWM%5D:%5BProgram_ID%5D%20%3D%20%22*NCD000827832*%22%7D,7/2/2026 12:00:00 AM,-79.73049,34.87312
48292,NCD000828616,USS AGRI-CHEMICALS FARM SERVICE,HWY 701,WHITEVILLE,COLUMBUS,34.24824,-78.75531,ON SCREEN PLACEMENT ON GEOREFERENCED MAP,ACMEMAPPER,FALSE,FALSE,https://edocs.deq.nc.gov/WasteManagement/Search.aspx?dbid=0&searchcommand=%7B%5BWM%5D:%5BProgram_ID%5D%20%3D%20%22*NCD000828566*%22%7D,7/2/2026 12:00:00 AM,-78.75531,34.2482400000001
48293,NCD001493931,"WECK, EDWARD INC.",WECK DR,RTP,DURHAM,35.9263,-78.84963,ON SCREEN PLACEMENT ON GEOREFERENCED MAP,ACMEMAPPER,FALSE,TRUE,https://edocs.deq.nc.gov/WasteManagement/Search.aspx?dbid=0&searchcommand=%7B%5BWM%5D:%5BProgram_ID%5D%20%3D%20%22*NCD000828616*%22%7D,7/2/2026 12:00:00 AM,-78.8496299999999,35.9263
48294,NCD001704980,WILMINGTON BRANCH/BORDEN/SMITH DOUGL,NAVASSA ROAD,NAVASSA,BRUNSWICK,34.2632,-78.0014,ON SCREEN PLACEMENT ON GEOREFERENCED MAP,ACMEMAPPER,FALSE,FALSE,https://edocs.deq.nc.gov/WasteManagement/Search.aspx?dbid=0&searchcommand=%7B%5BWM%5D:%5BProgram_ID%5D%20%3D%20%22*NCD001493931*%22%7D,7/2/2026 12:00:00 AM,-78.0014,34.2632
48295,NCD001725464,BORDEN CHEMICAL SMITH-DOUGLASS,3106 HWY 11 NORTH,KINSTON,LENOIR,35.307752,-77.526366,ON SCREEN PLACEMENT ON GEOREFERENCED MAP,ACMEMAPPER,FALSE,FALSE,https://edocs.deq.nc.gov/WasteManagement/Search.aspx?dbid=0&searchcommand=%7B%5BWM%5D:%5BProgram_ID%5D%20%3D%20%22*NCD001704980*%22%7D,7/2/2026 12:00:00 AM,-77.5263659999999,35.3077520000001
48296,NCD001871854,FRUEHAUF TRAILER CORPORATION,310 DALTON,CHARLOTTE,MECKLENBURG,35.24003,-80.83217,ON SCREEN PLACEMENT ON GEOREFERENCED MAP,ACMEMAPPER,FALSE,FALSE,https://edocs.deq.nc.gov/WasteManagement/Search.aspx?dbid=0&searchcommand=%7B%5BWM%5D:%5BProgram_ID%5D%20%3D%20%22*NCD001725464*%22%7D,7/2/2026 12:00:00 AM,-80.83217,35.24003
48297,NCD002388965,"LACKAWANNA LEATHER CO., INC.",HWY 70A WEST,CONOVER,CATAWBA,35.72016,-81.25055,ON SCREEN PLACEMENT ON GEOREFERENCED MAP,ACMEMAPPER,FALSE,FALSE,https://edocs.deq.nc.gov/WasteManagement/Search.aspx?dbid=0&searchcommand=%7B%5BWM%5D:%5BProgram_ID%5D%20%3D%20%22*NCD001871854*%22%7D,7/2/2026 12:00:00 AM,-81.25055,35.7201600000001
48298,NCD002464691,ALLIANCE CAROLINA TOOL AND MOLD,SR 3495-GLENN BRIDGE RD,ARDEN,BUNCOMBE,35.46235,-82.52422,ON SCREEN PLACEMENT ON GEOREFERENCED MAP,ACMEMAPPER,TRUE,FALSE,https://edocs.deq.nc.gov/WasteManagement/Search.aspx?dbid=0&searchcommand=%7B%5BWM%5D:%5BProgram_ID%5D%20%3D%20%22*NCD002388965*%22%7D,7/2/2026 12:00:00 AM,-82.52422,35.4623500000001
48299,NCD002571438,ABC ENGRAVERS,724 NORTH I-85,CHARLOTTE,MECKLENBURG,35.265511,-80.870253,ON SCREEN PLACEMENT ON GEOREFERENCED MAP,ACMEMAPPER,FALSE,FALSE,https://edocs.deq.nc.gov/WasteManagement/Search.aspx?dbid=0&searchcommand=%7B%5BWM%5D:%5BProgram_ID%5D%20%3D%20%22*NCD002464691*%22%7D,7/2/2026 12:00:00 AM,-80.8702529999999,35.2655110000001
48300,NCD003148798,DAYCO CORP,BALSAM RD,WAYNESVILLE,HAYWOOD,35.4663,-83.00948,ON SCREEN PLACEMENT ON GEOREFERENCED MAP,ACMEMAPPER,FALSE,FALSE,https://edocs.deq.nc.gov/WasteManagement/Search.aspx?dbid=0&searchcommand=%7B%5BWM%5D:%5BProgram_ID%5D%20%3D%20%22*NCD002571438*%22%7D,7/2/2026 12:00:00 AM,-83.0094799999999,35.4663
48301,NCD003148889,CHAMPION INTERNATIONAL_CANTON MILL,NEWFOUND STREET,CANTON,HAYWOOD,35.53492,-82.83751,ON SCREEN PLACEMENT ON GEOREFERENCED MAP,ACMEMAPPER,FALSE,FALSE,https://edocs.deq.nc.gov/WasteManagement/Search.aspx?dbid=0&searchcommand=%7B%5BWM%5D:%5BProgram_ID%5D%20%3D%20%22*NCD003148798*%22%7D,7/2/2026 12:00:00 AM,-82.83751,35.5349200000001
48302,NCD003149291,GASTON COUNTY DYEING MACHINE CO.,HWY 27 EAST,MOUNT HOLLY,GASTON,35.31639,-81.04108,ON SCREEN PLACEMENT ON GEOREFERENCED MAP,ACMEMAPPER,FALSE,TRUE,https://edocs.deq.nc.gov/WasteManagement/Search.aspx?dbid=0&searchcommand=%7B%5BWM%5D:%5BProgram_ID%5D%20%3D%20%22*NCD003148889*%22%7D,7/2/2026 12:00:00 AM,-81.04108,35.3163900000001
48303,NCD003149663,RADIATOR SPECIALTY COMPANY,1900 WILKINSON BLVD,CHARLOTTE,MECKLENBURG,35.223186,-80.871147,ON SCREEN PLACEMENT ON GEOREFERENCED MAP,ACMEMAPPER,FALSE,FALSE,https://edocs.deq.nc.gov/WasteManagement/Search.aspx?dbid=0&searchcommand=%7B%5BWM%5D:%5BProgram_ID%5D%20%3D%20%22*NCD003149291*%22%7D,7/2/2026 12:00:00 AM,-80.871147,35.2231860000001
48304,NCD003149705,BASF WAYNDOTTE CORPORATION,4330 CHESAPEAKE DR,CHARLOTTE,MECKLENBURG,35.2789,-80.8741,ON SCREEN PLACEMENT ON GEOREFERENCED MAP,ACMEMAPPER,FALSE,TRUE,https://edocs.deq.nc.gov/WasteManagement/Search.aspx?dbid=0&searchcommand=%7B%5BWM%5D:%5BProgram_ID%5D%20%3D%20%22*NCD003149663*%22%7D,7/2/2026 12:00:00 AM,-80.8740999999999,35.2789000000001
48305,NCD003151651,WILLARD SMELTING CO.,101 NEWBERN ST,CHARLOTTE,MECKLENBURG,35.19918,-80.86999,ON SCREEN PLACEMENT ON GEOREFERENCED MAP,ACMEMAPPER,FALSE,FALSE,https://edocs.deq.nc.gov/WasteManagement/Search.aspx?dbid=0&searchcommand=%7B%5BWM%5D:%5BProgram_ID%5D%20%3D%20%22*NCD003149705*%22%7D,7/2/2026 12:00:00 AM,-80.86999,35.1991800000001
48306,NCD003154960,FLEMING LABORATORIES,2215 THRIFT ROAD,CHARLOTTE,MECKLENBURG,35.23395,-80.87382,ON SCREEN PLACEMENT ON GEOREFERENCED MAP,ACMEMAPPER,FALSE,FALSE,https://edocs.deq.nc.gov/WasteManagement/Search.aspx?dbid=0&searchcommand=%7B%5BWM%5D:%5BProgram_ID%5D%20%3D%20%22*NCD003151651*%22%7D,7/2/2026 12:00:00 AM,-80.87382,35.23395
48307,NCD003155587,SCOTT AVIATION OF MONROE/TOOL SERV,309 W. CROWELL ST,MONROE,UNION,34.98477,-80.55405,ON SCREEN PLACEMENT ON GEOREFERENCED MAP,ACMEMAPPER,FALSE,FALSE,https://edocs.deq.nc.gov/WasteManagement/Search.aspx?dbid=0&searchcommand=%7B%5BWM%5D:%5BProgram_ID%5D%20%3D%20%22*NCD003154960*%22%7D,7/2/2026 12:00:00 AM,-80.55405,34.98477
48308,NCD003157377,AMERICAN THREAD/SEVIER PLANT,630 AMERICAN THREAD RD,MARION,MCDOWELL,35.79111,-82.02121,ON SCREEN PLACEMENT ON GEOREFERENCED MAP,ACMEMAPPER,TRUE,FALSE,https://edocs.deq.nc.gov/WasteManagement/Search.aspx?dbid=0&searchcommand=%7B%5BWM%5D:%5BProgram_ID%5D%20%3D%20%22*NCD003155587*%22%7D,7/2/2026 12:00:00 AM,-82.0212099999999,35.7911100000001
48309,NCD003158094,GLEN RAVEN MILLS,EAST MAIN STREET,BURNSVILLE,YANCEY,35.91752,-82.2785,ON SCREEN PLACEMENT ON GEOREFERENCED MAP,ACMEMAPPER,FALSE,FALSE,https://edocs.deq.nc.gov/WasteManagement/Search.aspx?dbid=0&searchcommand=%7B%5BWM%5D:%5BProgram_ID%5D%20%3D%20%22*NCD003157377*%22%7D,7/2/2026 12:00:00 AM,-82.2785,35.91752
48310,NCD003162500,CONSOLIDATED ENGRAVERS CORP.,311 E 12TH ST,CHARLOTTE,MECKLENBURG,35.23211,-80.83106,ON SCREEN PLACEMENT ON GEOREFERENCED MAP,ACMEMAPPER,FALSE,FALSE,https://edocs.deq.nc.gov/WasteManagement/Search.aspx?dbid=0&searchcommand=%7B%5BWM%5D:%5BProgram_ID%5D%20%3D%20%22*NCD003158094*%22%7D,7/2/2026 12:00:00 AM,-80.83106,35.23211
48311,NCD003163730,GENERAL INSTRUMENT CORP.,1396 CHARLOTTE HWY,FAIRVIEW,BUNCOMBE,35.5257,-82.40735,ON SCREEN PLACEMENT ON GEOREFERENCED MAP,ACMEMAPPER,FALSE,TRUE,https://edocs.deq.nc.gov/WasteManagement/Search.aspx?dbid=0&searchcommand=%7B%5BWM%5D:%5BProgram_ID%5D%20%3D%20%22*NCD003162500*%22%7D,7/2/2026 12:00:00 AM,-82.40735,35.5257
48312,NCD003163888,HENREDON FURNITURE,400 HENREDON RD,MORGANTON,BURKE,35.725104,-81.704942,ON SCREEN PLACEMENT ON GEOREFERENCED MAP,ACMEMAPPER,FALSE,FALSE,https://edocs.deq.nc.gov/WasteManagement/Search.aspx?dbid=0&searchcommand=%7B%5BWM%5D:%5BProgram_ID%5D%20%3D%20%22*NCD003163730*%22%7D,7/2/2026 12:00:00 AM,-81.704942,35.725104
48313,NCD003164464,UNIROYAL INC/UNIROYAL CHEMICAL,214 W RUBY AVE,GASTONIA,GASTON,35.24477,-81.18706,ON SCREEN PLACEMENT ON GEOREFERENCED MAP,ACMEMAPPER,FALSE,FALSE,https://edocs.deq.nc.gov/WasteManagement/Search.aspx?dbid=0&searchcommand=%7B%5BWM%5D:%5BProgram_ID%5D%20%3D%20%22*NCD003163888*%22%7D,7/2/2026 12:00:00 AM,-81.18706,35.2447700000001
48314,NCD003167780,SPRAGUE ELECTRIC COMPANY,HWY 194,LANSING,ASHE,36.47966,-81.50469,ON SCREEN PLACEMENT ON GEOREFERENCED MAP,ACMEMAPPER,FALSE,FALSE,https://edocs.deq.nc.gov/WasteManagement/Search.aspx?dbid=0&searchcommand=%7B%5BWM%5D:%5BProgram_ID%5D%20%3D%20%22*NCD003164464*%22%7D,7/2/2026 12:00:00 AM,-81.50469,36.47966
48315,NCD003182805,HACKNEY BROTHERS BODY CO.,HERRING AVE & PENDER ST,WILSON,WILSON,35.72951,-77.90242,ON SCREEN PLACEMENT ON GEOREFERENCED MAP,ACMEMAPPER,FALSE,FALSE,https://edocs.deq.nc.gov/WasteManagement/Search.aspx?dbid=0&searchcommand=%7B%5BWM%5D:%5BProgram_ID%5D%20%3D%20%22*NCD003167780*%22%7D,7/2/2026 12:00:00 AM,-77.9024199999999,35.7295100000001
48316,NCD003183167,LONG MANUFACTURING,111 FAIRVIEW ST,TARBORO,EDGECOMBE,35.909128,-77.54397,ON SCREEN PLACEMENT ON GEOREFERENCED MAP,GOOGLE MAPS,FALSE,FALSE,https://edocs.deq.nc.gov/WasteManagement/Search.aspx?dbid=0&searchcommand=%7B%5BWM%5D:%5BProgram_ID%5D%20%3D%20%22*NCD003182805*%22%7D,7/2/2026 12:00:00 AM,-77.5439699999999,35.9091280000001
48317,NCD003183480,UNION CAMP CORPORATION,524 BROGDEN RD,SMITHFIELD,JOHNSTON,35.49578,-78.35143,ON SCREEN PLACEMENT ON GEOREFERENCED MAP,ACMEMAPPER,FALSE,FALSE,https://edocs.deq.nc.gov/WasteManagement/Search.aspx?dbid=0&searchcommand=%7B%5BWM%5D:%5BProgram_ID%5D%20%3D%20%22*NCD003183167*%22%7D,7/2/2026 12:00:00 AM,-78.3514299999999,35.49578
48318,NCD003183571,"WINTERVILLE MACHINE WORKS, INC.",2672 MILL ST,WINTERVILLE,PITT,35.52651,-77.40421,ON SCREEN PLACEMENT ON GEOREFERENCED MAP,ACMEMAPPER,FALSE,FALSE,https://edocs.deq.nc.gov/WasteManagement/Search.aspx?dbid=0&searchcommand=%7B%5BWM%5D:%5BProgram_ID%5D%20%3D%20%22*NCD003183480*%22%7D,7/2/2026 12:00:00 AM,-77.40421,35.52651
48319,NCD003184249,UNION CARBIDE CORP/EVEREADY BATTERY,264 BYPASS-EVANS ST EXTN,GREENVILLE,PITT,35.57768,-77.38432,ON SCREEN PLACEMENT ON GEOREFERENCED MAP,ACMEMAPPER,FALSE,FALSE,https://edocs.deq.nc.gov/WasteManagement/Search.aspx?dbid=0&searchcommand=%7B%5BWM%5D:%5BProgram_ID%5D%20%3D%20%22*NCD003183571*%22%7D,7/2/2026 12:00:00 AM,-77.3843199999999,35.57768
48320,NCD003184710,CAROLINA CREOSOTING CORPORATION,EASTBROOK ROAD,LELAND,BRUNSWICK,34.269148,-78.040433,ON SCREEN PLACEMENT ON GEOREFERENCED MAP,ESRI AGOL BASE MAP,FALSE,FALSE,https://edocs.deq.nc.gov/WasteManagement/Search.aspx?dbid=0&searchcommand=%7B%5BWM%5D:%5BProgram_ID%5D%20%3D%20%22*NCD003184249*%22%7D,7/2/2026 12:00:00 AM,-78.040433,34.269148
48321,NCD003186004,INTERNATIONAL PAPER/RICHMOND GRAVURE,2215 S. WILMINGTON STREET,RALEIGH,WAKE,35.75096,-78.64064,ON SCREEN PLACEMENT ON GEOREFERENCED MAP,ACMEMAPPER,FALSE,FALSE,https://edocs.deq.nc.gov/WasteManagement/Search.aspx?dbid=0&searchcommand=%7B%5BWM%5D:%5BProgram_ID%5D%20%3D%20%22*NCD003184710*%22%7D,7/2/2026 12:00:00 AM,-78.64064,35.7509600000001
48322,NCD003186178,COASTAL CHEMICAL CORP.,EVANS ST EXT,GREENVILLE,PITT,35.56117,-77.38679,ON SCREEN PLACEMENT ON GEOREFERENCED MAP,ACMEMAPPER,FALSE,FALSE,https://edocs.deq.nc.gov/WasteManagement/Search.aspx?dbid=0&searchcommand=%7B%5BWM%5D:%5BProgram_ID%5D%20%3D%20%22*NCD003186004*%22%7D,7/2/2026 12:00:00 AM,-77.38679,35.5611700000001
48323,NCD003189024,BORDEN CHEMICAL FAYETTEVILLE PLANT,1411 INDUSTRIAL DR,FAYETTEVILLE,CUMBERLAND,35.02929,-78.86192,ON SCREEN PLACEMENT ON GEOREFERENCED MAP,ACMEMAPPER,FALSE,TRUE,https://edocs.deq.nc.gov/WasteManagement/Search.aspx?dbid=0&searchcommand=%7B%5BWM%5D:%5BProgram_ID%5D%20%3D%20%22*NCD003186178*%22%7D,7/2/2026 12:00:00 AM,-78.8619199999999,35.0292900000001
48324,NCD003193588,"BARBOUR BOAT WORKS, INC.",527 TRYON PALACE DR,NEW BERN,CRAVEN,35.10469,-77.04299,ON SCREEN PLACEMENT ON GEOREFERENCED MAP,ACMEMAPPER,FALSE,TRUE,https://edocs.deq.nc.gov/WasteManagement/Search.aspx?dbid=0&searchcommand=%7B%5BWM%5D:%5BProgram_ID%5D%20%3D%20%22*NCD003189024*%22%7D,7/2/2026 12:00:00 AM,-77.04299,35.1046900000001
48325,NCD003195161,CORNING GLASS WORKS,3900 ELECTRONICS DRIVE,RALEIGH,WAKE,35.83318,-78.60387,ON SCREEN PLACEMENT ON GEOREFERENCED MAP,ACMEMAPPER,FALSE,TRUE,https://edocs.deq.nc.gov/WasteManagement/Search.aspx?dbid=0&searchcommand=%7B%5BWM%5D:%5BProgram_ID%5D%20%3D%20%22*NCD003193588*%22%7D,7/2/2026 12:00:00 AM,-78.60387,35.83318
48326,NCD003195963,WESTINGHOUSE ELEC METER & LIGHT,US 1 N,RALEIGH,WAKE,35.816034,-78.59754,ON SCREEN PLACEMENT ON GEOREFERENCED MAP,ESRI AGOL BASE MAP,FALSE,FALSE,https://edocs.deq.nc.gov/WasteManagement/Search.aspx?dbid=0&searchcommand=%7B%5BWM%5D:%5BProgram_ID%5D%20%3D%20%22*NCD003195161*%22%7D,7/2/2026 12:00:00 AM,-78.59754,35.8160340000001
48327,NCD003196193,"PIFER INDUSTRIES, INC.",2210 E PETTIGREW ST,DURHAM,DURHAM,35.9786,-78.8775,ON SCREEN PLACEMENT ON GEOREFERENCED MAP,ACMEMAPPER,FALSE,FALSE,https://edocs.deq.nc.gov/WasteManagement/Search.aspx?dbid=0&searchcommand=%7B%5BWM%5D:%5BProgram_ID%5D%20%3D%20%22*NCD003195963*%22%7D,7/2/2026 12:00:00 AM,-78.8774999999999,35.9786
48328,NCD003196847,NATIONAL SPINNING COMPANY,WEST 3RD STREET,WASHINGTON,BEAUFORT,35.55353,-77.07483,ON SCREEN PLACEMENT ON GEOREFERENCED MAP,ACMEMAPPER,FALSE,FALSE,https://edocs.deq.nc.gov/WasteManagement/Search.aspx?dbid=0&searchcommand=%7B%5BWM%5D:%5BProgram_ID%5D%20%3D%20%22*NCD003196193*%22%7D,7/2/2026 12:00:00 AM,-77.07483,35.5535300000001
48329,NCD003197704,"SALT WOOD PRODUCTS, INC.",11065 OLD HWY 70 W,COVE CITY,CRAVEN,35.19044,-77.33841,ON SCREEN PLACEMENT ON GEOREFERENCED MAP,ACMEMAPPER,FALSE,FALSE,https://edocs.deq.nc.gov/WasteManagement/Search.aspx?dbid=0&searchcommand=%7B%5BWM%5D:%5BProgram_ID%5D%20%3D%20%22*NCD003196847*%22%7D,7/2/2026 12:00:00 AM,-77.33841,35.19044
48330,NCD003198520,"HONEYWELL, INC",921 HOLLOWAY STREET,DURHAM,DURHAM,35.99465,-78.8841,ON SCREEN PLACEMENT ON GEOREFERENCED MAP,ACMEMAPPER,FALSE,TRUE,https://edocs.deq.nc.gov/WasteManagement/Search.aspx?dbid=0&searchcommand=%7B%5BWM%5D:%5BProgram_ID%5D%20%3D%20%22*NCD003197704*%22%7D,7/2/2026 12:00:00 AM,-78.8841,35.99465
48331,NCD003198967,GENERAL ELECTRIC CO/CAROLINA,900 N GEORGE ST,GOLDSBORO,WAYNE,35.39409,-77.99558,ON SCREEN PLACEMENT ON GEOREFERENCED MAP,ACMEMAPPER,FALSE,FALSE,https://edocs.deq.nc.gov/WasteManagement/Search.aspx?dbid=0&searchcommand=%7B%5BWM%5D:%5BProgram_ID%5D%20%3D%20%22*NCD003198520*%22%7D,7/2/2026 12:00:00 AM,-77.99558,35.3940900000001
48332,NCD003200656,"FEATHER PROCESSORS, INC",HWY 117 NORTH,ROSE HILL,DUPLIN,34.83815,-78.02585,ON SCREEN PLACEMENT ON GEOREFERENCED MAP,ACMEMAPPER,FALSE,FALSE,https://edocs.deq.nc.gov/WasteManagement/Search.aspx?dbid=0&searchcommand=%7B%5BWM%5D:%5BProgram_ID%5D%20%3D%20%22*NCD003198967*%22%7D,7/2/2026 12:00:00 AM,-78.0258499999999,34.83815
48333,NCD003201837,"ENCEE CHEMICAL SALES, INC.",1102 HWY 17 N D ST,BRIDGETON,CRAVEN,35.12961,-77.0256,ON SCREEN PLACEMENT ON GEOREFERENCED MAP,ACMEMAPPER,FALSE,FALSE,https://edocs.deq.nc.gov/WasteManagement/Search.aspx?dbid=0&searchcommand=%7B%5BWM%5D:%5BProgram_ID%5D%20%3D%20%22*NCD003200656*%22%7D,7/2/2026 12:00:00 AM,-77.0255999999999,35.1296100000001
48334,NCD003213030,DOUGLAS BATTERY MANUFACTURING CO.,500 BATTERY DR,WINSTON-SALEM,FORSYTH,36.06,-80.2289,ON SCREEN PLACEMENT ON GEOREFERENCED MAP,ESRI AGOL BASE MAP,FALSE,FALSE,https://edocs.deq.nc.gov/WasteManagement/Search.aspx?dbid=0&searchcommand=%7B%5BWM%5D:%5BProgram_ID%5D%20%3D%20%22*NCD003201837*%22%7D,7/2/2026 12:00:00 AM,-80.2289,36.0600000000001
48335,NCD003213568,LIBERTY FURNITURE CORP/CHROMCRAFT,330 N GREENSBORO ST,LIBERTY,RANDOLPH,35.85902,-79.57131,ON SCREEN PLACEMENT ON GEOREFERENCED MAP,ACMEMAPPER,FALSE,FALSE,https://edocs.deq.nc.gov/WasteManagement/Search.aspx?dbid=0&searchcommand=%7B%5BWM%5D:%5BProgram_ID%5D%20%3D%20%22*NCD003213030*%22%7D,7/2/2026 12:00:00 AM,-79.57131,35.85902
48336,NCD003213881,BENDIX CORPORATION,I-85 INNES ST EXIT,SALISBURY,ROWAN,35.65158,-80.46657,ON SCREEN PLACEMENT ON GEOREFERENCED MAP,ACMEMAPPER,FALSE,FALSE,https://edocs.deq.nc.gov/WasteManagement/Search.aspx?dbid=0&searchcommand=%7B%5BWM%5D:%5BProgram_ID%5D%20%3D%20%22*NCD003213568*%22%7D,7/2/2026 12:00:00 AM,-80.46657,35.65158
48337,NCD003214574,"SPRUANCE SOUTHERN, INC.",115 E ELLER DR,,DAVIDSON,35.96007277,-80.21803,ON SCREEN PLACEMENT ON GEOREFERENCED MAP,ACMEMAPPER,FALSE,FALSE,https://edocs.deq.nc.gov/WasteManagement/Search.aspx?dbid=0&searchcommand=%7B%5BWM%5D:%5BProgram_ID%5D%20%3D%20%22*NCD003213881*%22%7D,7/2/2026 12:00:00 AM,-80.2180299999999,35.9600727700001
48338,NCD003215696,HUNT MANUFACTURING,2301 SPEEDBALL ROAD,STATESVILLE,IREDELL,35.79441,-80.92855,ON SCREEN PLACEMENT ON GEOREFERENCED MAP,ACMEMAPPER,FALSE,TRUE,https://edocs.deq.nc.gov/WasteManagement/Search.aspx?dbid=0&searchcommand=%7B%5BWM%5D:%5BProgram_ID%5D%20%3D%20%22*NCD003214574*%22%7D,7/2/2026 12:00:00 AM,-80.92855,35.79441
48339,NCD003216397,HIGHLAND INDUSTRIES/BURLINGTON IND.,215 DRUMMOND ST/SR 2089,KERNERSVILLE,FORSYTH,36.12016,-80.07033,ON SCREEN PLACEMENT ON GEOREFERENCED MAP,ACMEMAPPER,FALSE,FALSE,https://edocs.deq.nc.gov/WasteManagement/Search.aspx?dbid=0&searchcommand=%7B%5BWM%5D:%5BProgram_ID%5D%20%3D%20%22*NCD003215696*%22%7D,7/2/2026 12:00:00 AM,-80.07033,36.1201600000001
48340,NCD003216413,RALEIGH ROAD FURNITURE CORP/STANLEY,802 WEST CENTER ROAD,LEXINGTON,DAVIDSON,35.83245,-80.26451,ON SCREEN PLACEMENT ON GEOREFERENCED MAP,ACMEMAPPER,FALSE,FALSE,https://edocs.deq.nc.gov/WasteManagement/Search.aspx?dbid=0&searchcommand=%7B%5BWM%5D:%5BProgram_ID%5D%20%3D%20%22*NCD003216397*%22%7D,7/2/2026 12:00:00 AM,-80.26451,35.8324500000001
48341,NCD003216462,UNION CARBIDE CORP/EVEREADY BATTERY,800 ALBEMARLE RD,ASHEBORO,RANDOLPH,35.69023,-79.8262,ON SCREEN PLACEMENT ON GEOREFERENCED MAP,ACMEMAPPER,FALSE,FALSE,https://edocs.deq.nc.gov/WasteManagement/Search.aspx?dbid=0&searchcommand=%7B%5BWM%5D:%5BProgram_ID%5D%20%3D%20%22*NCD003216413*%22%7D,7/2/2026 12:00:00 AM,-79.8262,35.69023
48342,NCD003218161,CORNELL-DUBLIER ELECTRONICS,2652 DALRYMPLE ST,SANFORD,LEE,35.455113,-79.143719,ON SCREEN PLACEMENT ON GEOREFERENCED MAP,GOOGLE MAPS,FALSE,FALSE,https://edocs.deq.nc.gov/WasteManagement/Search.aspx?dbid=0&searchcommand=%7B%5BWM%5D:%5BProgram_ID%5D%20%3D%20%22*NCD003216462*%22%7D,7/2/2026 12:00:00 AM,-79.143719,35.455113
48343,NCD003218492,CAROLINA RUBBER HOSE COMPANY,1801 SOUTH RAILROAD,SALISBURY,ROWAN,35.652958,-80.492045,ON SCREEN PLACEMENT ON GEOREFERENCED MAP,ESRI AGOL BASE MAP,FALSE,FALSE,https://edocs.deq.nc.gov/WasteManagement/Search.aspx?dbid=0&searchcommand=%7B%5BWM%5D:%5BProgram_ID%5D%20%3D%20%22*NCD003218161*%22%7D,7/2/2026 12:00:00 AM,-80.492045,35.6529580000001
48344,NCD003219789,CAROLINA BIOLOGICAL SUPPLY CO,2700 YORK RD.,BURLINGTON,ALAMANCE,36.105555,-79.488888,ON SCREEN PLACEMENT ON GEOREFERENCED MAP,ACMEMAPPER,FALSE,FALSE,https://edocs.deq.nc.gov/WasteManagement/Search.aspx?dbid=0&searchcommand=%7B%5BWM%5D:%5BProgram_ID%5D%20%3D%20%22*NCD003218492*%22%7D,7/2/2026 12:00:00 AM,-79.488888,36.105555
48345,NCD003230836,DUKE REFINING CORPORATION,2020 JARRELL STREET,HIGH POINT,GUILFORD,35.93121,-80.00021,ON SCREEN PLACEMENT ON GEOREFERENCED MAP,ACMEMAPPER,FALSE,FALSE,https://edocs.deq.nc.gov/WasteManagement/Search.aspx?dbid=0&searchcommand=%7B%5BWM%5D:%5BProgram_ID%5D%20%3D%20%22*NCD003219789*%22%7D,7/2/2026 12:00:00 AM,-80.00021,35.9312100000001
48346,NCD003231545,"SHERWOOD TREATING CO., INC.",1660 SILAS CREEK PKWAY,WINSTON-SALEM,FORSYTH,36.06687,-80.26459,ON SCREEN PLACEMENT ON GEOREFERENCED MAP,ESRI AGOL BASE MAP,FALSE,FALSE,https://edocs.deq.nc.gov/WasteManagement/Search.aspx?dbid=0&searchcommand=%7B%5BWM%5D:%5BProgram_ID%5D%20%3D%20%22*NCD003230836*%22%7D,7/2/2026 12:00:00 AM,-80.2645899999999,36.0668700000001
48347,NCD003232477,HIGH FALLS MILLS LLC,1714 CAROLINA MILL RD,BURLINGTON,ALAMANCE,36.122023,-79.403528,ON SCREEN PLACEMENT ON GEOREFERENCED MAP,ESRI AGOL BASE MAP,FALSE,FALSE,https://edocs.deq.nc.gov/WasteManagement/Search.aspx?dbid=0&searchcommand=%7B%5BWM%5D:%5BProgram_ID%5D%20%3D%20%22*NCD003231545*%22%7D,7/2/2026 12:00:00 AM,-79.4035279999999,36.1220230000001
48348,NCD003233111,MARSH FURNITURE COMPANY,1001 S CENTENNIAL ST,HIGH POINT,GUILFORD,35.94314,-79.99977,ON SCREEN PLACEMENT ON GEOREFERENCED MAP,ACMEMAPPER,FALSE,FALSE,https://edocs.deq.nc.gov/WasteManagement/Search.aspx?dbid=0&searchcommand=%7B%5BWM%5D:%5BProgram_ID%5D%20%3D%20%22*NCD003232477*%22%7D,7/2/2026 12:00:00 AM,-79.99977,35.94314
48349,NCD003233673,HOOVER REPAIR SHOP,461 N SOUTH STREET SR1669,MT AIRY,SURRY,36.503939,-80.616281,ON SCREEN PLACEMENT ON GEOREFERENCED MAP,ESRI AGOL BASE MAP,FALSE,FALSE,https://edocs.deq.nc.gov/WasteManagement/Search.aspx?dbid=0&searchcommand=%7B%5BWM%5D:%5BProgram_ID%5D%20%3D%20%22*NCD003233111*%22%7D,7/2/2026 12:00:00 AM,-80.616281,36.5039390000001
48350,NCD003234549,SCM PROCTOR SILEX/WEAREVER,575 YADKIN RD,SOUTHERN PINES,MOORE,35.18956,-79.37807,ON SCREEN PLACEMENT ON GEOREFERENCED MAP,ACMEMAPPER,FALSE,TRUE,https://edocs.deq.nc.gov/WasteManagement/Search.aspx?dbid=0&searchcommand=%7B%5BWM%5D:%5BProgram_ID%5D%20%3D%20%22*NCD003233673*%22%7D,7/2/2026 12:00:00 AM,-79.37807,35.18956
48351,NCD003235066,NEW AGE FURNITURE CO/MILLER TOOL,PROSPECT INDUSTRIAL PARK,LEXINGTON,DAVIDSON,35.802379,-80.277613,ON SCREEN PLACEMENT ON GEOREFERENCED MAP,GOOGLE MAPS,FALSE,FALSE,https://edocs.deq.nc.gov/WasteManagement/Search.aspx?dbid=0&searchcommand=%7B%5BWM%5D:%5BProgram_ID%5D%20%3D%20%22*NCD003234549*%22%7D,7/2/2026 12:00:00 AM,-80.277613,35.802379
48352,NCD003236841,WARLICK PAINT COMPANY,945 MONROE ST,STATESVILLE,IREDELL,35.77376,-80.86514,ON SCREEN PLACEMENT ON GEOREFERENCED MAP,ACMEMAPPER,FALSE,FALSE,https://edocs.deq.nc.gov/WasteManagement/Search.aspx?dbid=0&searchcommand=%7B%5BWM%5D:%5BProgram_ID%5D%20%3D%20%22*NCD003235066*%22%7D,7/2/2026 12:00:00 AM,-80.8651399999999,35.77376
48353,NCD003459336,"SURTRONICS, INC.",4001 BERYL RD,RALEIGH,WAKE,35.7941,-78.694393,ON SCREEN PLACEMENT ON GEOREFERENCED MAP,ACMEMAPPER,FALSE,FALSE,https://edocs.deq.nc.gov/WasteManagement/Search.aspx?dbid=0&searchcommand=%7B%5BWM%5D:%5BProgram_ID%5D%20%3D%20%22*NCD003236841*%22%7D,7/2/2026 12:00:00 AM,-78.6943929999999,35.7941000000001
48354,NCD003464369,IMC/INTERNATIONAL MINERALS & CHEM,GLEEN AVENUE EXTENSION,WINSTON-SALEM,FORSYTH,36.13042,-80.23857,ON SCREEN PLACEMENT ON GEOREFERENCED MAP,ACMEMAPPER,FALSE,FALSE,https://edocs.deq.nc.gov/WasteManagement/Search.aspx?dbid=0&searchcommand=%7B%5BWM%5D:%5BProgram_ID%5D%20%3D%20%22*NCD003459336*%22%7D,7/2/2026 12:00:00 AM,-80.23857,36.1304200000001
48355,NCD003464765,VAUGHAN-BASSETT FURNITURE CO.,ROUTE 268 EAST,ELKIN,SURRY,36.24896,-80.83781,ON SCREEN PLACEMENT ON GEOREFERENCED MAP,ACMEMAPPER,FALSE,FALSE,https://edocs.deq.nc.gov/WasteManagement/Search.aspx?dbid=0&searchcommand=%7B%5BWM%5D:%5BProgram_ID%5D%20%3D%20%22*NCD003464369*%22%7D,7/2/2026 12:00:00 AM,-80.8378099999999,36.2489600000001
48356,NCD003467974,AMP INCORPORATED,1126 CHURCH ST,GREENSBORO,GUILFORD,36.093115,-79.782494,ON SCREEN PLACEMENT ON GEOREFERENCED MAP,ESRI AGOL BASE MAP,FALSE,FALSE,https://edocs.deq.nc.gov/WasteManagement/Search.aspx?dbid=0&searchcommand=%7B%5BWM%5D:%5BProgram_ID%5D%20%3D%20%22*NCD003464765*%22%7D,7/2/2026 12:00:00 AM,-79.782494,36.0931150000001
48357,NCD003520301,"OVERCASH MACHINE SHOP, INC.",865 CONNOR STREET,STATESVILLE,IREDELL,35.77699,-80.9013,ON SCREEN PLACEMENT ON GEOREFERENCED MAP,ACMEMAPPER,FALSE,FALSE,https://edocs.deq.nc.gov/WasteManagement/Search.aspx?dbid=0&searchcommand=%7B%5BWM%5D:%5BProgram_ID%5D%20%3D%20%22*NCD003467974*%22%7D,7/2/2026 12:00:00 AM,-80.9012999999999,35.7769900000001
48358,NCD003528825,FIELDCREST MILLS INC.,WALPAT RD,SMITHFIELD,JOHNSTON,35.48506,-78.36059,ON SCREEN PLACEMENT ON GEOREFERENCED MAP,ACMEMAPPER,FALSE,FALSE,https://edocs.deq.nc.gov/WasteManagement/Search.aspx?dbid=0&searchcommand=%7B%5BWM%5D:%5BProgram_ID%5D%20%3D%20%22*NCD003520301*%22%7D,7/2/2026 12:00:00 AM,-78.3605899999999,35.48506
48359,NCD003938586,CORNING GLASS WORKS,310 NORTH COLLEGE RD,WILMINGTON,NEW HANOVER,34.25068,-77.86877,ON SCREEN PLACEMENT ON GEOREFERENCED MAP,ACMEMAPPER,FALSE,FALSE,https://edocs.deq.nc.gov/WasteManagement/Search.aspx?dbid=0&searchcommand=%7B%5BWM%5D:%5BProgram_ID%5D%20%3D%20%22*NCD003528825*%22%7D,7/2/2026 12:00:00 AM,-77.86877,34.25068
48360,NCD003951878,SQUARE D COMPANY,128 BINGHAM RD,ASHEVILLE,BUNCOMBE,35.60668,-82.58728,ON SCREEN PLACEMENT ON GEOREFERENCED MAP,ACMEMAPPER,FALSE,FALSE,https://edocs.deq.nc.gov/WasteManagement/Search.aspx?dbid=0&searchcommand=%7B%5BWM%5D:%5BProgram_ID%5D%20%3D%20%22*NCD003938586*%22%7D,7/2/2026 12:00:00 AM,-82.58728,35.60668
48361,NCD004520136,EATON CORPORATION,ROUTE 501 SOUTH,ROXBORO,PERSON,36.359262,-78.985681,ON SCREEN PLACEMENT ON GEOREFERENCED MAP,ESRI AGOL BASE MAP,FALSE,TRUE,https://edocs.deq.nc.gov/WasteManagement/Search.aspx?dbid=0&searchcommand=%7B%5BWM%5D:%5BProgram_ID%5D%20%3D%20%22*NCD003951878*%22%7D,7/2/2026 12:00:00 AM,-78.9856809999999,36.3592620000001
48362,NCD006390561,"AKZO NOBLE COATINGS, INC.",1431 PROGRESS ST,HIGH POINT,GUILFORD,35.92326,-80.02234,ON SCREEN PLACEMENT ON GEOREFERENCED MAP,ACMEMAPPER,FALSE,FALSE,https://edocs.deq.nc.gov/WasteManagement/Search.aspx?dbid=0&searchcommand=%7B%5BWM%5D:%5BProgram_ID%5D%20%3D%20%22*NCD004520136*%22%7D,7/2/2026 12:00:00 AM,-80.02234,35.92326
48363,NCD006556963,CR INDUSTRIES,4328 S YORK HWY,GASTONIA,GASTON,35.20164,-81.2111,ON SCREEN PLACEMENT ON GEOREFERENCED MAP,ACMEMAPPER,FALSE,FALSE,https://edocs.deq.nc.gov/WasteManagement/Search.aspx?dbid=0&searchcommand=%7B%5BWM%5D:%5BProgram_ID%5D%20%3D%20%22*NCD006390561*%22%7D,7/2/2026 12:00:00 AM,-81.2111,35.2016400000001
48364,NCD009305699,"GTE SYLVANIA, INC.",1315 OUTLET CENTER DR,SMITHFIELD,JOHNSTON,35.51441,-78.30668,ON SCREEN PLACEMENT ON GEOREFERENCED MAP,ACMEMAPPER,FALSE,FALSE,https://edocs.deq.nc.gov/WasteManagement/Search.aspx?dbid=0&searchcommand=%7B%5BWM%5D:%5BProgram_ID%5D%20%3D%20%22*NCD006556963*%22%7D,7/2/2026 12:00:00 AM,-78.30668,35.5144100000001
48365,NCD024459471,GUYTON BATTERY SERVICE,HWY 401 S,CHADBOURN,COLUMBUS,34.29381,-78.82656,ON SCREEN PLACEMENT ON GEOREFERENCED MAP,ACMEMAPPER,FALSE,FALSE,https://edocs.deq.nc.gov/WasteManagement/Search.aspx?dbid=0&searchcommand=%7B%5BWM%5D:%5BProgram_ID%5D%20%3D%20%22*NCD009305699*%22%7D,7/2/2026 12:00:00 AM,-78.82656,34.2938100000001
48366,NCD024462327,ACADEMY STEEL DRUM,3213 RIDGE RD,MATTHEWS,MECKLENBURG,35.10161,-80.69745,ON SCREEN PLACEMENT ON GEOREFERENCED MAP,ACMEMAPPER,TRUE,FALSE,https://edocs.deq.nc.gov/WasteManagement/Search.aspx?dbid=0&searchcommand=%7B%5BWM%5D:%5BProgram_ID%5D%20%3D%20%22*NCD024459471*%22%7D,7/2/2026 12:00:00 AM,-80.6974499999999,35.1016100000001
48367,NCD024468597,CHARLOTTE STEEL DRUM,2900 WEST TRADE STREET,CHARLOTTE,MECKLENBURG,35.25276,-80.86884,ON SCREEN PLACEMENT ON GEOREFERENCED MAP,ACMEMAPPER,FALSE,FALSE,https://edocs.deq.nc.gov/WasteManagement/Search.aspx?dbid=0&searchcommand=%7B%5BWM%5D:%5BProgram_ID%5D%20%3D%20%22*NCD024462327*%22%7D,7/2/2026 12:00:00 AM,-80.86884,35.2527600000001
48368,NCD024477556,WINSTON CONTAINER COMPANY,4732 MORRIS FIELD RD,CHARLOTTE,MECKLENBURG,35.21698,-80.92439,ON SCREEN PLACEMENT ON GEOREFERENCED MAP,ACMEMAPPER,FALSE,FALSE,https://edocs.deq.nc.gov/WasteManagement/Search.aspx?dbid=0&searchcommand=%7B%5BWM%5D:%5BProgram_ID%5D%20%3D%20%22*NCD024468597*%22%7D,7/2/2026 12:00:00 AM,-80.92439,35.21698
48369,NCD024577421,NORTH CAROLINA SALVAGE CO.,HWY 117 SOUTH,GOLDSBORO,WAYNE,35.34783333,-78.01881389,ON SCREEN PLACEMENT ON GEOREFERENCED MAP,ACMEMAPPER,FALSE,FALSE,https://edocs.deq.nc.gov/WasteManagement/Search.aspx?dbid=0&searchcommand=%7B%5BWM%5D:%5BProgram_ID%5D%20%3D%20%22*NCD024477556*%22%7D,7/2/2026 12:00:00 AM,-78.01881389,35.3478333300001
48370,NCD024600579,SUPERIOR PRODUCTS COMPANY,4801 BURLINGTON RD,GREENSBORO,GUILFORD,36.091355,-79.688375,ON SCREEN PLACEMENT ON GEOREFERENCED MAP,ACMEMAPPER,FALSE,FALSE,https://edocs.deq.nc.gov/WasteManagement/Search.aspx?dbid=0&searchcommand=%7B%5BWM%5D:%5BProgram_ID%5D%20%3D%20%22*NCD024577421*%22%7D,7/2/2026 12:00:00 AM,-79.688375,36.0913550000001
48371,NCD024740433,EC MANUFACTURING,413 N. POLK STREET,PINEVILLE,MECKLENBURG,35.088793,-80.886598,ON SCREEN PLACEMENT ON GEOREFERENCED MAP,ACMEMAPPER,FALSE,FALSE,https://edocs.deq.nc.gov/WasteManagement/Search.aspx?dbid=0&searchcommand=%7B%5BWM%5D:%5BProgram_ID%5D%20%3D%20%22*NCD024600579*%22%7D,7/2/2026 12:00:00 AM,-80.8865979999999,35.0887930000001
48372,NCD024762668,BUSH BROTHERS PLATING INC/GREER,107 NE MARKET ST,REIDSVILLE,ROCKINGHAM,36.36236,-79.66263,ON SCREEN PLACEMENT ON GEOREFERENCED MAP,ACMEMAPPER,FALSE,FALSE,https://edocs.deq.nc.gov/WasteManagement/Search.aspx?dbid=0&searchcommand=%7B%5BWM%5D:%5BProgram_ID%5D%20%3D%20%22*NCD024740433*%22%7D,7/2/2026 12:00:00 AM,-79.66263,36.36236
48373,NCD024770125,BURLINGTON FURNITURE,ATOAH STREET,ROBBINSVILLE,GRAHAM,35.31807,-83.81624,ON SCREEN PLACEMENT ON GEOREFERENCED MAP,ACMEMAPPER,FALSE,FALSE,https://edocs.deq.nc.gov/WasteManagement/Search.aspx?dbid=0&searchcommand=%7B%5BWM%5D:%5BProgram_ID%5D%20%3D%20%22*NCD024762668*%22%7D,7/2/2026 12:00:00 AM,-83.8162399999999,35.31807
48374,NCD024852675,SCHULHOFER JUNKYARD,816 HOWELL MILL ROAD,WAYNESVILLE,HAYWOOD,35.50729,-82.97605,ON SCREEN PLACEMENT ON GEOREFERENCED MAP,ACMEMAPPER,FALSE,FALSE,https://edocs.deq.nc.gov/WasteManagement/Search.aspx?dbid=0&searchcommand=%7B%5BWM%5D:%5BProgram_ID%5D%20%3D%20%22*NCD024770125*%22%7D,7/2/2026 12:00:00 AM,-82.97605,35.5072900000001
48375,NCD024852907,TAYLOR MOTOR CO,524 RUSS AVENUE,WAYNESVILLE,HAYWOOD,35.501432,-82.987087,ON SCREEN PLACEMENT ON GEOREFERENCED MAP,ESRI AGOL BASE MAP,FALSE,FALSE,https://edocs.deq.nc.gov/WasteManagement/Search.aspx?dbid=0&searchcommand=%7B%5BWM%5D:%5BProgram_ID%5D%20%3D%20%22*NCD024852675*%22%7D,7/2/2026 12:00:00 AM,-82.987087,35.5014320000001
48376,NCD024895864,STEWART-WARNER CORP/BASSICK-SACK,2941 INDIANA AVE,WINSTON-SALEM,FORSYTH,36.12849,-80.23719,ON SCREEN PLACEMENT ON GEOREFERENCED MAP,ACMEMAPPER,FALSE,TRUE,https://edocs.deq.nc.gov/WasteManagement/Search.aspx?dbid=0&searchcommand=%7B%5BWM%5D:%5BProgram_ID%5D%20%3D%20%22*NCD024852907*%22%7D,7/2/2026 12:00:00 AM,-80.2371899999999,36.1284900000001
48377,NCD033978396,ATEC INDUSTRIES,PERKINS DRIVE,ROXBORO,PERSON,36.43962,-78.97312,ON SCREEN PLACEMENT ON GEOREFERENCED MAP,ACMEMAPPER,FALSE,FALSE,https://edocs.deq.nc.gov/WasteManagement/Search.aspx?dbid=0&searchcommand=%7B%5BWM%5D:%5BProgram_ID%5D%20%3D%20%22*NCD024895864*%22%7D,7/2/2026 12:00:00 AM,-78.9731199999999,36.43962
48378,NCD037160439,"TOASTMASTER, INCORPORATED",17160 PLANT RD,LAURINBURG,SCOTLAND,34.80225,-79.46188,ON SCREEN PLACEMENT ON GEOREFERENCED MAP,ACMEMAPPER,FALSE,FALSE,https://edocs.deq.nc.gov/WasteManagement/Search.aspx?dbid=0&searchcommand=%7B%5BWM%5D:%5BProgram_ID%5D%20%3D%20%22*NCD033978396*%22%7D,7/2/2026 12:00:00 AM,-79.46188,34.8022500000001
48379,NCD038551263,TRI-COUNTY COMMUNITY COLLEGE,OFF US 64 E SOUTH OF NC 1,MURPHY,CHEROKEE,35.06675,-83.96576,ON SCREEN PLACEMENT ON GEOREFERENCED MAP,ACMEMAPPER,FALSE,FALSE,https://edocs.deq.nc.gov/WasteManagement/Search.aspx?dbid=0&searchcommand=%7B%5BWM%5D:%5BProgram_ID%5D%20%3D%20%22*NCD037160439*%22%7D,7/2/2026 12:00:00 AM,-83.96576,35.0667500000001
48380,NCD039102959,HEVI-DUTY ELECTRIC/GENERAL SIG,2701 HWY 117 S,GOLDSBORO,WAYNE,35.329622,-78.031985,ON SCREEN PLACEMENT ON GEOREFERENCED MAP,GOOGLE MAPS,TRUE,FALSE,https://edocs.deq.nc.gov/WasteManagement/Search.aspx?dbid=0&searchcommand=%7B%5BWM%5D:%5BProgram_ID%5D%20%3D%20%22*NCD038551263*%22%7D,7/2/2026 12:00:00 AM,-78.031985,35.329622
48381,NCD040042426,AEROQUIP,8171 PLANER MILL RD,MIDDLESEX,NASH,35.78585,-78.1851,ON SCREEN PLACEMENT ON GEOREFERENCED MAP,ACMEMAPPER,FALSE,FALSE,https://edocs.deq.nc.gov/WasteManagement/Search.aspx?dbid=0&searchcommand=%7B%5BWM%5D:%5BProgram_ID%5D%20%3D%20%22*NCD039102959*%22%7D,7/2/2026 12:00:00 AM,-78.1851,35.78585
48382,NCD040047425,PRILLAMAN CHEMICALS,334 WORTH STREET,FAYETTEVILLE,CUMBERLAND,35.04894,-78.882533,ON SCREEN PLACEMENT ON GEOREFERENCED MAP,ACMEMAPPER,FALSE,TRUE,https://edocs.deq.nc.gov/WasteManagement/Search.aspx?dbid=0&searchcommand=%7B%5BWM%5D:%5BProgram_ID%5D%20%3D%20%22*NCD040042426*%22%7D,7/2/2026 12:00:00 AM,-78.882533,35.0489400000001
48383,NCD040052854,KAISER AGRICULTURAL CHEMICALS (FRMR),510 E BARNES ST,WILSON,WILSON,35.720858,-77.908228,ON SCREEN PLACEMENT ON GEOREFERENCED MAP,ACMEMAPPER,FALSE,FALSE,https://edocs.deq.nc.gov/WasteManagement/Search.aspx?dbid=0&searchcommand=%7B%5BWM%5D:%5BProgram_ID%5D%20%3D%20%22*NCD040047425*%22%7D,7/2/2026 12:00:00 AM,-77.908228,35.7208580000001
48384,NCD041230418,AMP INCORPORATED,3900 REIDSVILLE ROAD,WINSTON-SALEM,FORSYTH,36.1091,-80.1887,ON SCREEN PLACEMENT ON GEOREFERENCED MAP,ACMEMAPPER,FALSE,FALSE,https://edocs.deq.nc.gov/WasteManagement/Search.aspx?dbid=0&searchcommand=%7B%5BWM%5D:%5BProgram_ID%5D%20%3D%20%22*NCD040052854*%22%7D,7/2/2026 12:00:00 AM,-80.1887,36.1091000000001
48385,NCD041414780,FIELDCREST MILLS INC./NC FINISHING,US 29/70 N,SPENCER,ROWAN,35.72158,-80.3957,ON SCREEN PLACEMENT ON GEOREFERENCED MAP,ACMEMAPPER,FALSE,FALSE,https://edocs.deq.nc.gov/WasteManagement/Search.aspx?dbid=0&searchcommand=%7B%5BWM%5D:%5BProgram_ID%5D%20%3D%20%22*NCD041230418*%22%7D,7/2/2026 12:00:00 AM,-80.3957,35.7215800000001
48386,NCD041415019,VALSPAR CORPORATION,1647 ENGLISH RD,HIGH POINT,GUILFORD,35.94612,-80.01993,ON SCREEN PLACEMENT ON GEOREFERENCED MAP,ACMEMAPPER,FALSE,FALSE,https://edocs.deq.nc.gov/WasteManagement/Search.aspx?dbid=0&searchcommand=%7B%5BWM%5D:%5BProgram_ID%5D%20%3D%20%22*NCD041414780*%22%7D,7/2/2026 12:00:00 AM,-80.01993,35.9461200000001
48387,NCD041466525,ROCKY MOUNT FIBER DUMP,ATLANTIC AVE EXTENSION,ROCKY MOUNT,EDGECOMBE,35.96484,-77.78156,ON SCREEN PLACEMENT ON GEOREFERENCED MAP,ACMEMAPPER,FALSE,FALSE,https://edocs.deq.nc.gov/WasteManagement/Search.aspx?dbid=0&searchcommand=%7B%5BWM%5D:%5BProgram_ID%5D%20%3D%20%22*NCD041415019*%22%7D,7/2/2026 12:00:00 AM,-77.78156,35.96484
48388,NCD041466806,PHILLIPS PLATING,US 17 HWY NORTH,BRIDGETON,CRAVEN,35.1433,-77.03231,ON SCREEN PLACEMENT ON GEOREFERENCED MAP,ACMEMAPPER,FALSE,FALSE,https://edocs.deq.nc.gov/WasteManagement/Search.aspx?dbid=0&searchcommand=%7B%5BWM%5D:%5BProgram_ID%5D%20%3D%20%22*NCD041466525*%22%7D,7/2/2026 12:00:00 AM,-77.0323099999999,35.1433000000001
48389,NCD041519364,TEXASGULF CHEMICALS COMPANY,HWY 306 NORTH,AURORA,BEAUFORT,35.38,-76.775,ON SCREEN PLACEMENT ON GEOREFERENCED MAP,ACMEMAPPER,FALSE,FALSE,https://edocs.deq.nc.gov/WasteManagement/Search.aspx?dbid=0&searchcommand=%7B%5BWM%5D:%5BProgram_ID%5D%20%3D%20%22*NCD041466806*%22%7D,7/2/2026 12:00:00 AM,-76.775,35.3800000000001
48390,NCD042091215,RJR TECH COMPANY,841 AVOCA FARM RD,MERRY HILL,BERTIE,36.00203,-76.71226,ON SCREEN PLACEMENT ON GEOREFERENCED MAP,ACMEMAPPER,FALSE,FALSE,https://edocs.deq.nc.gov/WasteManagement/Search.aspx?dbid=0&searchcommand=%7B%5BWM%5D:%5BProgram_ID%5D%20%3D%20%22*NCD041519364*%22%7D,7/2/2026 12:00:00 AM,-76.71226,36.00203
48391,NCD042269134,SOUTHERN SCREW/FARLEY METALS,1225 BARKLEY RD,STATESVILLE,IREDELL,35.76493,-80.85539,ON SCREEN PLACEMENT ON GEOREFERENCED MAP,ACMEMAPPER,FALSE,FALSE,https://edocs.deq.nc.gov/WasteManagement/Search.aspx?dbid=0&searchcommand=%7B%5BWM%5D:%5BProgram_ID%5D%20%3D%20%22*NCD042091215*%22%7D,7/2/2026 12:00:00 AM,-80.8553899999999,35.76493
48392,NCD042423087,APOLLO CHEMICAL CORPORATION,1105 SOUTHERLAND STREET,GRAHAM,ALAMANCE,36.083134,-79.405568,ON SCREEN PLACEMENT ON GEOREFERENCED MAP,ESRI AGOL BASE MAP,FALSE,FALSE,https://edocs.deq.nc.gov/WasteManagement/Search.aspx?dbid=0&searchcommand=%7B%5BWM%5D:%5BProgram_ID%5D%20%3D%20%22*NCD042269134*%22%7D,7/2/2026 12:00:00 AM,-79.405568,36.083134
48393,NCD042890525,DIAMOND SHAMROCK CORP/MARIETTA,SR 1002,CASTLE HAYNE,NEW HANOVER,34.36904,-77.86421,ON SCREEN PLACEMENT ON GEOREFERENCED MAP,ACMEMAPPER,FALSE,FALSE,https://edocs.deq.nc.gov/WasteManagement/Search.aspx?dbid=0&searchcommand=%7B%5BWM%5D:%5BProgram_ID%5D%20%3D%20%22*NCD042423087*%22%7D,7/2/2026 12:00:00 AM,-77.86421,34.36904
48394,NCD042891663,MITCHELL ENGR CO/CECO BLDG. DIV.,BYPASS 301,ROCKY MOUNT,NASH,36.02692,-77.76331,ON SCREEN PLACEMENT ON GEOREFERENCED MAP,ACMEMAPPER,TRUE,FALSE,https://edocs.deq.nc.gov/WasteManagement/Search.aspx?dbid=0&searchcommand=%7B%5BWM%5D:%5BProgram_ID%5D%20%3D%20%22*NCD042890525*%22%7D,7/2/2026 12:00:00 AM,-77.76331,36.0269200000001
48395,NCD043679349,GENERAL TIRE & RUBBER CO,1900 CONTINENTAL BLVD,CHARLOTTE,MECKLENBURG,35.12751,-80.92534,ON SCREEN PLACEMENT ON GEOREFERENCED MAP,ACMEMAPPER,FALSE,FALSE,https://edocs.deq.nc.gov/WasteManagement/Search.aspx?dbid=0&searchcommand=%7B%5BWM%5D:%5BProgram_ID%5D%20%3D%20%22*NCD042891663*%22%7D,7/2/2026 12:00:00 AM,-80.9253399999999,35.12751
48396,NCD043711977,"CHEMICAL LEAMAN TANK LINES, INC.",6600 WEST MARKET STREET,GREENSBORO,GUILFORD,36.07697,-79.91894,ON SCREEN PLACEMENT ON GEOREFERENCED MAP,ACMEMAPPER,FALSE,FALSE,https://edocs.deq.nc.gov/WasteManagement/Search.aspx?dbid=0&searchcommand=%7B%5BWM%5D:%5BProgram_ID%5D%20%3D%20%22*NCD043679349*%22%7D,7/2/2026 12:00:00 AM,-79.91894,36.0769700000001
48397,NCD044388015,GA-PACIFIC CORP HDBD,200 AMPAC RD,CONWAY,NORTHAMPTON,36.425128,-77.228083,GEOCODE (ADDRESS MATCH),UNKNOWN,FALSE,FALSE,https://edocs.deq.nc.gov/WasteManagement/Search.aspx?dbid=0&searchcommand=%7B%5BWM%5D:%5BProgram_ID%5D%20%3D%20%22*NCD043711977*%22%7D,7/2/2026 12:00:00 AM,-77.228083,36.425128
48398,NCD044444735,CROMPTON & KNOWLES CORP.,SPENCER MT RD,LOWELL,GASTON,35.2858,-81.1049,GPS (2-5 METER),,FALSE,FALSE,https://edocs.deq.nc.gov/WasteManagement/Search.aspx?dbid=0&searchcommand=%7B%5BWM%5D:%5BProgram_ID%5D%20%3D%20%22*NCD044388015*%22%7D,7/2/2026 12:00:00 AM,-81.1049,35.2858000000001
48399,NCD044513307,CE SMITH CO,3704 OLD BATTLEGROUND RD,GREENSBORO,GUILFORD,36.12835,-79.84556,ON SCREEN PLACEMENT ON GEOREFERENCED MAP,ACMEMAPPER,FALSE,FALSE,https://edocs.deq.nc.gov/WasteManagement/Search.aspx?dbid=0&searchcommand=%7B%5BWM%5D:%5BProgram_ID%5D%20%3D%20%22*NCD044444735*%22%7D,7/2/2026 12:00:00 AM,-79.84556,36.1283500000001
48400,NCD044514602,"RJR ARCHER, INC.",CUNNINGHAM AVE,WINSTON-SALEM,FORSYTH,36.07619,-80.22706,ON SCREEN PLACEMENT ON GEOREFERENCED MAP,ACMEMAPPER,FALSE,FALSE,https://edocs.deq.nc.gov/WasteManagement/Search.aspx?dbid=0&searchcommand=%7B%5BWM%5D:%5BProgram_ID%5D%20%3D%20%22*NCD044513307*%22%7D,7/2/2026 12:00:00 AM,-80.2270599999999,36.0761900000001
48401,NCD045451473,ACE CHEMICAL CORPORATION,9801 S TRYON ST,CHARLOTTE,MECKLENBURG,35.12513,-80.94277,ON SCREEN PLACEMENT ON GEOREFERENCED MAP,ACMEMAPPER,FALSE,FALSE,https://edocs.deq.nc.gov/WasteManagement/Search.aspx?dbid=0&searchcommand=%7B%5BWM%5D:%5BProgram_ID%5D%20%3D%20%22*NCD044514602*%22%7D,7/2/2026 12:00:00 AM,-80.9427699999999,35.1251300000001
48402,NCD045456134,BUSS AUTOMATION INCORPORATED,"511 CREEKWAY DR, NW",LENOIR,CALDWELL,35.91493,-81.5567,ON SCREEN PLACEMENT ON GEOREFERENCED MAP,ACMEMAPPER,FALSE,FALSE,https://edocs.deq.nc.gov/WasteManagement/Search.aspx?dbid=0&searchcommand=%7B%5BWM%5D:%5BProgram_ID%5D%20%3D%20%22*NCD045451473*%22%7D,7/2/2026 12:00:00 AM,-81.5567,35.91493
48403,NCD045915568,RALEIGH METAL PROCESSORS,2310 GARNER RD,RALEIGH,WAKE,35.749209,-78.631766,ON SCREEN PLACEMENT ON GEOREFERENCED MAP,ACMEMAPPER,FALSE,FALSE,https://edocs.deq.nc.gov/WasteManagement/Search.aspx?dbid=0&searchcommand=%7B%5BWM%5D:%5BProgram_ID%5D%20%3D%20%22*NCD045456134*%22%7D,7/2/2026 12:00:00 AM,-78.631766,35.7492090000001
48404,NCD045920279,HOLDING POND FOR WASTE/USS,100 QUALITY DR,NAVASSA,BRUNSWICK,34.25832,-77.98815,ON SCREEN PLACEMENT ON GEOREFERENCED MAP,ACMEMAPPER,TRUE,FALSE,https://edocs.deq.nc.gov/WasteManagement/Search.aspx?dbid=0&searchcommand=%7B%5BWM%5D:%5BProgram_ID%5D%20%3D%20%22*NCD045915568*%22%7D,7/2/2026 12:00:00 AM,-77.98815,34.25832
48405,NCD045924032,WEST POINT PEPPERELL_ALAMAC,1885 ALAMAC RD,LUMBERTON,ROBESON,34.58923,-79.00516,ON SCREEN PLACEMENT ON GEOREFERENCED MAP,ACMEMAPPER,FALSE,FALSE,https://edocs.deq.nc.gov/WasteManagement/Search.aspx?dbid=0&searchcommand=%7B%5BWM%5D:%5BProgram_ID%5D%20%3D%20%22*NCD045920279*%22%7D,7/2/2026 12:00:00 AM,-79.00516,34.58923
48406,NCD045924065,AMF/HATTERAS YACHTS,110 N GLENBURNIE ROAD,NEW BERN,CRAVEN,35.14035,-77.07236,ON SCREEN PLACEMENT ON GEOREFERENCED MAP,ACMEMAPPER,TRUE,FALSE,https://edocs.deq.nc.gov/WasteManagement/Search.aspx?dbid=0&searchcommand=%7B%5BWM%5D:%5BProgram_ID%5D%20%3D%20%22*NCD045924032*%22%7D,7/2/2026 12:00:00 AM,-77.0723599999999,35.1403500000001
48407,NCD045924339,ACME UNITED CORPORATION,HWY 117,FREMONT,WAYNE,35.53727,-77.97992,ON SCREEN PLACEMENT ON GEOREFERENCED MAP,ACMEMAPPER,FALSE,TRUE,https://edocs.deq.nc.gov/WasteManagement/Search.aspx?dbid=0&searchcommand=%7B%5BWM%5D:%5BProgram_ID%5D%20%3D%20%22*NCD045924065*%22%7D,7/2/2026 12:00:00 AM,-77.9799199999999,35.53727
48408,NCD045924487,CAROLINA ALUMINUM/EASCO/ALFINITY,600 METCALF STREET,WINTON,HERTFORD,36.394876,-76.92857,ON SCREEN PLACEMENT ON GEOREFERENCED MAP,ACMEMAPPER,FALSE,FALSE,https://edocs.deq.nc.gov/WasteManagement/Search.aspx?dbid=0&searchcommand=%7B%5BWM%5D:%5BProgram_ID%5D%20%3D%20%22*NCD045924339*%22%7D,7/2/2026 12:00:00 AM,-76.92857,36.3948760000001
48409,NCD046148540,CENTRAL TRANSPORT COMPANY,600 MELYNDA ROAD,CHARLOTTE,MECKLENBURG,35.27454,-80.9102,ON SCREEN PLACEMENT ON GEOREFERENCED MAP,ACMEMAPPER,FALSE,FALSE,https://edocs.deq.nc.gov/WasteManagement/Search.aspx?dbid=0&searchcommand=%7B%5BWM%5D:%5BProgram_ID%5D%20%3D%20%22*NCD045924487*%22%7D,7/2/2026 12:00:00 AM,-80.9102,35.2745400000001
48410,NCD046149019,"HISTRAND CHEMICAL, INC.",HWY 9,LENOIR,CALDWELL,35.94447,-81.55814,ON SCREEN PLACEMENT ON GEOREFERENCED MAP,ACMEMAPPER,FALSE,FALSE,https://edocs.deq.nc.gov/WasteManagement/Search.aspx?dbid=0&searchcommand=%7B%5BWM%5D:%5BProgram_ID%5D%20%3D%20%22*NCD046148540*%22%7D,7/2/2026 12:00:00 AM,-81.55814,35.94447
48411,NCD047257472,"APPLIED RESEARCH GROUP, INC.",2221 N. DAVIDSON STREET,CHARLOTTE,MECKLENBURG,35.23966,-80.8152,ON SCREEN PLACEMENT ON GEOREFERENCED MAP,ACMEMAPPER,FALSE,FALSE,https://edocs.deq.nc.gov/WasteManagement/Search.aspx?dbid=0&searchcommand=%7B%5BWM%5D:%5BProgram_ID%5D%20%3D%20%22*NCD046149019*%22%7D,7/2/2026 12:00:00 AM,-80.8151999999999,35.2396600000001
48412,NCD047371794,COASTAL LUMBER CO,934 N CRAVEN ST,NEW BERN,CRAVEN,35.116575,-77.04246,ON SCREEN PLACEMENT ON GEOREFERENCED MAP,ACMEMAPPER,FALSE,FALSE,https://edocs.deq.nc.gov/WasteManagement/Search.aspx?dbid=0&searchcommand=%7B%5BWM%5D:%5BProgram_ID%5D%20%3D%20%22*NCD047257472*%22%7D,7/2/2026 12:00:00 AM,-77.0424599999999,35.1165750000001
48413,NCD047372503,BRENNTAG/SOUTHCHEM,2000 E PETTIGREW ST,DURHAM,DURHAM,35.98,-78.880277,ON SCREEN PLACEMENT ON GEOREFERENCED MAP,ACMEMAPPER,FALSE,FALSE,https://edocs.deq.nc.gov/WasteManagement/Search.aspx?dbid=0&searchcommand=%7B%5BWM%5D:%5BProgram_ID%5D%20%3D%20%22*NCD047371794*%22%7D,7/2/2026 12:00:00 AM,-78.880277,35.9800000000001
48414,NCD048181218,CAROLINA GALVANIZING CORP.,HWY 221 E,ABERDEEN,MOORE,35.10797,-79.39135,ON SCREEN PLACEMENT ON GEOREFERENCED MAP,ACMEMAPPER,FALSE,FALSE,https://edocs.deq.nc.gov/WasteManagement/Search.aspx?dbid=0&searchcommand=%7B%5BWM%5D:%5BProgram_ID%5D%20%3D%20%22*NCD047372503*%22%7D,7/2/2026 12:00:00 AM,-79.39135,35.1079700000001
48415,NCD048184451,BURLINGTON HOME CHAIR,HIGHWAY 268,RONDA,WILKES,36.22046,-80.93765,ON SCREEN PLACEMENT ON GEOREFERENCED MAP,ACMEMAPPER,FALSE,FALSE,https://edocs.deq.nc.gov/WasteManagement/Search.aspx?dbid=0&searchcommand=%7B%5BWM%5D:%5BProgram_ID%5D%20%3D%20%22*NCD048181218*%22%7D,7/2/2026 12:00:00 AM,-80.93765,36.2204600000001
48416,NCD048401087,HOOKER FURNITURE,1212 THROWER ROAD,PLEASANT GARDEN,GUILFORD,35.961205,-79.766035,ON SCREEN PLACEMENT ON GEOREFERENCED MAP,ACMEMAPPER,FALSE,FALSE,https://edocs.deq.nc.gov/WasteManagement/Search.aspx?dbid=0&searchcommand=%7B%5BWM%5D:%5BProgram_ID%5D%20%3D%20%22*NCD048184451*%22%7D,7/2/2026 12:00:00 AM,-79.766035,35.9612050000001
48417,NCD048462881,ARMOLOY CO OF NC/HI-TECH,1603 SALISBURY ROAD,STATESVILLE,IREDELL,35.76791,-80.85129,ON SCREEN PLACEMENT ON GEOREFERENCED MAP,ACMEMAPPER,FALSE,FALSE,https://edocs.deq.nc.gov/WasteManagement/Search.aspx?dbid=0&searchcommand=%7B%5BWM%5D:%5BProgram_ID%5D%20%3D%20%22*NCD048401087*%22%7D,7/2/2026 12:00:00 AM,-80.8512899999999,35.76791
48418,NCD048469993,PROCTOR CHEMICAL CO INC/NATIONAL STA,237 LUMBER STREET,SALISBURY,ROWAN,35.65658,-80.48127,ON SCREEN PLACEMENT ON GEOREFERENCED MAP,ACMEMAPPER,FALSE,FALSE,https://edocs.deq.nc.gov/WasteManagement/Search.aspx?dbid=0&searchcommand=%7B%5BWM%5D:%5BProgram_ID%5D%20%3D%20%22*NCD048462881*%22%7D,7/2/2026 12:00:00 AM,-80.4812699999999,35.6565800000001
48419,NCD048958615,KELLY-SPRINGFIELD TIRE CO/GOODYEAR,NAVASSA RD,FAYETTEVILLE,CUMBERLAND,35.1703,-78.85566,ON SCREEN PLACEMENT ON GEOREFERENCED MAP,ACMEMAPPER,FALSE,FALSE,https://edocs.deq.nc.gov/WasteManagement/Search.aspx?dbid=0&searchcommand=%7B%5BWM%5D:%5BProgram_ID%5D%20%3D%20%22*NCD048469993*%22%7D,7/2/2026 12:00:00 AM,-78.8556599999999,35.1703000000001
48420,NCD049772023,"H & S PROCESSORS, INC.",NC HIGHWAY 150 WEST,LINCOLNTON,LINCOLN,35.4433,-81.28012,ON SCREEN PLACEMENT ON GEOREFERENCED MAP,ACMEMAPPER,FALSE,FALSE,https://edocs.deq.nc.gov/WasteManagement/Search.aspx?dbid=0&searchcommand=%7B%5BWM%5D:%5BProgram_ID%5D%20%3D%20%22*NCD048958615*%22%7D,7/2/2026 12:00:00 AM,-81.28012,35.4433000000001
48421,NCD049845266,STANLEY CASE GOODS (FORMER),HWY 211,WEST END,MOORE,35.23928,-79.56827,ON SCREEN PLACEMENT ON GEOREFERENCED MAP,ACMEMAPPER,FALSE,FALSE,https://edocs.deq.nc.gov/WasteManagement/Search.aspx?dbid=0&searchcommand=%7B%5BWM%5D:%5BProgram_ID%5D%20%3D%20%22*NCD049772023*%22%7D,7/2/2026 12:00:00 AM,-79.56827,35.2392800000001
48422,NCD049845548,"REICHHOLD CHEMICAL, INC.",SR 1916,MONCURE,CHATHAM,35.6056,-79.04865,ON SCREEN PLACEMENT ON GEOREFERENCED MAP,ACMEMAPPER,FALSE,FALSE,https://edocs.deq.nc.gov/WasteManagement/Search.aspx?dbid=0&searchcommand=%7B%5BWM%5D:%5BProgram_ID%5D%20%3D%20%22*NCD049845266*%22%7D,7/2/2026 12:00:00 AM,-79.04865,35.6056
48423,NCD049997786,INMONT CORP/BASF CORPORATION,1110 CARBON CITY ROAD,MORGANTON,BURKE,35.732209,-81.747246,ON SCREEN PLACEMENT ON GEOREFERENCED MAP,ESRI AGOL BASE MAP,FALSE,FALSE,https://edocs.deq.nc.gov/WasteManagement/Search.aspx?dbid=0&searchcommand=%7B%5BWM%5D:%5BProgram_ID%5D%20%3D%20%22*NCD049845548*%22%7D,7/2/2026 12:00:00 AM,-81.747246,35.7322090000001
48424,NCD050409150,GENERAL ELECTRIC CO/WILMINGTON,3901 CASTLE HAYNE RD,WILMINGTON,NEW HANOVER,34.321944,-77.923055,GPS (2-5 METER),,FALSE,FALSE,https://edocs.deq.nc.gov/WasteManagement/Search.aspx?dbid=0&searchcommand=%7B%5BWM%5D:%5BProgram_ID%5D%20%3D%20%22*NCD049997786*%22%7D,7/2/2026 12:00:00 AM,-77.923055,34.321944
48425,NCD051322980,GENERAL ELECTRIC CO.,2328 THRIFT RD,CHARLOTTE,MECKLENBURG,35.23568,-80.87391,ON SCREEN PLACEMENT ON GEOREFERENCED MAP,ACMEMAPPER,FALSE,TRUE,https://edocs.deq.nc.gov/WasteManagement/Search.aspx?dbid=0&searchcommand=%7B%5BWM%5D:%5BProgram_ID%5D%20%3D%20%22*NCD050409150*%22%7D,7/2/2026 12:00:00 AM,-80.87391,35.2356800000001
48426,NCD051739209,HARRELSON RUBBER COMPANY,408 TELEPHONE AVE,ASHEBORO,RANDOLPH,35.68506,-79.81233,ON SCREEN PLACEMENT ON GEOREFERENCED MAP,ACMEMAPPER,FALSE,TRUE,https://edocs.deq.nc.gov/WasteManagement/Search.aspx?dbid=0&searchcommand=%7B%5BWM%5D:%5BProgram_ID%5D%20%3D%20%22*NCD051322980*%22%7D,7/2/2026 12:00:00 AM,-79.81233,35.6850600000001
48427,NCD051745685,HOLDING POND FOR WASTE/USS,500 BROOME RD,GREENSBORO,GUILFORD,36.0368,-79.77981,ON SCREEN PLACEMENT ON GEOREFERENCED MAP,ACMEMAPPER,FALSE,FALSE,https://edocs.deq.nc.gov/WasteManagement/Search.aspx?dbid=0&searchcommand=%7B%5BWM%5D:%5BProgram_ID%5D%20%3D%20%22*NCD051739209*%22%7D,7/2/2026 12:00:00 AM,-79.7798099999999,36.0368
48428,NCD051853547,AUSTIN FOODS,E CHATHAM ST,CARY,WAKE,35.79085,-78.7721,ON SCREEN PLACEMENT ON GEOREFERENCED MAP,ACMEMAPPER,FALSE,FALSE,https://edocs.deq.nc.gov/WasteManagement/Search.aspx?dbid=0&searchcommand=%7B%5BWM%5D:%5BProgram_ID%5D%20%3D%20%22*NCD051745685*%22%7D,7/2/2026 12:00:00 AM,-78.7721,35.79085
48429,NCD052553641,WEYERHAEUSER CO/LEWISTON,HWY 308 W,LEWISTON,BERTIE,36.12328,-77.18449,ON SCREEN PLACEMENT ON GEOREFERENCED MAP,ACMEMAPPER,FALSE,FALSE,https://edocs.deq.nc.gov/WasteManagement/Search.aspx?dbid=0&searchcommand=%7B%5BWM%5D:%5BProgram_ID%5D%20%3D%20%22*NCD051853547*%22%7D,7/2/2026 12:00:00 AM,-77.18449,36.1232800000001
48430,NCD053010724,"ICI - AMERICAS, INC.",2130 N TRYON,CHARLOTTE,MECKLENBURG,35.24324,-80.82062,ON SCREEN PLACEMENT ON GEOREFERENCED MAP,ACMEMAPPER,FALSE,FALSE,https://edocs.deq.nc.gov/WasteManagement/Search.aspx?dbid=0&searchcommand=%7B%5BWM%5D:%5BProgram_ID%5D%20%3D%20%22*NCD052553641*%22%7D,7/2/2026 12:00:00 AM,-80.82062,35.2432400000001
48431,NCD053010732,PARKS-CRAMER COMPANY,2000 S BLVD,CHARLOTTE,MECKLENBURG,35.20951,-80.86062,ON SCREEN PLACEMENT ON GEOREFERENCED MAP,ACMEMAPPER,FALSE,FALSE,https://edocs.deq.nc.gov/WasteManagement/Search.aspx?dbid=0&searchcommand=%7B%5BWM%5D:%5BProgram_ID%5D%20%3D%20%22*NCD053010724*%22%7D,7/2/2026 12:00:00 AM,-80.86062,35.2095100000001
48432,NCD053485991,VARCO-PRUDEN BUILDINGS,1140 PERRY RD,KERNERSVILLE,FORSYTH,36.13713,-80.09574,ON SCREEN PLACEMENT ON GEOREFERENCED MAP,ESRI AGOL BASE MAP,FALSE,TRUE,https://edocs.deq.nc.gov/WasteManagement/Search.aspx?dbid=0&searchcommand=%7B%5BWM%5D:%5BProgram_ID%5D%20%3D%20%22*NCD053010732*%22%7D,7/2/2026 12:00:00 AM,-80.09574,36.1371300000001
48433,NCD053488409,ALLIED CHEMICAL CORP/PERFORMANCE FIBERS,338 PEA RIDGE ROAD,NEW HILL,CHATHAM,35.62083,-79.04525,ON SCREEN PLACEMENT ON GEOREFERENCED MAP,ACMEMAPPER,FALSE,FALSE,https://edocs.deq.nc.gov/WasteManagement/Search.aspx?dbid=0&searchcommand=%7B%5BWM%5D:%5BProgram_ID%5D%20%3D%20%22*NCD053485991*%22%7D,7/2/2026 12:00:00 AM,-79.04525,35.6208300000001
48434,NCD053488557,SOUTHERN WOOD PIEDMONT COMPANY,SR 2139,GULF,CHATHAM,35.560417,-79.277222,ON SCREEN PLACEMENT ON GEOREFERENCED MAP,ACMEMAPPER,FALSE,TRUE,https://edocs.deq.nc.gov/WasteManagement/Search.aspx?dbid=0&searchcommand=%7B%5BWM%5D:%5BProgram_ID%5D%20%3D%20%22*NCD053488409*%22%7D,7/2/2026 12:00:00 AM,-79.2772219999999,35.560417
48435,NCD054283189,HOOVER MACHINE SHOP,RATCHFORD ROAD,GASTONIA,GASTON,35.17334,-81.08752,ON SCREEN PLACEMENT ON GEOREFERENCED MAP,ACMEMAPPER,FALSE,FALSE,https://edocs.deq.nc.gov/WasteManagement/Search.aspx?dbid=0&searchcommand=%7B%5BWM%5D:%5BProgram_ID%5D%20%3D%20%22*NCD053488557*%22%7D,7/2/2026 12:00:00 AM,-81.08752,35.1733400000001
48436,NCD054290770,THOMASVILLE FURNITURE INDS/LENOIR,315 ELIZABETH ST NW,LENOIR,CALDWELL,35.93312,-81.54196,ON SCREEN PLACEMENT ON GEOREFERENCED MAP,ACMEMAPPER,TRUE,FALSE,https://edocs.deq.nc.gov/WasteManagement/Search.aspx?dbid=0&searchcommand=%7B%5BWM%5D:%5BProgram_ID%5D%20%3D%20%22*NCD054283189*%22%7D,7/2/2026 12:00:00 AM,-81.54196,35.93312
48437,NCD054412283,BLACK & DECKER PLANT (FORMER),3301 MAIN ST,TARBORO,EDGECOMBE,35.9273,-77.56682,ON SCREEN PLACEMENT ON GEOREFERENCED MAP,ACMEMAPPER,FALSE,TRUE,https://edocs.deq.nc.gov/WasteManagement/Search.aspx?dbid=0&searchcommand=%7B%5BWM%5D:%5BProgram_ID%5D%20%3D%20%22*NCD054290770*%22%7D,7/2/2026 12:00:00 AM,-77.56682,35.9273000000001
48438,NCD054417308,COASTAL CHEMICAL CORP.,NC 42,CLAYTON,JOHNSTON,35.64005,-78.44604,ON SCREEN PLACEMENT ON GEOREFERENCED MAP,ACMEMAPPER,FALSE,FALSE,https://edocs.deq.nc.gov/WasteManagement/Search.aspx?dbid=0&searchcommand=%7B%5BWM%5D:%5BProgram_ID%5D%20%3D%20%22*NCD054412283*%22%7D,7/2/2026 12:00:00 AM,-78.44604,35.64005
48439,NCD055162069,PELTON & CRANE PLANT (FORMER),200 CLANTON ROAD,CHARLOTTE,MECKLENBURG,35.194949,-80.874542,ON SCREEN PLACEMENT ON GEOREFERENCED MAP,ACMEMAPPER,FALSE,TRUE,https://edocs.deq.nc.gov/WasteManagement/Search.aspx?dbid=0&searchcommand=%7B%5BWM%5D:%5BProgram_ID%5D%20%3D%20%22*NCD054417308*%22%7D,7/2/2026 12:00:00 AM,-80.874542,35.1949490000001
48440,NCD055165609,PANTASOTE INC. FILM/COMPOUND DIV.,1508 S CENTER ST,HICKORY,CATAWBA,35.70848,-81.33872,ON SCREEN PLACEMENT ON GEOREFERENCED MAP,ACMEMAPPER,FALSE,FALSE,https://edocs.deq.nc.gov/WasteManagement/Search.aspx?dbid=0&searchcommand=%7B%5BWM%5D:%5BProgram_ID%5D%20%3D%20%22*NCD055162069*%22%7D,7/2/2026 12:00:00 AM,-81.33872,35.7084800000001
48441,NCD055167324,MITCHELL-BISSELL PLANT,HWY US 64,ROSMAN,TRANSYLVANIA,35.13848,-82.84966,ON SCREEN PLACEMENT ON GEOREFERENCED MAP,ACMEMAPPER,FALSE,FALSE,https://edocs.deq.nc.gov/WasteManagement/Search.aspx?dbid=0&searchcommand=%7B%5BWM%5D:%5BProgram_ID%5D%20%3D%20%22*NCD055165609*%22%7D,7/2/2026 12:00:00 AM,-82.84966,35.1384800000001
48442,NCD055550560,GULF ADHESIVES & RESINS/PERKINS,1717 WARD STREET,HIGH POINT,GUILFORD,35.93793,-80.02652,ON SCREEN PLACEMENT ON GEOREFERENCED MAP,ACMEMAPPER,FALSE,FALSE,https://edocs.deq.nc.gov/WasteManagement/Search.aspx?dbid=0&searchcommand=%7B%5BWM%5D:%5BProgram_ID%5D%20%3D%20%22*NCD055167324*%22%7D,7/2/2026 12:00:00 AM,-80.0265199999999,35.9379300000001
48443,NCD057037178,PFIZER INC/COTY DIVISION,COX MILL RD & HWY 42 E,SANFORD,LEE,35.4581,-79.11291,ON SCREEN PLACEMENT ON GEOREFERENCED MAP,ACMEMAPPER,FALSE,FALSE,https://edocs.deq.nc.gov/WasteManagement/Search.aspx?dbid=0&searchcommand=%7B%5BWM%5D:%5BProgram_ID%5D%20%3D%20%22*NCD055550560*%22%7D,7/2/2026 12:00:00 AM,-79.1129099999999,35.4581000000001
48444,NCD057248759,PATCH RUBBER POND,GRACE BOULEVARD,ROANOKE RAPIDS,HALIFAX,36.4391,-77.62673,ON SCREEN PLACEMENT ON GEOREFERENCED MAP,ACMEMAPPER,FALSE,FALSE,https://edocs.deq.nc.gov/WasteManagement/Search.aspx?dbid=0&searchcommand=%7B%5BWM%5D:%5BProgram_ID%5D%20%3D%20%22*NCD057037178*%22%7D,7/2/2026 12:00:00 AM,-77.62673,36.4391000000001
48445,NCD057454670,DIAMOND SHAMROCK CORP/OCCIDENTAL,SR 1002,CASTLE HAYNE,NEW HANOVER,34.37167,-77.86014,ON SCREEN PLACEMENT ON GEOREFERENCED MAP,ACMEMAPPER,FALSE,TRUE,https://edocs.deq.nc.gov/WasteManagement/Search.aspx?dbid=0&searchcommand=%7B%5BWM%5D:%5BProgram_ID%5D%20%3D%20%22*NCD057248759*%22%7D,7/2/2026 12:00:00 AM,-77.8601399999999,34.3716700000001
48446,NCD058517467,SOUTHERN WOOD PIEDMONT COMPANY,GREENFIELD ST,WILMINGTON,NEW HANOVER,34.216,-77.94985,ON SCREEN PLACEMENT ON GEOREFERENCED MAP,ACMEMAPPER,FALSE,TRUE,https://edocs.deq.nc.gov/WasteManagement/Search.aspx?dbid=0&searchcommand=%7B%5BWM%5D:%5BProgram_ID%5D%20%3D%20%22*NCD057454670*%22%7D,7/2/2026 12:00:00 AM,-77.94985,34.2160000000001
48447,NCD060294139,A CLEANER WORLD,1221 W ACADEMY ST,WINSTON-SALEM,FORSYTH,36.08475,-80.25852,ON SCREEN PLACEMENT ON GEOREFERENCED MAP,ACMEMAPPER,FALSE,FALSE,https://edocs.deq.nc.gov/WasteManagement/Search.aspx?dbid=0&searchcommand=%7B%5BWM%5D:%5BProgram_ID%5D%20%3D%20%22*NCD058517467*%22%7D,7/2/2026 12:00:00 AM,-80.25852,36.08475
48448,NCD060306727,"RICHARDS, WC COMPANY, INC.",101 EAST MAPLE STREET,ABERDEEN,MOORE,35.13397,-79.42486,ON SCREEN PLACEMENT ON GEOREFERENCED MAP,ACMEMAPPER,FALSE,FALSE,https://edocs.deq.nc.gov/WasteManagement/Search.aspx?dbid=0&searchcommand=%7B%5BWM%5D:%5BProgram_ID%5D%20%3D%20%22*NCD060294139*%22%7D,7/2/2026 12:00:00 AM,-79.42486,35.13397
48449,NCD061099248,CONVERSE CHUCK TAYLOR SITE,4019 NC 72 WEST,LUMBERTON,ROBESON,34.658104,-79.103173,ON SCREEN PLACEMENT ON GEOREFERENCED MAP,ACMEMAPPER,FALSE,FALSE,https://edocs.deq.nc.gov/WasteManagement/Search.aspx?dbid=0&searchcommand=%7B%5BWM%5D:%5BProgram_ID%5D%20%3D%20%22*NCD060306727*%22%7D,7/2/2026 12:00:00 AM,-79.103173,34.658104
48450,NCD061786000,BETA FUELING SYSTEMS,1209 FREEWAY DR,REIDSVILLE,ROCKINGHAM,36.32509,-79.69133,ON SCREEN PLACEMENT ON GEOREFERENCED MAP,ACMEMAPPER,FALSE,FALSE,https://edocs.deq.nc.gov/WasteManagement/Search.aspx?dbid=0&searchcommand=%7B%5BWM%5D:%5BProgram_ID%5D%20%3D%20%22*NCD061099248*%22%7D,7/2/2026 12:00:00 AM,-79.6913299999999,36.32509
48451,NCD061795696,UNITEX CHEMICALS,520 BROOME RD,GREENSBORO,GUILFORD,36.03889,-79.77934,ON SCREEN PLACEMENT ON GEOREFERENCED MAP,ACMEMAPPER,FALSE,FALSE,https://edocs.deq.nc.gov/WasteManagement/Search.aspx?dbid=0&searchcommand=%7B%5BWM%5D:%5BProgram_ID%5D%20%3D%20%22*NCD061786000*%22%7D,7/2/2026 12:00:00 AM,-79.7793399999999,36.03889
48452,NCD061801361,CIBA-GEIGY CORPORATION,410 SWING RD,GREENSBORO,GUILFORD,36.06604,-79.91153,ON SCREEN PLACEMENT ON GEOREFERENCED MAP,ACMEMAPPER,FALSE,TRUE,https://edocs.deq.nc.gov/WasteManagement/Search.aspx?dbid=0&searchcommand=%7B%5BWM%5D:%5BProgram_ID%5D%20%3D%20%22*NCD061795696*%22%7D,7/2/2026 12:00:00 AM,-79.91153,36.06604
48453,NCD062548995,QUORUM KNITTING,REEMS CREEK RD,WEAVERVILLE,BUNCOMBE,35.68832,-82.5607,ON SCREEN PLACEMENT ON GEOREFERENCED MAP,ACMEMAPPER,FALSE,TRUE,https://edocs.deq.nc.gov/WasteManagement/Search.aspx?dbid=0&searchcommand=%7B%5BWM%5D:%5BProgram_ID%5D%20%3D%20%22*NCD061801361*%22%7D,7/2/2026 12:00:00 AM,-82.5606999999999,35.68832
48454,NCD062550082,CARPENTER CO - CONOVER PLANT,2009 KEISLER DAIRY RD,CONOVER,CATAWBA,35.69539,-81.18122,ON SCREEN PLACEMENT ON GEOREFERENCED MAP,ACMEMAPPER,FALSE,FALSE,https://edocs.deq.nc.gov/WasteManagement/Search.aspx?dbid=0&searchcommand=%7B%5BWM%5D:%5BProgram_ID%5D%20%3D%20%22*NCD062548995*%22%7D,7/2/2026 12:00:00 AM,-81.1812199999999,35.69539
48455,NCD062552989,MALLARD CREEK RD/UNION OIL CO OF CA,14700 MALLARD CREEK RD,CHARLOTTE,MECKLENBURG,35.34989,-80.71374,ON SCREEN PLACEMENT ON GEOREFERENCED MAP,ACMEMAPPER,FALSE,TRUE,https://edocs.deq.nc.gov/WasteManagement/Search.aspx?dbid=0&searchcommand=%7B%5BWM%5D:%5BProgram_ID%5D%20%3D%20%22*NCD062550082*%22%7D,7/2/2026 12:00:00 AM,-80.71374,35.3498900000001
48456,NCD062553490,"FLEET TRANSPORT CO., INC.",6712 FREEDOM DRIVE,CHARLOTTE,MECKLENBURG,35.27632,-80.93634,ON SCREEN PLACEMENT ON GEOREFERENCED MAP,ACMEMAPPER,FALSE,FALSE,https://edocs.deq.nc.gov/WasteManagement/Search.aspx?dbid=0&searchcommand=%7B%5BWM%5D:%5BProgram_ID%5D%20%3D%20%22*NCD062552989*%22%7D,7/2/2026 12:00:00 AM,-80.93634,35.2763200000001
48457,NCD062566047,FASCO CONTROLS CORPORATION,1100 AIRPORT RD,SHELBY,CLEVELAND,35.308549,-81.513369,ON SCREEN PLACEMENT ON GEOREFERENCED MAP,ACMEMAPPER,FALSE,TRUE,https://edocs.deq.nc.gov/WasteManagement/Search.aspx?dbid=0&searchcommand=%7B%5BWM%5D:%5BProgram_ID%5D%20%3D%20%22*NCD062553490*%22%7D,7/2/2026 12:00:00 AM,-81.513369,35.308549
48458,NCD062571658,HONEYWELL MICRO SWITCH DIV.,1 HICKORY DRIVE,MARS HILL,MADISON,35.83222,-82.55895,ON SCREEN PLACEMENT ON GEOREFERENCED MAP,ACMEMAPPER,FALSE,FALSE,https://edocs.deq.nc.gov/WasteManagement/Search.aspx?dbid=0&searchcommand=%7B%5BWM%5D:%5BProgram_ID%5D%20%3D%20%22*NCD062566047*%22%7D,7/2/2026 12:00:00 AM,-82.55895,35.8322200000001
48459,NCD062664883,REINCO CHEMICAL COMPANY,EAST 11 ST,ROANOKE RAPIDS,HALIFAX,36.4516,-77.65206,ON SCREEN PLACEMENT ON GEOREFERENCED MAP,ACMEMAPPER,FALSE,FALSE,https://edocs.deq.nc.gov/WasteManagement/Search.aspx?dbid=0&searchcommand=%7B%5BWM%5D:%5BProgram_ID%5D%20%3D%20%22*NCD062571658*%22%7D,7/2/2026 12:00:00 AM,-77.6520599999999,36.4516
48460,NCD065288847,"CF NITROGEN, INCORPORATED",HWY 45,WINTON,HERTFORD,36.36944,-76.86667,ON SCREEN PLACEMENT ON GEOREFERENCED MAP,ACMEMAPPER,FALSE,TRUE,https://edocs.deq.nc.gov/WasteManagement/Search.aspx?dbid=0&searchcommand=%7B%5BWM%5D:%5BProgram_ID%5D%20%3D%20%22*NCD062664883*%22%7D,7/2/2026 12:00:00 AM,-76.8666699999999,36.3694400000001
48461,NCD065295495,TEXFI IMPRESSIONS,401 PATETOWN RD,GOLDSBORO,WAYNE,35.41338,-77.97958,ON SCREEN PLACEMENT ON GEOREFERENCED MAP,ACMEMAPPER,FALSE,FALSE,https://edocs.deq.nc.gov/WasteManagement/Search.aspx?dbid=0&searchcommand=%7B%5BWM%5D:%5BProgram_ID%5D%20%3D%20%22*NCD065288847*%22%7D,7/2/2026 12:00:00 AM,-77.9795799999999,35.4133800000001
48462,NCD067178707,"FAWN PLASTICS CO., INC.",10235 US 264A,MIDDLESEX,NASH,35.78496,-78.18296,ON SCREEN PLACEMENT ON GEOREFERENCED MAP,ACMEMAPPER,FALSE,FALSE,https://edocs.deq.nc.gov/WasteManagement/Search.aspx?dbid=0&searchcommand=%7B%5BWM%5D:%5BProgram_ID%5D%20%3D%20%22*NCD065295495*%22%7D,7/2/2026 12:00:00 AM,-78.18296,35.7849600000001
48463,NCD067187302,FULFLEX,500 AIR BOSS PKWY,SCOTLAND NECK,HALIFAX,36.12281,-77.41649,ON SCREEN PLACEMENT ON GEOREFERENCED MAP,ACMEMAPPER,FALSE,FALSE,https://edocs.deq.nc.gov/WasteManagement/Search.aspx?dbid=0&searchcommand=%7B%5BWM%5D:%5BProgram_ID%5D%20%3D%20%22*NCD067178707*%22%7D,7/2/2026 12:00:00 AM,-77.41649,36.1228100000001
48464,NCD067191262,FIRESTONE TIRE AND RUBBER COMPANY,HWY 301,WILSON,WILSON,35.75877,-77.86921,ON SCREEN PLACEMENT ON GEOREFERENCED MAP,ACMEMAPPER,FALSE,FALSE,https://edocs.deq.nc.gov/WasteManagement/Search.aspx?dbid=0&searchcommand=%7B%5BWM%5D:%5BProgram_ID%5D%20%3D%20%22*NCD067187302*%22%7D,7/2/2026 12:00:00 AM,-77.86921,35.75877
48465,NCD067392175,"TRAMCO, INC.",SR 1611,CONNELLY SPRINGS,BURKE,35.754957,-81.473994,ON SCREEN PLACEMENT ON GEOREFERENCED MAP,ACMEMAPPER,FALSE,FALSE,https://edocs.deq.nc.gov/WasteManagement/Search.aspx?dbid=0&searchcommand=%7B%5BWM%5D:%5BProgram_ID%5D%20%3D%20%22*NCD067191262*%22%7D,7/2/2026 12:00:00 AM,-81.4739939999999,35.754957
48466,NCD067428821,"SIEMENS-ALLIS, INC/SWITCHGEAR DIV",5000 WOMACK RD,SANFORD,LEE,35.543928,-79.172041,ON SCREEN PLACEMENT ON GEOREFERENCED MAP,ACMEMAPPER,FALSE,FALSE,https://edocs.deq.nc.gov/WasteManagement/Search.aspx?dbid=0&searchcommand=%7B%5BWM%5D:%5BProgram_ID%5D%20%3D%20%22*NCD067392175*%22%7D,7/2/2026 12:00:00 AM,-79.172041,35.5439280000001
48467,NCD067437400,GULF OIL CORPORATION,5955 ROCK QUARRY RD,MCLEANSVILLE,GUILFORD,36.112335,-79.621395,ON SCREEN PLACEMENT ON GEOREFERENCED MAP,ACMEMAPPER,FALSE,FALSE,https://edocs.deq.nc.gov/WasteManagement/Search.aspx?dbid=0&searchcommand=%7B%5BWM%5D:%5BProgram_ID%5D%20%3D%20%22*NCD067428821*%22%7D,7/2/2026 12:00:00 AM,-79.6213949999999,36.112335
48468,NCD067441394,"RJR ARCHER, INC.",220 EAST POLO ROAD,WINSTON-SALEM,FORSYTH,36.14293,-80.25641,ON SCREEN PLACEMENT ON GEOREFERENCED MAP,ACMEMAPPER,FALSE,FALSE,https://edocs.deq.nc.gov/WasteManagement/Search.aspx?dbid=0&searchcommand=%7B%5BWM%5D:%5BProgram_ID%5D%20%3D%20%22*NCD067437400*%22%7D,7/2/2026 12:00:00 AM,-80.25641,36.14293
48469,NCD070619911,TELEDYNE ALLVAC MONROE PLANT,2020 ASHCRAFT AVE,MONROE,UNION,34.98416,-80.52142,ON SCREEN PLACEMENT ON GEOREFERENCED MAP,ACMEMAPPER,FALSE,FALSE,https://edocs.deq.nc.gov/WasteManagement/Search.aspx?dbid=0&searchcommand=%7B%5BWM%5D:%5BProgram_ID%5D%20%3D%20%22*NCD067441394*%22%7D,7/2/2026 12:00:00 AM,-80.52142,34.98416
48470,NCD071561864,SHERWIN WILLIAMS COMPANY,113 STAGECOACH TRAIL,GREENSBORO,GUILFORD,36.07844,-79.91405,ON SCREEN PLACEMENT ON GEOREFERENCED MAP,UNKNOWN,FALSE,FALSE,https://edocs.deq.nc.gov/WasteManagement/Search.aspx?dbid=0&searchcommand=%7B%5BWM%5D:%5BProgram_ID%5D%20%3D%20%22*NCD070619911*%22%7D,7/2/2026 12:00:00 AM,-79.91405,36.0784400000001
48471,NCD071567374,AGRICO #2/BILL MARTIN LIVESTOCK,408 PATTON AVE,GREENSBORO,GUILFORD,36.04054,-79.78217,ON SCREEN PLACEMENT ON GEOREFERENCED MAP,ACMEMAPPER,FALSE,FALSE,https://edocs.deq.nc.gov/WasteManagement/Search.aspx?dbid=0&searchcommand=%7B%5BWM%5D:%5BProgram_ID%5D%20%3D%20%22*NCD071561864*%22%7D,7/2/2026 12:00:00 AM,-79.78217,36.0405400000001
48472,NCD071579528,FORBUSH METAL,SPEER BRIDGE ROAD,YADKINVILLE,YADKIN,36.1132,-80.54764,ON SCREEN PLACEMENT ON GEOREFERENCED MAP,ACMEMAPPER,FALSE,FALSE,https://edocs.deq.nc.gov/WasteManagement/Search.aspx?dbid=0&searchcommand=%7B%5BWM%5D:%5BProgram_ID%5D%20%3D%20%22*NCD071567374*%22%7D,7/2/2026 12:00:00 AM,-80.5476399999999,36.1132000000001
48473,NCD072003635,ATHOL MANUFACTURING COMPANY,C & 22ND ST,BUTNER,GRANVILLE,36.13654,-78.75188,ON SCREEN PLACEMENT ON GEOREFERENCED MAP,ACMEMAPPER,FALSE,FALSE,https://edocs.deq.nc.gov/WasteManagement/Search.aspx?dbid=0&searchcommand=%7B%5BWM%5D:%5BProgram_ID%5D%20%3D%20%22*NCD071579528*%22%7D,7/2/2026 12:00:00 AM,-78.75188,36.13654
48474,NCD072012354,SINGER CO/FURNITURE DIV WASHINGTON,STATE ROAD 1175,CHOCOWINITY,BEAUFORT,35.5179,-77.10394,ON SCREEN PLACEMENT ON GEOREFERENCED MAP,ACMEMAPPER,FALSE,FALSE,https://edocs.deq.nc.gov/WasteManagement/Search.aspx?dbid=0&searchcommand=%7B%5BWM%5D:%5BProgram_ID%5D%20%3D%20%22*NCD072003635*%22%7D,7/2/2026 12:00:00 AM,-77.10394,35.5179000000001
48475,NCD072018252,GENERAL ELECTRIC CO/MED STEAM TURBIN,3701 S MIAMI BLVD,DURHAM,DURHAM,35.91543,-78.83158,ON SCREEN PLACEMENT ON GEOREFERENCED MAP,ACMEMAPPER,FALSE,FALSE,https://edocs.deq.nc.gov/WasteManagement/Search.aspx?dbid=0&searchcommand=%7B%5BWM%5D:%5BProgram_ID%5D%20%3D%20%22*NCD072012354*%22%7D,7/2/2026 12:00:00 AM,-78.83158,35.9154300000001
48476,NCD072019011,SAAB BARRACUDA FACILITY,608 E MCNEILL ST,LILLINGTON,HARNETT,35.391219,-78.809327,ON SCREEN PLACEMENT ON GEOREFERENCED MAP,ACMEMAPPER,FALSE,FALSE,https://edocs.deq.nc.gov/WasteManagement/Search.aspx?dbid=0&searchcommand=%7B%5BWM%5D:%5BProgram_ID%5D%20%3D%20%22*NCD072018252*%22%7D,7/2/2026 12:00:00 AM,-78.8093269999999,35.391219
48477,NCD074511361,AQUAIR CORPORATION,13300 SAM NEELY RD,CHARLOTTE,MECKLENBURG,35.12682,-80.97049,ON SCREEN PLACEMENT ON GEOREFERENCED MAP,ACMEMAPPER,FALSE,FALSE,https://edocs.deq.nc.gov/WasteManagement/Search.aspx?dbid=0&searchcommand=%7B%5BWM%5D:%5BProgram_ID%5D%20%3D%20%22*NCD072019011*%22%7D,7/2/2026 12:00:00 AM,-80.97049,35.1268200000001
48478,NCD075570820,PLYMOUTH WOOD TREATING COMPANY,N HWY 45,PLYMOUTH,WASHINGTON,35.90671,-76.70998,ON SCREEN PLACEMENT ON GEOREFERENCED MAP,ACMEMAPPER,FALSE,FALSE,https://edocs.deq.nc.gov/WasteManagement/Search.aspx?dbid=0&searchcommand=%7B%5BWM%5D:%5BProgram_ID%5D%20%3D%20%22*NCD074511361*%22%7D,7/2/2026 12:00:00 AM,-76.70998,35.90671
48479,NCD075582197,AMORE/WORTH CHEMICAL,2418 EAST PETTIGREW ST,DURHAM,DURHAM,35.97671,-78.87451,ON SCREEN PLACEMENT ON GEOREFERENCED MAP,ACMEMAPPER,FALSE,FALSE,https://edocs.deq.nc.gov/WasteManagement/Search.aspx?dbid=0&searchcommand=%7B%5BWM%5D:%5BProgram_ID%5D%20%3D%20%22*NCD075570820*%22%7D,7/2/2026 12:00:00 AM,-78.87451,35.97671
48480,NCD077821296,SOUTHERN RESIN/US INDUSTRIES INC,1510 DENTON ROAD,THOMASVILLE,DAVIDSON,35.82539,-80.09718,ON SCREEN PLACEMENT ON GEOREFERENCED MAP,ACMEMAPPER,FALSE,FALSE,https://edocs.deq.nc.gov/WasteManagement/Search.aspx?dbid=0&searchcommand=%7B%5BWM%5D:%5BProgram_ID%5D%20%3D%20%22*NCD075582197*%22%7D,7/2/2026 12:00:00 AM,-80.09718,35.82539
48481,NCD077838589,THOMASVILLE FOREST PRODUCTS,CLARKSBURY CHRUCH ROAD,THOMASVILLE,DAVIDSON,35.76762,-80.10973,ON SCREEN PLACEMENT ON GEOREFERENCED MAP,ACMEMAPPER,FALSE,FALSE,https://edocs.deq.nc.gov/WasteManagement/Search.aspx?dbid=0&searchcommand=%7B%5BWM%5D:%5BProgram_ID%5D%20%3D%20%22*NCD077821296*%22%7D,7/2/2026 12:00:00 AM,-80.10973,35.7676200000001
48482,NCD079066833,LENOIR REFINING COMPANY,263 PENNTON AVE NW,LENOIR,CALDWELL,35.91605,-81.52511,ON SCREEN PLACEMENT ON GEOREFERENCED MAP,ACMEMAPPER,FALSE,FALSE,https://edocs.deq.nc.gov/WasteManagement/Search.aspx?dbid=0&searchcommand=%7B%5BWM%5D:%5BProgram_ID%5D%20%3D%20%22*NCD077838589*%22%7D,7/2/2026 12:00:00 AM,-81.52511,35.91605
48483,NCD080885551,DAUGHERTY CHEMICAL COMPANY,307 WALKER STREET,DURHAM,DURHAM,35.98926,-78.89291,ON SCREEN PLACEMENT ON GEOREFERENCED MAP,ACMEMAPPER,FALSE,FALSE,https://edocs.deq.nc.gov/WasteManagement/Search.aspx?dbid=0&searchcommand=%7B%5BWM%5D:%5BProgram_ID%5D%20%3D%20%22*NCD079066833*%22%7D,7/2/2026 12:00:00 AM,-78.89291,35.9892600000001
48484,NCD080892441,CHAMPION PRODUCTS INC,350 ATKINSON ST,CLAYTON,JOHNSTON,35.657929,-78.471327,ON SCREEN PLACEMENT ON GEOREFERENCED MAP,ACMEMAPPER,FALSE,FALSE,https://edocs.deq.nc.gov/WasteManagement/Search.aspx?dbid=0&searchcommand=%7B%5BWM%5D:%5BProgram_ID%5D%20%3D%20%22*NCD080885551*%22%7D,7/2/2026 12:00:00 AM,-78.471327,35.657929
48485,NCD080894645,CHLORIDE AUTOMOTIVE BATTERIES,2525 AND 2539 NOBLIN RD,RALEIGH,WAKE,35.80854,-78.59853,ON SCREEN PLACEMENT ON GEOREFERENCED MAP,ACMEMAPPER,FALSE,FALSE,https://edocs.deq.nc.gov/WasteManagement/Search.aspx?dbid=0&searchcommand=%7B%5BWM%5D:%5BProgram_ID%5D%20%3D%20%22*NCD080892441*%22%7D,7/2/2026 12:00:00 AM,-78.59853,35.8085400000001
48486,NCD081332900,INX (FORMER) FACILITY,3200 & 3210 CULLMAN AVE,CHARLOTTE,MECKLENBURG,35.24952,-80.80795,ON SCREEN PLACEMENT ON GEOREFERENCED MAP,ACMEMAPPER,FALSE,FALSE,https://edocs.deq.nc.gov/WasteManagement/Search.aspx?dbid=0&searchcommand=%7B%5BWM%5D:%5BProgram_ID%5D%20%3D%20%22*NCD080894645*%22%7D,7/2/2026 12:00:00 AM,-80.8079499999999,35.2495200000001
48487,NCD082362989,TUNGSTEN QUEEN MINE/ATLAS MINE,SR 1348,TOWNSVILLE,VANCE,36.51791,-78.47438,ON SCREEN PLACEMENT ON GEOREFERENCED MAP,ACMEMAPPER,FALSE,TRUE,https://edocs.deq.nc.gov/WasteManagement/Search.aspx?dbid=0&searchcommand=%7B%5BWM%5D:%5BProgram_ID%5D%20%3D%20%22*NCD081332900*%22%7D,7/2/2026 12:00:00 AM,-78.4743799999999,36.51791
48488,NCD082363102,HELENA CHEMICAL COMPANY,17321 HARRY MALLOY RD,LAURINBURG,SCOTLAND,34.747388,-79.434544,ON SCREEN PLACEMENT ON GEOREFERENCED MAP,ACMEMAPPER,FALSE,FALSE,https://edocs.deq.nc.gov/WasteManagement/Search.aspx?dbid=0&searchcommand=%7B%5BWM%5D:%5BProgram_ID%5D%20%3D%20%22*NCD082362989*%22%7D,7/2/2026 12:00:00 AM,-79.434544,34.7473880000001
48489,NCD083669952,STORY BURIAL AREAS/UNION CHEMICAL,6101 ORR ROAD,CHARLOTTE,MECKLENBURG,35.26206,-80.7614,ON SCREEN PLACEMENT ON GEOREFERENCED MAP,ACMEMAPPER,FALSE,TRUE,https://edocs.deq.nc.gov/WasteManagement/Search.aspx?dbid=0&searchcommand=%7B%5BWM%5D:%5BProgram_ID%5D%20%3D%20%22*NCD082363102*%22%7D,7/2/2026 12:00:00 AM,-80.7614,35.2620600000001
48490,NCD083673590,BENDIX CORPORATION,701 NORTH I-85 ACCESS RD,CHARLOTTE,MECKLENBURG,35.26775,-80.87406,ON SCREEN PLACEMENT ON GEOREFERENCED MAP,ACMEMAPPER,FALSE,FALSE,https://edocs.deq.nc.gov/WasteManagement/Search.aspx?dbid=0&searchcommand=%7B%5BWM%5D:%5BProgram_ID%5D%20%3D%20%22*NCD083669952*%22%7D,7/2/2026 12:00:00 AM,-80.87406,35.26775
48491,NCD083673616,REEVES BROTHERS,RAILROAD AVE,RUTHERFORDTON,RUTHERFORD,35.37782,-81.94779,ON SCREEN PLACEMENT ON GEOREFERENCED MAP,ACMEMAPPER,FALSE,FALSE,https://edocs.deq.nc.gov/WasteManagement/Search.aspx?dbid=0&searchcommand=%7B%5BWM%5D:%5BProgram_ID%5D%20%3D%20%22*NCD083673590*%22%7D,7/2/2026 12:00:00 AM,-81.9477899999999,35.37782
48492,NCD083673681,SINGER CO/KEARFOTT DIV,HIGHWAY 70,BLACK MOUNTAIN,BUNCOMBE,35.6056,-82.36493,ON SCREEN PLACEMENT ON GEOREFERENCED MAP,ACMEMAPPER,FALSE,FALSE,https://edocs.deq.nc.gov/WasteManagement/Search.aspx?dbid=0&searchcommand=%7B%5BWM%5D:%5BProgram_ID%5D%20%3D%20%22*NCD083673616*%22%7D,7/2/2026 12:00:00 AM,-82.36493,35.6056
48493,NCD083674713,HULL SERVICE STATION/PHILLIPS 66,HIGHWAY 274 SOUTH,VALE,LINCOLN,35.50498,-81.4565,ON SCREEN PLACEMENT ON GEOREFERENCED MAP,ACMEMAPPER,FALSE,FALSE,https://edocs.deq.nc.gov/WasteManagement/Search.aspx?dbid=0&searchcommand=%7B%5BWM%5D:%5BProgram_ID%5D%20%3D%20%22*NCD083673681*%22%7D,7/2/2026 12:00:00 AM,-81.4564999999999,35.50498
48494,NCD083678631,SINCLAIR AND VALENTINE CO.,515 S TURNER AVE,CHARLOTTE,MECKLENBURG,35.24217,-80.86621,ON SCREEN PLACEMENT ON GEOREFERENCED MAP,ACMEMAPPER,TRUE,FALSE,https://edocs.deq.nc.gov/WasteManagement/Search.aspx?dbid=0&searchcommand=%7B%5BWM%5D:%5BProgram_ID%5D%20%3D%20%22*NCD083674713*%22%7D,7/2/2026 12:00:00 AM,-80.86621,35.24217
48495,NCD084167444,"STANADYNE, INC/DIESEL SYSTEMS",405 WHITE ST,JACKSONVILLE,ONSLOW,34.75635,-77.38845,ON SCREEN PLACEMENT ON GEOREFERENCED MAP,ACMEMAPPER,FALSE,FALSE,https://edocs.deq.nc.gov/WasteManagement/Search.aspx?dbid=0&searchcommand=%7B%5BWM%5D:%5BProgram_ID%5D%20%3D%20%22*NCD083678631*%22%7D,7/2/2026 12:00:00 AM,-77.38845,34.7563500000001
48496,NCD088563242,MONSANTO COMPANY/ROHM & HAAS,CEDAR CREEK RD,FAYETTEVILLE,CUMBERLAND,34.985,-78.7836,ON SCREEN PLACEMENT ON GEOREFERENCED MAP,ACMEMAPPER,FALSE,FALSE,https://edocs.deq.nc.gov/WasteManagement/Search.aspx?dbid=0&searchcommand=%7B%5BWM%5D:%5BProgram_ID%5D%20%3D%20%22*NCD084167444*%22%7D,7/2/2026 12:00:00 AM,-78.7836,34.9850000000001
48497,NCD089903983,"UNIVAR USA, INC",3600 WEST WENDOVER AVE,GREENSBORO,GUILFORD,36.06069,-79.86777,ON SCREEN PLACEMENT ON GEOREFERENCED MAP,ACMEMAPPER,FALSE,FALSE,https://edocs.deq.nc.gov/WasteManagement/Search.aspx?dbid=0&searchcommand=%7B%5BWM%5D:%5BProgram_ID%5D%20%3D%20%22*NCD088563242*%22%7D,7/2/2026 12:00:00 AM,-79.86777,36.0606900000001
48498,NCD089914311,MILLER BREWING CO/CONT DIV,1900 BARNES ST,REIDSVILLE,ROCKINGHAM,36.32894,-79.649,ON SCREEN PLACEMENT ON GEOREFERENCED MAP,ACMEMAPPER,FALSE,FALSE,https://edocs.deq.nc.gov/WasteManagement/Search.aspx?dbid=0&searchcommand=%7B%5BWM%5D:%5BProgram_ID%5D%20%3D%20%22*NCD089903983*%22%7D,7/2/2026 12:00:00 AM,-79.6489999999999,36.32894
48499,NCD089989917,EMERSON ELECTRIC COMPANY,US 64,MURPHY,CHEROKEE,35.07504,-83.96482,ON SCREEN PLACEMENT ON GEOREFERENCED MAP,ACMEMAPPER,FALSE,FALSE,https://edocs.deq.nc.gov/WasteManagement/Search.aspx?dbid=0&searchcommand=%7B%5BWM%5D:%5BProgram_ID%5D%20%3D%20%22*NCD089914311*%22%7D,7/2/2026 12:00:00 AM,-83.96482,35.0750400000001
48500,NCD091567065,"STANADYNE, INC/DIESEL SYSTEMS",230 CLARKS NECK RD,WASHINGTON,BEAUFORT,35.564414,-77.081223,ON SCREEN PLACEMENT ON GEOREFERENCED MAP,ACMEMAPPER,FALSE,FALSE,https://edocs.deq.nc.gov/WasteManagement/Search.aspx?dbid=0&searchcommand=%7B%5BWM%5D:%5BProgram_ID%5D%20%3D%20%22*NCD089989917*%22%7D,7/2/2026 12:00:00 AM,-77.081223,35.5644140000001
48501,NCD091572073,NATIONAL STARCH & CHEMICAL COMPANY,2271 ANDREW JACKSON HWY,LELAND,BRUNSWICK,34.25808,-78.08489,ON SCREEN PLACEMENT ON GEOREFERENCED MAP,ACMEMAPPER,FALSE,FALSE,https://edocs.deq.nc.gov/WasteManagement/Search.aspx?dbid=0&searchcommand=%7B%5BWM%5D:%5BProgram_ID%5D%20%3D%20%22*NCD091567065*%22%7D,7/2/2026 12:00:00 AM,-78.08489,34.2580800000001
48502,NCD093132207,VOICE OF AMERICA RELAY STATION,COUNTY ROAD 1212,GREENVILLE,PITT,35.62572,-77.48061,ON SCREEN PLACEMENT ON GEOREFERENCED MAP,ACMEMAPPER,FALSE,FALSE,https://edocs.deq.nc.gov/WasteManagement/Search.aspx?dbid=0&searchcommand=%7B%5BWM%5D:%5BProgram_ID%5D%20%3D%20%22*NCD091572073*%22%7D,7/2/2026 12:00:00 AM,-77.48061,35.6257200000001
48503,NCD093137636,"GENERAL WOOD PRESERVING CO., INC.",HWY 74/76,LELAND,BRUNSWICK,34.24955,-78.07689,ON SCREEN PLACEMENT ON GEOREFERENCED MAP,ACMEMAPPER,FALSE,FALSE,https://edocs.deq.nc.gov/WasteManagement/Search.aspx?dbid=0&searchcommand=%7B%5BWM%5D:%5BProgram_ID%5D%20%3D%20%22*NCD093132207*%22%7D,7/2/2026 12:00:00 AM,-78.0768899999999,34.2495500000001
48504,NCD093334209,"WILSON, RALPH PLASTICS",CANE CREEK IND PARK,FLETCHER,HENDERSON,35.43645,-82.4793,ON SCREEN PLACEMENT ON GEOREFERENCED MAP,ACMEMAPPER,TRUE,FALSE,https://edocs.deq.nc.gov/WasteManagement/Search.aspx?dbid=0&searchcommand=%7B%5BWM%5D:%5BProgram_ID%5D%20%3D%20%22*NCD093137636*%22%7D,7/2/2026 12:00:00 AM,-82.4793,35.43645
48505,NCD093334969,S & S METALS RECYCLING COMPANY,SHORTCUT ROAD/SR 2455,GOLD HILL,CABARRUS,35.47759,-80.32881,ON SCREEN PLACEMENT ON GEOREFERENCED MAP,ACMEMAPPER,FALSE,FALSE,https://edocs.deq.nc.gov/WasteManagement/Search.aspx?dbid=0&searchcommand=%7B%5BWM%5D:%5BProgram_ID%5D%20%3D%20%22*NCD093334209*%22%7D,7/2/2026 12:00:00 AM,-80.32881,35.4775900000001
48506,NCD093338119,SCM CORP. GLIDDEN COATINGS & RESINS,3926 GLENWOOD DRIVE,CHARLOTTE,MECKLENBURG,35.25016,-80.88538,ON SCREEN PLACEMENT ON GEOREFERENCED MAP,ACMEMAPPER,FALSE,FALSE,https://edocs.deq.nc.gov/WasteManagement/Search.aspx?dbid=0&searchcommand=%7B%5BWM%5D:%5BProgram_ID%5D%20%3D%20%22*NCD093334969*%22%7D,7/2/2026 12:00:00 AM,-80.8853799999999,35.2501600000001
48507,NCD093340487,FLORIDA STEEL CORPORATION,LAKEVIEW RD,CHARLOTTE,MECKLENBURG,35.34089,-80.82738,ON SCREEN PLACEMENT ON GEOREFERENCED MAP,ACMEMAPPER,TRUE,FALSE,https://edocs.deq.nc.gov/WasteManagement/Search.aspx?dbid=0&searchcommand=%7B%5BWM%5D:%5BProgram_ID%5D%20%3D%20%22*NCD093338119*%22%7D,7/2/2026 12:00:00 AM,-80.8273799999999,35.3408900000001
48508,NCD093783876,VANIER GRAPHICS CORPORATION,655 MEADOW RD,EDEN,ROCKINGHAM,36.514029,-79.723635,ON SCREEN PLACEMENT ON GEOREFERENCED MAP,ESRI AGOL BASE MAP,FALSE,FALSE,https://edocs.deq.nc.gov/WasteManagement/Search.aspx?dbid=0&searchcommand=%7B%5BWM%5D:%5BProgram_ID%5D%20%3D%20%22*NCD093340487*%22%7D,7/2/2026 12:00:00 AM,-79.7236349999999,36.5140290000001
48509,NCD095458709,SCHRADER AUTOMOTIVE PRODUCTS DIV.,1609 AIRPORT ROAD,MONROE,UNION,35.022939,-80.622923,ON SCREEN PLACEMENT ON GEOREFERENCED MAP,ACMEMAPPER,FALSE,FALSE,https://edocs.deq.nc.gov/WasteManagement/Search.aspx?dbid=0&searchcommand=%7B%5BWM%5D:%5BProgram_ID%5D%20%3D%20%22*NCD093783876*%22%7D,7/2/2026 12:00:00 AM,-80.622923,35.0229390000001
48510,NCD095470332,THONIT A SIMMONS COMPANY,11900 STEELE CREEK ROAD,CHARLOTTE,MECKLENBURG,35.13071,-80.98052,ON SCREEN PLACEMENT ON GEOREFERENCED MAP,ACMEMAPPER,FALSE,FALSE,https://edocs.deq.nc.gov/WasteManagement/Search.aspx?dbid=0&searchcommand=%7B%5BWM%5D:%5BProgram_ID%5D%20%3D%20%22*NCD095458709*%22%7D,7/2/2026 12:00:00 AM,-80.98052,35.1307100000001
48511,NCD096158696,"BURLINGTON INDUSTRIES, INC.",6008 HIGH POINT RD,GREENSBORO,GUILFORD,36.00601,-79.90523,ON SCREEN PLACEMENT ON GEOREFERENCED MAP,ACMEMAPPER,FALSE,FALSE,https://edocs.deq.nc.gov/WasteManagement/Search.aspx?dbid=0&searchcommand=%7B%5BWM%5D:%5BProgram_ID%5D%20%3D%20%22*NCD095470332*%22%7D,7/2/2026 12:00:00 AM,-79.90523,36.0060100000001
48512,NCD097361018,KIN PROPERTIES ABANDONED DRUMS,920 EASTWAY DRIVE,CHARLOTTE,MECKLENBURG,35.24431,-80.7808,ON SCREEN PLACEMENT ON GEOREFERENCED MAP,ACMEMAPPER,FALSE,TRUE,https://edocs.deq.nc.gov/WasteManagement/Search.aspx?dbid=0&searchcommand=%7B%5BWM%5D:%5BProgram_ID%5D%20%3D%20%22*NCD096158696*%22%7D,7/2/2026 12:00:00 AM,-80.7807999999999,35.24431
48513,NCD098765506,SINGER CO/FURNITURE DIV BRYSON,BRYSON WALK,BRYSON CITY,SWAIN,35.42268,-83.45883,ON SCREEN PLACEMENT ON GEOREFERENCED MAP,ACMEMAPPER,FALSE,FALSE,https://edocs.deq.nc.gov/WasteManagement/Search.aspx?dbid=0&searchcommand=%7B%5BWM%5D:%5BProgram_ID%5D%20%3D%20%22*NCD097361018*%22%7D,7/2/2026 12:00:00 AM,-83.45883,35.4226800000001
48514,NCD101750305,"INDUSTRIAL PLASTICS, INC.",CLOVER & MCONNELL ROAD,GREENSBORO,GUILFORD,36.05776,-79.68907,ON SCREEN PLACEMENT ON GEOREFERENCED MAP,ACMEMAPPER,FALSE,FALSE,https://edocs.deq.nc.gov/WasteManagement/Search.aspx?dbid=0&searchcommand=%7B%5BWM%5D:%5BProgram_ID%5D%20%3D%20%22*NCD098765506*%22%7D,7/2/2026 12:00:00 AM,-79.68907,36.05776
48515,NCD105797922,TECHNIBILT/DIV OF WHITTAKER,EAST PEACE ST,NEWTON,CATAWBA,35.63923,-81.2136,ON SCREEN PLACEMENT ON GEOREFERENCED MAP,ACMEMAPPER,FALSE,FALSE,https://edocs.deq.nc.gov/WasteManagement/Search.aspx?dbid=0&searchcommand=%7B%5BWM%5D:%5BProgram_ID%5D%20%3D%20%22*NCD101750305*%22%7D,7/2/2026 12:00:00 AM,-81.2136,35.6392300000001
48516,NCD108702606,HARTSOE BATTERY,2513 LINA AVE,KANNAPOLIS,ROWAN,35.52918,-80.61279,ON SCREEN PLACEMENT ON GEOREFERENCED MAP,ACMEMAPPER,FALSE,FALSE,https://edocs.deq.nc.gov/WasteManagement/Search.aspx?dbid=0&searchcommand=%7B%5BWM%5D:%5BProgram_ID%5D%20%3D%20%22*NCD105797922*%22%7D,7/2/2026 12:00:00 AM,-80.61279,35.5291800000001
48517,NCD130708126,CONSOLIDATED WAREHOUSE,8300 MOORES CHAPEL RD,CHARLOTTE,MECKLENBURG,35.275832,-80.943303,ON SCREEN PLACEMENT ON GEOREFERENCED MAP,ACMEMAPPER,FALSE,FALSE,https://edocs.deq.nc.gov/WasteManagement/Search.aspx?dbid=0&searchcommand=%7B%5BWM%5D:%5BProgram_ID%5D%20%3D%20%22*NCD108702606*%22%7D,7/2/2026 12:00:00 AM,-80.943303,35.275832
48518,NCD144192606,PARKER-ZENITH,160 TAYLOR ST,ABERDEEN,MOORE,35.136012,-79.437928,ON SCREEN PLACEMENT ON GEOREFERENCED MAP,GOOGLE MAPS,FALSE,FALSE,https://edocs.deq.nc.gov/WasteManagement/Search.aspx?dbid=0&searchcommand=%7B%5BWM%5D:%5BProgram_ID%5D%20%3D%20%22*NCD130708126*%22%7D,7/2/2026 12:00:00 AM,-79.4379279999999,35.1360120000001
48519,NCD144212701,WOODY DRIVE VOCS,609 WOODY DRIVE,GRAHAM,ALAMANCE,36.06033,-79.3877,ON SCREEN PLACEMENT ON GEOREFERENCED MAP,ACMEMAPPER,FALSE,FALSE,https://edocs.deq.nc.gov/WasteManagement/Search.aspx?dbid=0&searchcommand=%7B%5BWM%5D:%5BProgram_ID%5D%20%3D%20%22*NCD144192606*%22%7D,7/2/2026 12:00:00 AM,-79.3876999999999,36.0603300000001
48520,NCD980483275,HELENA CHEMICAL COMPANY,DENNIS STREET EXTENSION,ENFIELD,HALIFAX,36.17235,-77.67785,ON SCREEN PLACEMENT ON GEOREFERENCED MAP,ACMEMAPPER,FALSE,FALSE,https://edocs.deq.nc.gov/WasteManagement/Search.aspx?dbid=0&searchcommand=%7B%5BWM%5D:%5BProgram_ID%5D%20%3D%20%22*NCD144212701*%22%7D,7/2/2026 12:00:00 AM,-77.67785,36.1723500000001
48521,NCD980502827,BROWN #1,SR 1504 VANDERBILT RD,PISGAH FOREST,TRANSYLVANIA,35.30494,-82.7328,REGISTERED LAND SURVEYOR,,TRUE,FALSE,https://edocs.deq.nc.gov/WasteManagement/Search.aspx?dbid=0&searchcommand=%7B%5BWM%5D:%5BProgram_ID%5D%20%3D%20%22*NCD980483275*%22%7D,7/2/2026 12:00:00 AM,-82.7327999999999,35.30494
48522,NCD980502892,CREEK BRIDGE/BORDEN CHEMICAL,US HWY 24-87 (GROVE ST),FAYETTEVILLE,CUMBERLAND,35.05573,-78.87171,ON SCREEN PLACEMENT ON GEOREFERENCED MAP,ACMEMAPPER,FALSE,FALSE,https://edocs.deq.nc.gov/WasteManagement/Search.aspx?dbid=0&searchcommand=%7B%5BWM%5D:%5BProgram_ID%5D%20%3D%20%22*NCD980502827*%22%7D,7/2/2026 12:00:00 AM,-78.87171,35.05573
48523,NCD980503148,SOUTHCHEM LANDFILL,722 EAST MARKHAM AVE,DURHAM,DURHAM,36.007667,-78.88149,ON SCREEN PLACEMENT ON GEOREFERENCED MAP,ACMEMAPPER,FALSE,FALSE,https://edocs.deq.nc.gov/WasteManagement/Search.aspx?dbid=0&searchcommand=%7B%5BWM%5D:%5BProgram_ID%5D%20%3D%20%22*NCD980502892*%22%7D,7/2/2026 12:00:00 AM,-78.88149,36.007667
48524,NCD980515308,UNIVERSITY OF NC AT CHAPEL HILL,FINLEY GOLF COURSE RD,,DURHAM,35.8902,-79.0082,ON SCREEN PLACEMENT ON GEOREFERENCED MAP,ACMEMAPPER,FALSE,FALSE,https://edocs.deq.nc.gov/WasteManagement/Search.aspx?dbid=0&searchcommand=%7B%5BWM%5D:%5BProgram_ID%5D%20%3D%20%22*NCD980503148*%22%7D,7/2/2026 12:00:00 AM,-79.0082,35.8902
48525,NCD980518211,IRT/IBM CORPORATION,4101 S I-85,CHARLOTTE,MECKLENBURG,35.24084,-80.93161,ON SCREEN PLACEMENT ON GEOREFERENCED MAP,ACMEMAPPER,FALSE,FALSE,https://edocs.deq.nc.gov/WasteManagement/Search.aspx?dbid=0&searchcommand=%7B%5BWM%5D:%5BProgram_ID%5D%20%3D%20%22*NCD980515308*%22%7D,7/2/2026 12:00:00 AM,-80.93161,35.24084
48526,NCD980557623,UNIVERSITY OF NC/ARPT WASTE DISP,AIRPORT RD,CHAPEL HILL,ORANGE,35.93819,-79.060226,ON SCREEN PLACEMENT ON GEOREFERENCED MAP,ACMEMAPPER,FALSE,TRUE,https://edocs.deq.nc.gov/WasteManagement/Search.aspx?dbid=0&searchcommand=%7B%5BWM%5D:%5BProgram_ID%5D%20%3D%20%22*NCD980518211*%22%7D,7/2/2026 12:00:00 AM,-79.0602259999999,35.9381900000001
48527,NCD980557631,LIVEWIRE ELEC CO/CALIFORNIA SPRAY,1004 SOUTH GEORGE STREET,GOLDSBORO,WAYNE,35.36827,-78.007,ON SCREEN PLACEMENT ON GEOREFERENCED MAP,ACMEMAPPER,FALSE,FALSE,https://edocs.deq.nc.gov/WasteManagement/Search.aspx?dbid=0&searchcommand=%7B%5BWM%5D:%5BProgram_ID%5D%20%3D%20%22*NCD980557623*%22%7D,7/2/2026 12:00:00 AM,-78.0069999999999,35.3682700000001
48528,NCD980557672,PITT COUNTY UTILITY LANDFILL,PORT TERMINAL RD,GREENVILLE,PITT,35.59677,-77.30611,ON SCREEN PLACEMENT ON GEOREFERENCED MAP,ACMEMAPPER,FALSE,FALSE,https://edocs.deq.nc.gov/WasteManagement/Search.aspx?dbid=0&searchcommand=%7B%5BWM%5D:%5BProgram_ID%5D%20%3D%20%22*NCD980557631*%22%7D,7/2/2026 12:00:00 AM,-77.30611,35.59677
48529,NCD980557722,HARRISBURG BATTERY,2609 HIGHWAY 49,HARRISBURG,CABARRUS,35.33564,-80.6202,ON SCREEN PLACEMENT ON GEOREFERENCED MAP,ACMEMAPPER,FALSE,FALSE,https://edocs.deq.nc.gov/WasteManagement/Search.aspx?dbid=0&searchcommand=%7B%5BWM%5D:%5BProgram_ID%5D%20%3D%20%22*NCD980557672*%22%7D,7/2/2026 12:00:00 AM,-80.6202,35.3356400000001
48530,NCD980557847,KAISER ACME FARMARKET,SR 1870,RIEGELWOOD,COLUMBUS,34.32322,-78.20686,ON SCREEN PLACEMENT ON GEOREFERENCED MAP,ACMEMAPPER,FALSE,FALSE,https://edocs.deq.nc.gov/WasteManagement/Search.aspx?dbid=0&searchcommand=%7B%5BWM%5D:%5BProgram_ID%5D%20%3D%20%22*NCD980557722*%22%7D,7/2/2026 12:00:00 AM,-78.2068599999999,34.32322
48531,NCD980557854,FMC/NIAGARA PESTICIDES,3595 OLD NC 11,AYDEN,PITT,35.49471,-77.41499,ON SCREEN PLACEMENT ON GEOREFERENCED MAP,ACMEMAPPER,FALSE,FALSE,https://edocs.deq.nc.gov/WasteManagement/Search.aspx?dbid=0&searchcommand=%7B%5BWM%5D:%5BProgram_ID%5D%20%3D%20%22*NCD980557847*%22%7D,7/2/2026 12:00:00 AM,-77.41499,35.4947100000001
48532,NCD980559637,BEAUNIT CORP./DYING & FINISHING,LINEBERGER STREET,LOWELL,GASTON,35.27721,-81.09512,ON SCREEN PLACEMENT ON GEOREFERENCED MAP,ACMEMAPPER,FALSE,FALSE,https://edocs.deq.nc.gov/WasteManagement/Search.aspx?dbid=0&searchcommand=%7B%5BWM%5D:%5BProgram_ID%5D%20%3D%20%22*NCD980557854*%22%7D,7/2/2026 12:00:00 AM,-81.09512,35.27721
48533,NCD980559983,"PPG IND., INC./WKS 52",WASHBURN SWITCH ROAD,SHELBY,CLEVELAND,35.32496,-81.6316,ON SCREEN PLACEMENT ON GEOREFERENCED MAP,ACMEMAPPER,FALSE,FALSE,https://edocs.deq.nc.gov/WasteManagement/Search.aspx?dbid=0&searchcommand=%7B%5BWM%5D:%5BProgram_ID%5D%20%3D%20%22*NCD980559637*%22%7D,7/2/2026 12:00:00 AM,-81.6315999999999,35.32496
48534,NCD980600449,"SED, INC. RADAR ROAD",500 RADAR ROAD,GREENSBORO,GUILFORD,36.08774,-79.9327,ON SCREEN PLACEMENT ON GEOREFERENCED MAP,ACMEMAPPER,FALSE,FALSE,https://edocs.deq.nc.gov/WasteManagement/Search.aspx?dbid=0&searchcommand=%7B%5BWM%5D:%5BProgram_ID%5D%20%3D%20%22*NCD980559983*%22%7D,7/2/2026 12:00:00 AM,-79.9327,36.0877400000001
48535,NCD980602791,SALVAGE OIL OF AMERICA,1227 MCLEOD STREET,ROCKINGHAN,RICHMOND,34.91283,-79.77096,ON SCREEN PLACEMENT ON GEOREFERENCED MAP,ACMEMAPPER,FALSE,FALSE,https://edocs.deq.nc.gov/WasteManagement/Search.aspx?dbid=0&searchcommand=%7B%5BWM%5D:%5BProgram_ID%5D%20%3D%20%22*NCD980600449*%22%7D,7/2/2026 12:00:00 AM,-79.7709599999999,34.91283
48536,NCD980712038,"SED, INC. SWING COURT",SWING COURT,GREENSBORO,GUILFORD,36.07165,-79.90934,ON SCREEN PLACEMENT ON GEOREFERENCED MAP,ACMEMAPPER,FALSE,FALSE,https://edocs.deq.nc.gov/WasteManagement/Search.aspx?dbid=0&searchcommand=%7B%5BWM%5D:%5BProgram_ID%5D%20%3D%20%22*NCD980602791*%22%7D,7/2/2026 12:00:00 AM,-79.90934,36.07165
48537,NCD980728745,OSHIELDS FLY ASH,101 LACY LANE,PISGAH FOREST,TRANSYLVANIA,35.282849,-82.688755,ON SCREEN PLACEMENT ON GEOREFERENCED MAP,ESRI AGOL BASE MAP,FALSE,FALSE,https://edocs.deq.nc.gov/WasteManagement/Search.aspx?dbid=0&searchcommand=%7B%5BWM%5D:%5BProgram_ID%5D%20%3D%20%22*NCD980712038*%22%7D,7/2/2026 12:00:00 AM,-82.688755,35.2828490000001
48538,NCD980729412,CAROLINA TANK CLEANING COMPANY,1025 NC HWY 68,GREENSBORO,GUILFORD,36.129515,-79.969145,ON SCREEN PLACEMENT ON GEOREFERENCED MAP,ACMEMAPPER,FALSE,FALSE,https://edocs.deq.nc.gov/WasteManagement/Search.aspx?dbid=0&searchcommand=%7B%5BWM%5D:%5BProgram_ID%5D%20%3D%20%22*NCD980728745*%22%7D,7/2/2026 12:00:00 AM,-79.969145,36.129515
48539,NCD980729479,CAROLAWN COMPANY,1426 W MOUNTAIN ST,KERNERSVILLE,FORSYTH,36.13701,-80.10044,ON SCREEN PLACEMENT ON GEOREFERENCED MAP,ACMEMAPPER,FALSE,FALSE,https://edocs.deq.nc.gov/WasteManagement/Search.aspx?dbid=0&searchcommand=%7B%5BWM%5D:%5BProgram_ID%5D%20%3D%20%22*NCD980729412*%22%7D,7/2/2026 12:00:00 AM,-80.1004399999999,36.13701
48540,NCD980729677,KNOB CREEK FLYASH DISPOSAL,SR 1540,BREVARD,TRANSYLVANIA,35.22136,-82.70469,ON SCREEN PLACEMENT ON GEOREFERENCED MAP,ACMEMAPPER,FALSE,TRUE,https://edocs.deq.nc.gov/WasteManagement/Search.aspx?dbid=0&searchcommand=%7B%5BWM%5D:%5BProgram_ID%5D%20%3D%20%22*NCD980729479*%22%7D,7/2/2026 12:00:00 AM,-82.70469,35.2213600000001
48541,NCD980799019,CHEROKEE OIL,1201 BERRYHILL ROAD,CHARLOTTE,MECKLENBURG,35.23604,-80.87466,ON SCREEN PLACEMENT ON GEOREFERENCED MAP,ACMEMAPPER,FALSE,FALSE,https://edocs.deq.nc.gov/WasteManagement/Search.aspx?dbid=0&searchcommand=%7B%5BWM%5D:%5BProgram_ID%5D%20%3D%20%22*NCD980729677*%22%7D,7/2/2026 12:00:00 AM,-80.8746599999999,35.2360400000001
48542,NCD980838379,ROWE CORP PROPERTY/BOULIGNY SITE,433 W MOREHEAD ST,CHARLOTTE,MECKLENBURG,35.22427,-80.85606,ON SCREEN PLACEMENT ON GEOREFERENCED MAP,ACMEMAPPER,FALSE,FALSE,https://edocs.deq.nc.gov/WasteManagement/Search.aspx?dbid=0&searchcommand=%7B%5BWM%5D:%5BProgram_ID%5D%20%3D%20%22*NCD980799019*%22%7D,7/2/2026 12:00:00 AM,-80.85606,35.22427
48543,NCD980838478,HONEYWELL INTERNATIONAL INC,3475 N WESLEYAN BLVD,ROCKY MOUNT,NASH,36.01665,-77.768685,ON SCREEN PLACEMENT ON GEOREFERENCED MAP,ACMEMAPPER,FALSE,FALSE,https://edocs.deq.nc.gov/WasteManagement/Search.aspx?dbid=0&searchcommand=%7B%5BWM%5D:%5BProgram_ID%5D%20%3D%20%22*NCD980838379*%22%7D,7/2/2026 12:00:00 AM,-77.7686849999999,36.01665
48544,NCD980838551,MCDOWELL FIREMAN ASSOCIATION SITE,SR 1214 GREENLEE ROAD,MARION,MCDOWELL,35.68629,-82.04562,ON SCREEN PLACEMENT ON GEOREFERENCED MAP,ACMEMAPPER,FALSE,FALSE,https://edocs.deq.nc.gov/WasteManagement/Search.aspx?dbid=0&searchcommand=%7B%5BWM%5D:%5BProgram_ID%5D%20%3D%20%22*NCD980838478*%22%7D,7/2/2026 12:00:00 AM,-82.04562,35.68629
48545,NCD980839757,INDIAN GRAVE GAP DRUM DISPOSAL,APPROX 2 MLS N OF SR 1513,LENOIR,CALDWELL,35.97717,-81.52868,ON SCREEN PLACEMENT ON GEOREFERENCED MAP,ACMEMAPPER,FALSE,FALSE,https://edocs.deq.nc.gov/WasteManagement/Search.aspx?dbid=0&searchcommand=%7B%5BWM%5D:%5BProgram_ID%5D%20%3D%20%22*NCD980838551*%22%7D,7/2/2026 12:00:00 AM,-81.52868,35.9771700000001
48546,NCD980843460,GRANT CREEK WWTP,CRUSE ROAD,SALISBURY,ROWAN,35.71279,-80.43048,ON SCREEN PLACEMENT ON GEOREFERENCED MAP,ACMEMAPPER,FALSE,FALSE,https://edocs.deq.nc.gov/WasteManagement/Search.aspx?dbid=0&searchcommand=%7B%5BWM%5D:%5BProgram_ID%5D%20%3D%20%22*NCD980839757*%22%7D,7/2/2026 12:00:00 AM,-80.43048,35.71279
48547,NCD980843528,TOWN CREEK REGIONAL WWTP,HEILIGTOWN ROAD,SALISBURY,ROWAN,35.68407,-80.40941,ON SCREEN PLACEMENT ON GEOREFERENCED MAP,ACMEMAPPER,FALSE,FALSE,https://edocs.deq.nc.gov/WasteManagement/Search.aspx?dbid=0&searchcommand=%7B%5BWM%5D:%5BProgram_ID%5D%20%3D%20%22*NCD980843460*%22%7D,7/2/2026 12:00:00 AM,-80.40941,35.6840700000001
48548,NCD980844336,UNION CARBIDE BATTERY,5400 HOVIS ROAD,CHARLOTTE,MECKLENBURG,35.27263,-80.89558,ON SCREEN PLACEMENT ON GEOREFERENCED MAP,ACMEMAPPER,FALSE,FALSE,https://edocs.deq.nc.gov/WasteManagement/Search.aspx?dbid=0&searchcommand=%7B%5BWM%5D:%5BProgram_ID%5D%20%3D%20%22*NCD980843528*%22%7D,7/2/2026 12:00:00 AM,-80.8955799999999,35.27263
48549,NCD980844518,AMP INCORPORATED,4798 KINNAMON ROAD,CLEMMONS,FORSYTH,36.0406,-80.37592,ON SCREEN PLACEMENT ON GEOREFERENCED MAP,ACMEMAPPER,FALSE,FALSE,https://edocs.deq.nc.gov/WasteManagement/Search.aspx?dbid=0&searchcommand=%7B%5BWM%5D:%5BProgram_ID%5D%20%3D%20%22*NCD980844336*%22%7D,7/2/2026 12:00:00 AM,-80.37592,36.0406
48550,NCD980845119,BUCKHORN PESTICIDES,NC 581 & NC 42,WILSON,WILSON,35.67723,-78.10702,ON SCREEN PLACEMENT ON GEOREFERENCED MAP,ACMEMAPPER,FALSE,FALSE,https://edocs.deq.nc.gov/WasteManagement/Search.aspx?dbid=0&searchcommand=%7B%5BWM%5D:%5BProgram_ID%5D%20%3D%20%22*NCD980844518*%22%7D,7/2/2026 12:00:00 AM,-78.10702,35.6772300000001
48551,NCD980847123,HURT RESIDENCE,HWY 64,MORGANTON,BURKE,35.72962,-81.77404,ON SCREEN PLACEMENT ON GEOREFERENCED MAP,ACMEMAPPER,FALSE,FALSE,https://edocs.deq.nc.gov/WasteManagement/Search.aspx?dbid=0&searchcommand=%7B%5BWM%5D:%5BProgram_ID%5D%20%3D%20%22*NCD980845119*%22%7D,7/2/2026 12:00:00 AM,-81.77404,35.7296200000001
48552,NCD980848766,GIBBS ELECTROPLATING,5210/5216 HOVIS ROAD,CHARLOTTE,MECKLENBURG,35.2708,-80.89672,ON SCREEN PLACEMENT ON GEOREFERENCED MAP,ACMEMAPPER,FALSE,FALSE,https://edocs.deq.nc.gov/WasteManagement/Search.aspx?dbid=0&searchcommand=%7B%5BWM%5D:%5BProgram_ID%5D%20%3D%20%22*NCD980847123*%22%7D,7/2/2026 12:00:00 AM,-80.89672,35.2708000000001
48553,NCD980848782,MADISON COUNTY CYANIDE SITE,7735 NC 63 HWY,LEICESTER,MADISON,35.697476,-82.82448,ON SCREEN PLACEMENT ON GEOREFERENCED MAP,ESRI AGOL BASE MAP,FALSE,FALSE,https://edocs.deq.nc.gov/WasteManagement/Search.aspx?dbid=0&searchcommand=%7B%5BWM%5D:%5BProgram_ID%5D%20%3D%20%22*NCD980848766*%22%7D,7/2/2026 12:00:00 AM,-82.8244799999999,35.6974760000001
48554,NCD981003957,HENSON LANDFILL,US HIGHWAY 221 SOUTH,FOREST CITY,RUTHERFORD,35.25715,-81.87694,ON SCREEN PLACEMENT ON GEOREFERENCED MAP,ACMEMAPPER,TRUE,FALSE,https://edocs.deq.nc.gov/WasteManagement/Search.aspx?dbid=0&searchcommand=%7B%5BWM%5D:%5BProgram_ID%5D%20%3D%20%22*NCD980848782*%22%7D,7/2/2026 12:00:00 AM,-81.8769399999999,35.25715
48555,NCD981014517,DYNATECH,TOOMEY AVE,CHARLOTTE,MECKLENBURG,35.2123,-80.8709,ON SCREEN PLACEMENT ON GEOREFERENCED MAP,ACMEMAPPER,FALSE,FALSE,https://edocs.deq.nc.gov/WasteManagement/Search.aspx?dbid=0&searchcommand=%7B%5BWM%5D:%5BProgram_ID%5D%20%3D%20%22*NCD981003957*%22%7D,7/2/2026 12:00:00 AM,-80.8708999999999,35.2123
48556,NCD981015746,CAROLINA ALUMINUM/HERBERT TAYLOR,SR 1125,ROPER,WASHINGTON,35.84131,-76.59801,ON SCREEN PLACEMENT ON GEOREFERENCED MAP,ACMEMAPPER,FALSE,FALSE,https://edocs.deq.nc.gov/WasteManagement/Search.aspx?dbid=0&searchcommand=%7B%5BWM%5D:%5BProgram_ID%5D%20%3D%20%22*NCD981014517*%22%7D,7/2/2026 12:00:00 AM,-76.59801,35.8413100000001
48557,NCD981015886,CAROLINA PRODUCTION FINISHING,105 FAIRVIEW RD,ASHEVILLE,BUNCOMBE,35.56547,-82.53511,ON SCREEN PLACEMENT ON GEOREFERENCED MAP,ACMEMAPPER,FALSE,FALSE,https://edocs.deq.nc.gov/WasteManagement/Search.aspx?dbid=0&searchcommand=%7B%5BWM%5D:%5BProgram_ID%5D%20%3D%20%22*NCD981015746*%22%7D,7/2/2026 12:00:00 AM,-82.53511,35.5654700000001
48558,NCD981021702,"CAMP, LEONARD PROPERTY",SR 2226,EARL,CLEVELAND,35.19825,-81.51242,ON SCREEN PLACEMENT ON GEOREFERENCED MAP,ACMEMAPPER,FALSE,FALSE,https://edocs.deq.nc.gov/WasteManagement/Search.aspx?dbid=0&searchcommand=%7B%5BWM%5D:%5BProgram_ID%5D%20%3D%20%22*NCD981015886*%22%7D,7/2/2026 12:00:00 AM,-81.51242,35.19825
48559,NCD981022288,C&T REFINERY,4800 SOUTH BOULEVARD,CHARLOTTE,MECKLENBURG,35.17061,-80.87728,ON SCREEN PLACEMENT ON GEOREFERENCED MAP,ACMEMAPPER,FALSE,FALSE,https://edocs.deq.nc.gov/WasteManagement/Search.aspx?dbid=0&searchcommand=%7B%5BWM%5D:%5BProgram_ID%5D%20%3D%20%22*NCD981021702*%22%7D,7/2/2026 12:00:00 AM,-80.87728,35.1706100000001
48560,NCD981023732,NEUVILLE SOCK PROPERTY,US 64/70 I-40 ACCESS ROAD,HILDEBRAN,BURKE,35.71567,-81.40634,ON SCREEN PLACEMENT ON GEOREFERENCED MAP,ACMEMAPPER,FALSE,FALSE,https://edocs.deq.nc.gov/WasteManagement/Search.aspx?dbid=0&searchcommand=%7B%5BWM%5D:%5BProgram_ID%5D%20%3D%20%22*NCD981022288*%22%7D,7/2/2026 12:00:00 AM,-81.4063399999999,35.71567
48561,NCD981027915,J STREET FLYASH DISPOSAL SITE,SR 1769,ERWIN,HARNETT,35.3321,-78.68596,ON SCREEN PLACEMENT ON GEOREFERENCED MAP,ACMEMAPPER,FALSE,FALSE,https://edocs.deq.nc.gov/WasteManagement/Search.aspx?dbid=0&searchcommand=%7B%5BWM%5D:%5BProgram_ID%5D%20%3D%20%22*NCD981023732*%22%7D,7/2/2026 12:00:00 AM,-78.68596,35.3321
48562,NCD981030893,MUSIC CLUB PESTICIDE SITE,SE QUADRANT OF INT US 17,WILLIAMSTON,MARTIN,35.85882,-77.03927,ON SCREEN PLACEMENT ON GEOREFERENCED MAP,ACMEMAPPER,FALSE,FALSE,https://edocs.deq.nc.gov/WasteManagement/Search.aspx?dbid=0&searchcommand=%7B%5BWM%5D:%5BProgram_ID%5D%20%3D%20%22*NCD981027915*%22%7D,7/2/2026 12:00:00 AM,-77.03927,35.85882
48563,NCD981031578,RAINBOW DRIVE BATTERY,SR 1646,KANNAPOLIS,CABARRUS,35.49155,-80.64284,ON SCREEN PLACEMENT ON GEOREFERENCED MAP,ACMEMAPPER,FALSE,FALSE,https://edocs.deq.nc.gov/WasteManagement/Search.aspx?dbid=0&searchcommand=%7B%5BWM%5D:%5BProgram_ID%5D%20%3D%20%22*NCD981030893*%22%7D,7/2/2026 12:00:00 AM,-80.64284,35.4915500000001
48564,NCD981473150,CHERRY MT STREET DRUM,602 CHERRY MOUNTAIN,FOREST CITY,RUTHERFORD,35.3414,-81.86236,ON SCREEN PLACEMENT ON GEOREFERENCED MAP,ACMEMAPPER,FALSE,FALSE,https://edocs.deq.nc.gov/WasteManagement/Search.aspx?dbid=0&searchcommand=%7B%5BWM%5D:%5BProgram_ID%5D%20%3D%20%22*NCD981031578*%22%7D,7/2/2026 12:00:00 AM,-81.86236,35.3414000000001
48565,NCD981474158,SWEETEN CREEK DRUM SITE,115 SWEETEN CREEK ROAD,ASHEVILLE,BUNCOMBE,35.563425,-82.529054,ON SCREEN PLACEMENT ON GEOREFERENCED MAP,ESRI AGOL BASE MAP,FALSE,FALSE,https://edocs.deq.nc.gov/WasteManagement/Search.aspx?dbid=0&searchcommand=%7B%5BWM%5D:%5BProgram_ID%5D%20%3D%20%22*NCD981473150*%22%7D,7/2/2026 12:00:00 AM,-82.529054,35.5634250000001
48566,NCD981477839,CRESCENT SQUARE DRY CLEANERS,807-825 MAIN ST,GRAHAM,ALAMANCE,36.056468,-79.401494,ON SCREEN PLACEMENT ON GEOREFERENCED MAP,GOOGLE MAPS,FALSE,FALSE,https://edocs.deq.nc.gov/WasteManagement/Search.aspx?dbid=0&searchcommand=%7B%5BWM%5D:%5BProgram_ID%5D%20%3D%20%22*NCD981474158*%22%7D,7/2/2026 12:00:00 AM,-79.401494,36.0564680000001
48567,NCD981861214,CHARLOTTE TRANSPORTATION TERMINAL,2246 OLD STEELE CREEK RD,CHARLOTTE,MECKLENBURG,35.221024,-80.90248,ON SCREEN PLACEMENT ON GEOREFERENCED MAP,ACMEMAPPER,FALSE,TRUE,https://edocs.deq.nc.gov/WasteManagement/Search.aspx?dbid=0&searchcommand=%7B%5BWM%5D:%5BProgram_ID%5D%20%3D%20%22*NCD981477839*%22%7D,7/2/2026 12:00:00 AM,-80.90248,35.2210240000001
48568,NCD981861743,DUKE POWER/GREENSBORO GAS PLANT,320 EAST FRIENDLY AVENUE,GREENSBORO,GUILFORD,36.07404,-79.78564,ON SCREEN PLACEMENT ON GEOREFERENCED MAP,ACMEMAPPER,FALSE,TRUE,https://edocs.deq.nc.gov/WasteManagement/Search.aspx?dbid=0&searchcommand=%7B%5BWM%5D:%5BProgram_ID%5D%20%3D%20%22*NCD981861214*%22%7D,7/2/2026 12:00:00 AM,-79.7856399999999,36.07404
48569,NCD981863012,TRANSCO,236 TRANSCO RD,MOORESVILLE,IREDELL,35.525833,-80.859166,UNKNOWN,,FALSE,FALSE,https://edocs.deq.nc.gov/WasteManagement/Search.aspx?dbid=0&searchcommand=%7B%5BWM%5D:%5BProgram_ID%5D%20%3D%20%22*NCD981861743*%22%7D,7/2/2026 12:00:00 AM,-80.859166,35.525833
48570,NCD981863228,"SCHERER, R.P.",2021 E. ROOSEVELT BLVD.,MONROE,UNION,34.97906,-80.49294,ON SCREEN PLACEMENT ON GEOREFERENCED MAP,ACMEMAPPER,FALSE,FALSE,https://edocs.deq.nc.gov/WasteManagement/Search.aspx?dbid=0&searchcommand=%7B%5BWM%5D:%5BProgram_ID%5D%20%3D%20%22*NCD981863012*%22%7D,7/2/2026 12:00:00 AM,-80.49294,34.9790600000001
48571,NCD981863277,PERRY BUILDERS - RALEIGH RD,2846 RALEIGH RD,HENDERSON,VANCE,36.293065,-78.405503,ON SCREEN PLACEMENT ON GEOREFERENCED MAP,ACMEMAPPER,FALSE,FALSE,https://edocs.deq.nc.gov/WasteManagement/Search.aspx?dbid=0&searchcommand=%7B%5BWM%5D:%5BProgram_ID%5D%20%3D%20%22*NCD981863228*%22%7D,7/2/2026 12:00:00 AM,-78.405503,36.2930650000001
48572,NCD981863814,LANCASTER PLATING,802 EDWARDS ROAD,LILLINGTON,HARNETT,35.39304444,-78.80429444,ON SCREEN PLACEMENT ON GEOREFERENCED MAP,ACMEMAPPER,FALSE,FALSE,https://edocs.deq.nc.gov/WasteManagement/Search.aspx?dbid=0&searchcommand=%7B%5BWM%5D:%5BProgram_ID%5D%20%3D%20%22*NCD981863277*%22%7D,7/2/2026 12:00:00 AM,-78.80429444,35.39304444
48573,NCD981864614,ULAH BATTERY/BATTERY PILES,SR 1219/DINAH RD,ASHEBORO,RANDOLPH,35.63955,-79.82928,ON SCREEN PLACEMENT ON GEOREFERENCED MAP,ACMEMAPPER,TRUE,FALSE,https://edocs.deq.nc.gov/WasteManagement/Search.aspx?dbid=0&searchcommand=%7B%5BWM%5D:%5BProgram_ID%5D%20%3D%20%22*NCD981863814*%22%7D,7/2/2026 12:00:00 AM,-79.82928,35.63955
48574,NCD981865520,T AND S HARDWOODS INC,3635 SKYLAND DRIVE,SYLVA,JACKSON,35.40329,-83.16605,ON SCREEN PLACEMENT ON GEOREFERENCED MAP,ACMEMAPPER,FALSE,FALSE,https://edocs.deq.nc.gov/WasteManagement/Search.aspx?dbid=0&searchcommand=%7B%5BWM%5D:%5BProgram_ID%5D%20%3D%20%22*NCD981864614*%22%7D,7/2/2026 12:00:00 AM,-83.16605,35.40329
48575,NCD981921083,SWIFT ADHESIVES,9724 INDUSTRIAL DRIVE,PINEVILLE,MECKLENBURG,35.102531,-80.887877,ON SCREEN PLACEMENT ON GEOREFERENCED MAP,ACMEMAPPER,FALSE,FALSE,https://edocs.deq.nc.gov/WasteManagement/Search.aspx?dbid=0&searchcommand=%7B%5BWM%5D:%5BProgram_ID%5D%20%3D%20%22*NCD981865520*%22%7D,7/2/2026 12:00:00 AM,-80.8878769999999,35.1025310000001
48576,NCD981922362,"GREIF, INC",409 E ELM ST,BLADENBORO,BLADEN,34.53571,-78.78289,ON SCREEN PLACEMENT ON GEOREFERENCED MAP,ACMEMAPPER,FALSE,FALSE,https://edocs.deq.nc.gov/WasteManagement/Search.aspx?dbid=0&searchcommand=%7B%5BWM%5D:%5BProgram_ID%5D%20%3D%20%22*NCD981921083*%22%7D,7/2/2026 12:00:00 AM,-78.78289,34.5357100000001
48577,NCD981928088,"TEXFI INDUSTRIES, INC/NEW BERN",197 BOSCH BLVD,NEW BERN,CRAVEN,35.13784,-77.10952,ON SCREEN PLACEMENT ON GEOREFERENCED MAP,ACMEMAPPER,FALSE,FALSE,https://edocs.deq.nc.gov/WasteManagement/Search.aspx?dbid=0&searchcommand=%7B%5BWM%5D:%5BProgram_ID%5D%20%3D%20%22*NCD981922362*%22%7D,7/2/2026 12:00:00 AM,-77.10952,35.13784
48578,NCD981928385,JOHN DEERE TRACTOR,HWY 601 AND SR 1413,MOCKSVILLE,DAVIE,35.96432,-80.61738,ON SCREEN PLACEMENT ON GEOREFERENCED MAP,ACMEMAPPER,FALSE,FALSE,https://edocs.deq.nc.gov/WasteManagement/Search.aspx?dbid=0&searchcommand=%7B%5BWM%5D:%5BProgram_ID%5D%20%3D%20%22*NCD981928088*%22%7D,7/2/2026 12:00:00 AM,-80.61738,35.96432
48579,NCD981932023,TARBORO-EDGECOMBE AIRPORT,HWY 44,TARBORO,EDGECOMBE,35.93764,-77.54082,ON SCREEN PLACEMENT ON GEOREFERENCED MAP,ACMEMAPPER,FALSE,FALSE,https://edocs.deq.nc.gov/WasteManagement/Search.aspx?dbid=0&searchcommand=%7B%5BWM%5D:%5BProgram_ID%5D%20%3D%20%22*NCD981928385*%22%7D,7/2/2026 12:00:00 AM,-77.5408199999999,35.93764
48580,NCD981933096,"ROCKY MOUNT, OLD AIRPORT",US 301 BUSINESS,ROCKY MOUNT,NASH,35.96435,-77.78893,ON SCREEN PLACEMENT ON GEOREFERENCED MAP,ACMEMAPPER,TRUE,FALSE,https://edocs.deq.nc.gov/WasteManagement/Search.aspx?dbid=0&searchcommand=%7B%5BWM%5D:%5BProgram_ID%5D%20%3D%20%22*NCD981932023*%22%7D,7/2/2026 12:00:00 AM,-77.7889299999999,35.96435
48581,NCD982080152,PEE DEE TIMBER CO,230 W BIZZELL ST,LAURINBURG,SCOTLAND,34.77946,-79.46331,ON SCREEN PLACEMENT ON GEOREFERENCED MAP,UNKNOWN,FALSE,FALSE,https://edocs.deq.nc.gov/WasteManagement/Search.aspx?dbid=0&searchcommand=%7B%5BWM%5D:%5BProgram_ID%5D%20%3D%20%22*NCD981933096*%22%7D,7/2/2026 12:00:00 AM,-79.46331,34.77946
48582,NCD982084113,LINAMAR FORGINGS/CAROLINA FORGE,2401 STATONSBURG RD SOUTHEAST,WILSON,WILSON,35.69706,-77.88983,GEOCODE (ADDRESS MATCH),ACMEMAPPER,FALSE,TRUE,https://edocs.deq.nc.gov/WasteManagement/Search.aspx?dbid=0&searchcommand=%7B%5BWM%5D:%5BProgram_ID%5D%20%3D%20%22*NCD982080152*%22%7D,7/2/2026 12:00:00 AM,-77.88983,35.6970600000001
48583,NCD982098774,CAL-TONE PAINTS,5115 NEW BERN AVE,RALEIGH,WAKE,35.79528,-78.55023,ON SCREEN PLACEMENT ON GEOREFERENCED MAP,ACMEMAPPER,FALSE,FALSE,https://edocs.deq.nc.gov/WasteManagement/Search.aspx?dbid=0&searchcommand=%7B%5BWM%5D:%5BProgram_ID%5D%20%3D%20%22*NCD982084113*%22%7D,7/2/2026 12:00:00 AM,-78.5502299999999,35.79528
48584,NCD982101669,CARY VILLAGE 66,1101 WALNUT ST.,CARY,WAKE,35.77235,-78.76386,ON SCREEN PLACEMENT ON GEOREFERENCED MAP,ACMEMAPPER,FALSE,FALSE,https://edocs.deq.nc.gov/WasteManagement/Search.aspx?dbid=0&searchcommand=%7B%5BWM%5D:%5BProgram_ID%5D%20%3D%20%22*NCD982098774*%22%7D,7/2/2026 12:00:00 AM,-78.76386,35.7723500000001
48585,NCD982108433,BEAMAN CORP.,6306 N.OLD HWY 421,LIBERTY,RANDOLPH,35.8857,-79.58029,ON SCREEN PLACEMENT ON GEOREFERENCED MAP,ACMEMAPPER,FALSE,FALSE,https://edocs.deq.nc.gov/WasteManagement/Search.aspx?dbid=0&searchcommand=%7B%5BWM%5D:%5BProgram_ID%5D%20%3D%20%22*NCD982101669*%22%7D,7/2/2026 12:00:00 AM,-79.5802899999999,35.8857
48586,NCD982109084,BROWN EQUIP MFG CO,11601 HAMBRIGHT ROAD,HUNTERSVILLE,MECKLENBURG,35.37719,-80.84444,ON SCREEN PLACEMENT ON GEOREFERENCED MAP,ESRI AGOL BASE MAP,FALSE,FALSE,https://edocs.deq.nc.gov/WasteManagement/Search.aspx?dbid=0&searchcommand=%7B%5BWM%5D:%5BProgram_ID%5D%20%3D%20%22*NCD982108433*%22%7D,7/2/2026 12:00:00 AM,-80.84444,35.37719
48587,NCD982115040,PERRY BUILDERS - MOBILE TRACT,NICHOLAS ST & SKENES AVE,HENDERSON,VANCE,36.30966,-78.40466,ON SCREEN PLACEMENT ON GEOREFERENCED MAP,ACMEMAPPER,FALSE,FALSE,https://edocs.deq.nc.gov/WasteManagement/Search.aspx?dbid=0&searchcommand=%7B%5BWM%5D:%5BProgram_ID%5D%20%3D%20%22*NCD982109084*%22%7D,7/2/2026 12:00:00 AM,-78.40466,36.3096600000001
48588,NCD982116477,"CONAGRA FOODS, INC",4851 JONES SAUSAGE RD,GARNER,WAKE,35.7164,-78.58827,ON SCREEN PLACEMENT ON GEOREFERENCED MAP,ACMEMAPPER,FALSE,TRUE,https://edocs.deq.nc.gov/WasteManagement/Search.aspx?dbid=0&searchcommand=%7B%5BWM%5D:%5BProgram_ID%5D%20%3D%20%22*NCD982115040*%22%7D,7/2/2026 12:00:00 AM,-78.58827,35.7164000000001
48589,NCD982117590,CUSTOM PROCESSING AND MANUFACTURING,1110 SURRETT DRIVE,HIGH POINT,GUILFORD,35.932749,-80.004167,ON SCREEN PLACEMENT ON GEOREFERENCED MAP,ESRI AGOL BASE MAP,FALSE,FALSE,https://edocs.deq.nc.gov/WasteManagement/Search.aspx?dbid=0&searchcommand=%7B%5BWM%5D:%5BProgram_ID%5D%20%3D%20%22*NCD982116477*%22%7D,7/2/2026 12:00:00 AM,-80.0041669999999,35.9327490000001
48590,NCD982119463,DAYCO LANDFILL CRYME COVE ROAD,SR 1134,WAYNESVILLE,HAYWOOD,35.46962,-82.97227,ON SCREEN PLACEMENT ON GEOREFERENCED MAP,ACMEMAPPER,FALSE,FALSE,https://edocs.deq.nc.gov/WasteManagement/Search.aspx?dbid=0&searchcommand=%7B%5BWM%5D:%5BProgram_ID%5D%20%3D%20%22*NCD982117590*%22%7D,7/2/2026 12:00:00 AM,-82.97227,35.4696200000001
48591,NCD982140014,HYDRO EXTRUSION USA BLDG NO.1,1507 INDUSTRY DRIVE,BURLINGTON,ALAMANCE,36.05983,-79.44621,ON SCREEN PLACEMENT ON GEOREFERENCED MAP,ACMEMAPPER,FALSE,FALSE,https://edocs.deq.nc.gov/WasteManagement/Search.aspx?dbid=0&searchcommand=%7B%5BWM%5D:%5BProgram_ID%5D%20%3D%20%22*NCD982119463*%22%7D,7/2/2026 12:00:00 AM,-79.44621,36.05983
48592,NCD982156812,WYSONG & MILES,4820 US HWY 29 N,GREENSBORO,GUILFORD,36.16809,-79.71474,ON SCREEN PLACEMENT ON GEOREFERENCED MAP,ACMEMAPPER,FALSE,TRUE,https://edocs.deq.nc.gov/WasteManagement/Search.aspx?dbid=0&searchcommand=%7B%5BWM%5D:%5BProgram_ID%5D%20%3D%20%22*NCD982140014*%22%7D,7/2/2026 12:00:00 AM,-79.7147399999999,36.1680900000001
48593,NCD982157067,FORTRESS WOOD PRODUCTS,889 FOREMAN BUNDY RD,ELIZABETH CITY,PASQUOTANK,36.26913,-76.32108,ON SCREEN PLACEMENT ON GEOREFERENCED MAP,UNKNOWN,FALSE,FALSE,https://edocs.deq.nc.gov/WasteManagement/Search.aspx?dbid=0&searchcommand=%7B%5BWM%5D:%5BProgram_ID%5D%20%3D%20%22*NCD982156812*%22%7D,7/2/2026 12:00:00 AM,-76.3210799999999,36.2691300000001
48594,NCD986166288,WOODYS TIRE FIRE,HIGHWAY 321,GASTONIA,GASTON,35.19419,-81.2093,ON SCREEN PLACEMENT ON GEOREFERENCED MAP,ACMEMAPPER,FALSE,FALSE,https://edocs.deq.nc.gov/WasteManagement/Search.aspx?dbid=0&searchcommand=%7B%5BWM%5D:%5BProgram_ID%5D%20%3D%20%22*NCD982157067*%22%7D,7/2/2026 12:00:00 AM,-81.2093,35.19419
48595,NCD986166379,PILOT MOUNTAIN TIRE FIRE,DAVENPORT ROAD,PILOT MOUNTAIN,SURRY,36.288682,-80.693168,ON SCREEN PLACEMENT ON GEOREFERENCED MAP,ESRI AGOL BASE MAP,FALSE,FALSE,https://edocs.deq.nc.gov/WasteManagement/Search.aspx?dbid=0&searchcommand=%7B%5BWM%5D:%5BProgram_ID%5D%20%3D%20%22*NCD986166288*%22%7D,7/2/2026 12:00:00 AM,-80.693168,36.2886820000001
48596,NCD986166692,HARWELL ROAD SEPTIC PIT,BEATY AND JOHN D ROADS,GASTONIA,GASTON,35.18801,-81.13924,ON SCREEN PLACEMENT ON GEOREFERENCED MAP,ACMEMAPPER,FALSE,FALSE,https://edocs.deq.nc.gov/WasteManagement/Search.aspx?dbid=0&searchcommand=%7B%5BWM%5D:%5BProgram_ID%5D%20%3D%20%22*NCD986166379*%22%7D,7/2/2026 12:00:00 AM,-81.13924,35.1880100000001
48597,NCD986166700,TOISNOT SWAMP,PINE STREET,WILSON,WILSON,35.73422,-77.90242,ON SCREEN PLACEMENT ON GEOREFERENCED MAP,ACMEMAPPER,TRUE,FALSE,https://edocs.deq.nc.gov/WasteManagement/Search.aspx?dbid=0&searchcommand=%7B%5BWM%5D:%5BProgram_ID%5D%20%3D%20%22*NCD986166692*%22%7D,7/2/2026 12:00:00 AM,-77.9024199999999,35.7342200000001
48598,NCD986166759,WILSON SEPTIC PITS,SR 1131,HICKORY,CATAWBA,35.64894,-81.3599,ON SCREEN PLACEMENT ON GEOREFERENCED MAP,ACMEMAPPER,FALSE,FALSE,https://edocs.deq.nc.gov/WasteManagement/Search.aspx?dbid=0&searchcommand=%7B%5BWM%5D:%5BProgram_ID%5D%20%3D%20%22*NCD986166700*%22%7D,7/2/2026 12:00:00 AM,-81.3599,35.64894
48599,NCD986170678,WOOD ROAD DRUM BURIAL,CIRCLE WOOD RD/SR 2641,GASTONIA,GASTON,35.16131,-81.18321,ON SCREEN PLACEMENT ON GEOREFERENCED MAP,ACMEMAPPER,FALSE,FALSE,https://edocs.deq.nc.gov/WasteManagement/Search.aspx?dbid=0&searchcommand=%7B%5BWM%5D:%5BProgram_ID%5D%20%3D%20%22*NCD986166759*%22%7D,7/2/2026 12:00:00 AM,-81.18321,35.1613100000001
48600,NCD986171197,AMERICAN CIRCUITS INC,513 W 24TH STREET,CHARLOTTE,MECKLENBURG,35.24685,-80.82707,ON SCREEN PLACEMENT ON GEOREFERENCED MAP,ACMEMAPPER,FALSE,FALSE,https://edocs.deq.nc.gov/WasteManagement/Search.aspx?dbid=0&searchcommand=%7B%5BWM%5D:%5BProgram_ID%5D%20%3D%20%22*NCD986170678*%22%7D,7/2/2026 12:00:00 AM,-80.8270699999999,35.2468500000001
48601,NCD986171338,PEELE CO. PESTICIDE DISPOSAL,NC 42 EAST,CLAYTON,JOHNSTON,35.64153,-78.43131,ON SCREEN PLACEMENT ON GEOREFERENCED MAP,ACMEMAPPER,FALSE,TRUE,https://edocs.deq.nc.gov/WasteManagement/Search.aspx?dbid=0&searchcommand=%7B%5BWM%5D:%5BProgram_ID%5D%20%3D%20%22*NCD986171197*%22%7D,7/2/2026 12:00:00 AM,-78.4313099999999,35.64153
48602,NCD986171379,NEW HAVEN DRIVE TCE,NEW HAVEN DRIVE,GASTONIA,GASTON,35.201776,-81.211365,ON SCREEN PLACEMENT ON GEOREFERENCED MAP,ACMEMAPPER,FALSE,FALSE,https://edocs.deq.nc.gov/WasteManagement/Search.aspx?dbid=0&searchcommand=%7B%5BWM%5D:%5BProgram_ID%5D%20%3D%20%22*NCD986171338*%22%7D,7/2/2026 12:00:00 AM,-81.2113649999999,35.2017760000001
48603,NCD986171445,BENFIELD CHEMICALS,OLD CANTON CLYDE HWY,CANTON,HAYWOOD,35.536885,-82.868823,ON SCREEN PLACEMENT ON GEOREFERENCED MAP,ACMEMAPPER,FALSE,FALSE,https://edocs.deq.nc.gov/WasteManagement/Search.aspx?dbid=0&searchcommand=%7B%5BWM%5D:%5BProgram_ID%5D%20%3D%20%22*NCD986171379*%22%7D,7/2/2026 12:00:00 AM,-82.868823,35.536885
48604,NCD986171965,CARO-KNIT,SMITH CREEK PKWY & 23RD,WILMINGTON,NEW HANOVER,34.25596,-77.92093,ON SCREEN PLACEMENT ON GEOREFERENCED MAP,ACMEMAPPER,FALSE,TRUE,https://edocs.deq.nc.gov/WasteManagement/Search.aspx?dbid=0&searchcommand=%7B%5BWM%5D:%5BProgram_ID%5D%20%3D%20%22*NCD986171445*%22%7D,7/2/2026 12:00:00 AM,-77.9209299999999,34.2559600000001
48605,NCD986172500,MCLEAN BROTHERS FARM,SR 1415,WAGRAM,SCOTLAND,34.88664,-79.43231,ON SCREEN PLACEMENT ON GEOREFERENCED MAP,ACMEMAPPER,FALSE,FALSE,https://edocs.deq.nc.gov/WasteManagement/Search.aspx?dbid=0&searchcommand=%7B%5BWM%5D:%5BProgram_ID%5D%20%3D%20%22*NCD986171965*%22%7D,7/2/2026 12:00:00 AM,-79.43231,34.8866400000001
48606,NCD986172518,OLD MOUNT HOLLY ROAD PCE SITE,OLD MT HOLLY RD & FREEDOM DR,CHARLOTTE,MECKLENBURG,35.27804,-80.93753,ON SCREEN PLACEMENT ON GEOREFERENCED MAP,ACMEMAPPER,FALSE,FALSE,https://edocs.deq.nc.gov/WasteManagement/Search.aspx?dbid=0&searchcommand=%7B%5BWM%5D:%5BProgram_ID%5D%20%3D%20%22*NCD986172500*%22%7D,7/2/2026 12:00:00 AM,-80.93753,35.27804
48607,NCD986172617,FORBES ROAD WELLS/RAUCH IND,2408 FORBES ROAD,GASTONIA,GASTON,35.1876,-81.20478,ON SCREEN PLACEMENT ON GEOREFERENCED MAP,ACMEMAPPER,FALSE,FALSE,https://edocs.deq.nc.gov/WasteManagement/Search.aspx?dbid=0&searchcommand=%7B%5BWM%5D:%5BProgram_ID%5D%20%3D%20%22*NCD986172518*%22%7D,7/2/2026 12:00:00 AM,-81.20478,35.1876
48608,NCD986173938,DURHAM GAS PLANT,812 MALLARD AVENUE,DURHAM,DURHAM,35.99641,-78.88842,ON SCREEN PLACEMENT ON GEOREFERENCED MAP,ACMEMAPPER,FALSE,TRUE,https://edocs.deq.nc.gov/WasteManagement/Search.aspx?dbid=0&searchcommand=%7B%5BWM%5D:%5BProgram_ID%5D%20%3D%20%22*NCD986172617*%22%7D,7/2/2026 12:00:00 AM,-78.8884199999999,35.99641
48609,NCD986175628,LEES MOTOR WORKS,4415 BEATY ROAD,GASTONIA,GASTON,35.187806,-81.137158,ON SCREEN PLACEMENT ON GEOREFERENCED MAP,ACMEMAPPER,FALSE,FALSE,https://edocs.deq.nc.gov/WasteManagement/Search.aspx?dbid=0&searchcommand=%7B%5BWM%5D:%5BProgram_ID%5D%20%3D%20%22*NCD986173938*%22%7D,7/2/2026 12:00:00 AM,-81.1371579999999,35.1878060000001
48610,NCD986175636,ASHE PATTERN SHOP (FORMER),4411 BEATY ROAD,GASTONIA,GASTON,35.18768,-81.13675,ON SCREEN PLACEMENT ON GEOREFERENCED MAP,ACMEMAPPER,FALSE,FALSE,https://edocs.deq.nc.gov/WasteManagement/Search.aspx?dbid=0&searchcommand=%7B%5BWM%5D:%5BProgram_ID%5D%20%3D%20%22*NCD986175628*%22%7D,7/2/2026 12:00:00 AM,-81.1367499999999,35.1876800000001
48611,NCD986176030,RHODERIA DRIVE WELLS,LAKEWOOD & RHODERA DRIVE,STALLINGS,UNION,35.07693,-80.69428,ON SCREEN PLACEMENT ON GEOREFERENCED MAP,ACMEMAPPER,FALSE,FALSE,https://edocs.deq.nc.gov/WasteManagement/Search.aspx?dbid=0&searchcommand=%7B%5BWM%5D:%5BProgram_ID%5D%20%3D%20%22*NCD986175636*%22%7D,7/2/2026 12:00:00 AM,-80.6942799999999,35.0769300000001
48612,NCD986176444,STROH/CHITTY FARM,5066 OVERDALE RD,WINSTON-SALEM,FORSYTH,36.02852,-80.23307,ON SCREEN PLACEMENT ON GEOREFERENCED MAP,ACMEMAPPER,FALSE,FALSE,https://edocs.deq.nc.gov/WasteManagement/Search.aspx?dbid=0&searchcommand=%7B%5BWM%5D:%5BProgram_ID%5D%20%3D%20%22*NCD986176030*%22%7D,7/2/2026 12:00:00 AM,-80.2330699999999,36.0285200000001
48613,NCD986176480,SOUTHEASTERN ELECTRO POLISHING,936 N MARRIETTA ST,GASTONIA,GASTON,35.27815,-81.18304,ON SCREEN PLACEMENT ON GEOREFERENCED MAP,ACMEMAPPER,FALSE,FALSE,https://edocs.deq.nc.gov/WasteManagement/Search.aspx?dbid=0&searchcommand=%7B%5BWM%5D:%5BProgram_ID%5D%20%3D%20%22*NCD986176444*%22%7D,7/2/2026 12:00:00 AM,-81.1830399999999,35.27815
48614,NCD986178226,"TEXFI INDUSTRIES, INC",601 HOFFER DRIVE,FAYETTEVILLE,CUMBERLAND,35.08415833,-78.86738333,ON SCREEN PLACEMENT ON GEOREFERENCED MAP,ACMEMAPPER,FALSE,FALSE,https://edocs.deq.nc.gov/WasteManagement/Search.aspx?dbid=0&searchcommand=%7B%5BWM%5D:%5BProgram_ID%5D%20%3D%20%22*NCD986176480*%22%7D,7/2/2026 12:00:00 AM,-78.8673833299999,35.08415833
48615,NCD986180883,CCFC PESTICIDE DISPOSAL,607 HILLSBOROUGH STREET,OXFORD,GRANVILLE,36.306508,-78.598937,ON SCREEN PLACEMENT ON GEOREFERENCED MAP,GOOGLE MAPS,FALSE,FALSE,https://edocs.deq.nc.gov/WasteManagement/Search.aspx?dbid=0&searchcommand=%7B%5BWM%5D:%5BProgram_ID%5D%20%3D%20%22*NCD986178226*%22%7D,7/2/2026 12:00:00 AM,-78.598937,36.3065080000001
48616,NCD986180909,SHELBY DYEING & FINISHING,1038 SAM LATTIMORE ROAD,SHELBY,CLEVELAND,35.25662,-81.5921,ON SCREEN PLACEMENT ON GEOREFERENCED MAP,ACMEMAPPER,FALSE,FALSE,https://edocs.deq.nc.gov/WasteManagement/Search.aspx?dbid=0&searchcommand=%7B%5BWM%5D:%5BProgram_ID%5D%20%3D%20%22*NCD986180883*%22%7D,7/2/2026 12:00:00 AM,-81.5921,35.2566200000001
48617,NCD986180917,SPANN PROPERTY,US HIGHWAY 25,HENDERSONVILLE,HENDERSON,35.3852,-82.50363,ON SCREEN PLACEMENT ON GEOREFERENCED MAP,ACMEMAPPER,FALSE,FALSE,https://edocs.deq.nc.gov/WasteManagement/Search.aspx?dbid=0&searchcommand=%7B%5BWM%5D:%5BProgram_ID%5D%20%3D%20%22*NCD986180909*%22%7D,7/2/2026 12:00:00 AM,-82.50363,35.3852000000001
48618,NCD986181857,FRYE CREEK @ US 321 N,S OF US 321 N & 7TH AVE NW,HICKORY,CATAWBA,35.74037,-81.36621,ON SCREEN PLACEMENT ON GEOREFERENCED MAP,ACMEMAPPER,FALSE,FALSE,https://edocs.deq.nc.gov/WasteManagement/Search.aspx?dbid=0&searchcommand=%7B%5BWM%5D:%5BProgram_ID%5D%20%3D%20%22*NCD986180917*%22%7D,7/2/2026 12:00:00 AM,-81.36621,35.74037
48619,NCD986182582,RHONE-POULENC (RHODIA),207 TELEGRAPH ROAD,GASTONIA,GASTON,35.200737,-81.206184,ON SCREEN PLACEMENT ON GEOREFERENCED MAP,ACMEMAPPER,FALSE,TRUE,https://edocs.deq.nc.gov/WasteManagement/Search.aspx?dbid=0&searchcommand=%7B%5BWM%5D:%5BProgram_ID%5D%20%3D%20%22*NCD986181857*%22%7D,7/2/2026 12:00:00 AM,-81.206184,35.2007370000001
48620,NCD986186518,OLD ATC REFINERY,801 SURRY STREET,WILMINGTON,NEW HANOVER,34.22416667,-77.94972222,ON SCREEN PLACEMENT ON GEOREFERENCED MAP,ACMEMAPPER,FALSE,FALSE,https://edocs.deq.nc.gov/WasteManagement/Search.aspx?dbid=0&searchcommand=%7B%5BWM%5D:%5BProgram_ID%5D%20%3D%20%22*NCD986182582*%22%7D,7/2/2026 12:00:00 AM,-77.94972222,34.22416667
48621,NCD986188001,CHAMPION INTERNATIONAL LANDFILL NO 1,SR 1571 & 1573,CANTON,HAYWOOD,35.54217,-82.86471,ON SCREEN PLACEMENT ON GEOREFERENCED MAP,ACMEMAPPER,FALSE,FALSE,https://edocs.deq.nc.gov/WasteManagement/Search.aspx?dbid=0&searchcommand=%7B%5BWM%5D:%5BProgram_ID%5D%20%3D%20%22*NCD986186518*%22%7D,7/2/2026 12:00:00 AM,-82.8647099999999,35.5421700000001
48622,NCD986188019,CHAMPION LANDFILL NO 2,SR 1539,CANTON,HAYWOOD,35.53844,-82.88936,ON SCREEN PLACEMENT ON GEOREFERENCED MAP,ACMEMAPPER,FALSE,FALSE,https://edocs.deq.nc.gov/WasteManagement/Search.aspx?dbid=0&searchcommand=%7B%5BWM%5D:%5BProgram_ID%5D%20%3D%20%22*NCD986188001*%22%7D,7/2/2026 12:00:00 AM,-82.88936,35.53844
48623,NCD986188027,CHAMPION LANDFILL NO 3,SR 1550 I40,CANTON,HAYWOOD,35.54571,-82.85949,ON SCREEN PLACEMENT ON GEOREFERENCED MAP,ACMEMAPPER,FALSE,FALSE,https://edocs.deq.nc.gov/WasteManagement/Search.aspx?dbid=0&searchcommand=%7B%5BWM%5D:%5BProgram_ID%5D%20%3D%20%22*NCD986188019*%22%7D,7/2/2026 12:00:00 AM,-82.8594899999999,35.54571
48624,NCD986188787,ASHEVILLE COAL GAS PLANT #1,31 RIVERSIDE DRIVE,ASHEVILLE,BUNCOMBE,35.58573,-82.5672,ON SCREEN PLACEMENT ON GEOREFERENCED MAP,ACMEMAPPER,FALSE,TRUE,https://edocs.deq.nc.gov/WasteManagement/Search.aspx?dbid=0&searchcommand=%7B%5BWM%5D:%5BProgram_ID%5D%20%3D%20%22*NCD986188027*%22%7D,7/2/2026 12:00:00 AM,-82.5672,35.5857300000001
48625,NCD986188803,CHARLOTTE COAL GAS PLANT NO. 2,1400 SOUTH BOULEVARD,CHARLOTTE,MECKLENBURG,35.21573,-80.85399,ON SCREEN PLACEMENT ON GEOREFERENCED MAP,ACMEMAPPER,FALSE,TRUE,https://edocs.deq.nc.gov/WasteManagement/Search.aspx?dbid=0&searchcommand=%7B%5BWM%5D:%5BProgram_ID%5D%20%3D%20%22*NCD986188787*%22%7D,7/2/2026 12:00:00 AM,-80.85399,35.2157300000001
48626,NCD986188811,CHARLOTTE COAL GAS PLANT NO. 1,200 SOUTH COLLEGE STREET,CHARLOTTE,MECKLENBURG,35.22527,-80.84384,ON SCREEN PLACEMENT ON GEOREFERENCED MAP,ACMEMAPPER,FALSE,FALSE,https://edocs.deq.nc.gov/WasteManagement/Search.aspx?dbid=0&searchcommand=%7B%5BWM%5D:%5BProgram_ID%5D%20%3D%20%22*NCD986188803*%22%7D,7/2/2026 12:00:00 AM,-80.8438399999999,35.2252700000001
48627,NCD986188829,GASTONIA COAL GAS PLANT,859-A MARIETTA RD,GASTONIA,GASTON,35.27593,-81.184,ON SCREEN PLACEMENT ON GEOREFERENCED MAP,ACMEMAPPER,FALSE,TRUE,https://edocs.deq.nc.gov/WasteManagement/Search.aspx?dbid=0&searchcommand=%7B%5BWM%5D:%5BProgram_ID%5D%20%3D%20%22*NCD986188811*%22%7D,7/2/2026 12:00:00 AM,-81.184,35.2759300000001
48628,NCD986188837,HIGH POINT COAL GAS PLANT,CENTENNIAL ST AND KIVETT DRIVE,HIGH POINT,GUILFORD,35.96005,-80.00076,ON SCREEN PLACEMENT ON GEOREFERENCED MAP,ACMEMAPPER,FALSE,TRUE,https://edocs.deq.nc.gov/WasteManagement/Search.aspx?dbid=0&searchcommand=%7B%5BWM%5D:%5BProgram_ID%5D%20%3D%20%22*NCD986188829*%22%7D,7/2/2026 12:00:00 AM,-80.00076,35.96005
48629,NCD986188845,WINSTON-SALEM COAL GAS PLANT NO. 1,BETWEEN EAST 3RD & 4TH,WINSTON-SALEM,FORSYTH,36.09874,-80.23901,ON SCREEN PLACEMENT ON GEOREFERENCED MAP,ACMEMAPPER,FALSE,TRUE,https://edocs.deq.nc.gov/WasteManagement/Search.aspx?dbid=0&searchcommand=%7B%5BWM%5D:%5BProgram_ID%5D%20%3D%20%22*NCD986188837*%22%7D,7/2/2026 12:00:00 AM,-80.23901,36.0987400000001
48630,NCD986188852,WINSTON-SALEM COAL GAS PLANT NO. 2,HIGH STREET & BRANCH AVE,WINSTON-SALEM,FORSYTH,36.09125,-80.24451,ON SCREEN PLACEMENT ON GEOREFERENCED MAP,ACMEMAPPER,FALSE,TRUE,https://edocs.deq.nc.gov/WasteManagement/Search.aspx?dbid=0&searchcommand=%7B%5BWM%5D:%5BProgram_ID%5D%20%3D%20%22*NCD986188845*%22%7D,7/2/2026 12:00:00 AM,-80.2445099999999,36.0912500000001
48631,NCD986188886,GREENVILLE COAL GAS PLANT,PLANT STREET,GREENVILLE,PITT,35.6161,-77.37752,ON SCREEN PLACEMENT ON GEOREFERENCED MAP,ACMEMAPPER,FALSE,TRUE,https://edocs.deq.nc.gov/WasteManagement/Search.aspx?dbid=0&searchcommand=%7B%5BWM%5D:%5BProgram_ID%5D%20%3D%20%22*NCD986188852*%22%7D,7/2/2026 12:00:00 AM,-77.3775199999999,35.6161000000001
48632,NCD986188894,RALEIGH COAL GAS PLANT NO. 1,S MCDOWELL & W CABARRUS STS,RALEIGH,WAKE,35.77392,-78.64292,ON SCREEN PLACEMENT ON GEOREFERENCED MAP,ACMEMAPPER,FALSE,TRUE,https://edocs.deq.nc.gov/WasteManagement/Search.aspx?dbid=0&searchcommand=%7B%5BWM%5D:%5BProgram_ID%5D%20%3D%20%22*NCD986188886*%22%7D,7/2/2026 12:00:00 AM,-78.6429199999999,35.77392
48633,NCD986188902,RALEIGH COAL GAS PLANT NO. 2,600 WEST CABARRUS STREET,RALEIGH,WAKE,35.77533,-78.64762,ON SCREEN PLACEMENT ON GEOREFERENCED MAP,ACMEMAPPER,FALSE,TRUE,https://edocs.deq.nc.gov/WasteManagement/Search.aspx?dbid=0&searchcommand=%7B%5BWM%5D:%5BProgram_ID%5D%20%3D%20%22*NCD986188894*%22%7D,7/2/2026 12:00:00 AM,-78.64762,35.7753300000001
48634,NCD986188910,WILMINGTON COAL GAS PLANT,CASTLE & SURRY STS,WILMINGTON,NEW HANOVER,34.227185,-77.949667,ON SCREEN PLACEMENT ON GEOREFERENCED MAP,ESRI AGOL BASE MAP,FALSE,TRUE,https://edocs.deq.nc.gov/WasteManagement/Search.aspx?dbid=0&searchcommand=%7B%5BWM%5D:%5BProgram_ID%5D%20%3D%20%22*NCD986188902*%22%7D,7/2/2026 12:00:00 AM,-77.949667,34.2271850000001
48635,NCD986190213,INNOSPEC PERFORMANCE CHEMICALS,510 W GRIMES AVE,HIGH POINT,GUILFORD,35.95056,-80.00952,ON SCREEN PLACEMENT ON GEOREFERENCED MAP,ACMEMAPPER,FALSE,FALSE,https://edocs.deq.nc.gov/WasteManagement/Search.aspx?dbid=0&searchcommand=%7B%5BWM%5D:%5BProgram_ID%5D%20%3D%20%22*NCD986188910*%22%7D,7/2/2026 12:00:00 AM,-80.00952,35.9505600000001
48636,NCD986190239,CHEROKEE OIL,925 SOUTH SUMMIT AVE,CHARLOTTE,MECKLENBURG,35.22733,-80.86381,ON SCREEN PLACEMENT ON GEOREFERENCED MAP,ACMEMAPPER,FALSE,FALSE,https://edocs.deq.nc.gov/WasteManagement/Search.aspx?dbid=0&searchcommand=%7B%5BWM%5D:%5BProgram_ID%5D%20%3D%20%22*NCD986190213*%22%7D,7/2/2026 12:00:00 AM,-80.8638099999999,35.2273300000001
48637,NCD986191484,"STOUT INTERNATIONAL OF NC, INC",HIGHWAY 74 EAST,MONROE,UNION,34.97892,-80.48863,ON SCREEN PLACEMENT ON GEOREFERENCED MAP,ACMEMAPPER,FALSE,FALSE,https://edocs.deq.nc.gov/WasteManagement/Search.aspx?dbid=0&searchcommand=%7B%5BWM%5D:%5BProgram_ID%5D%20%3D%20%22*NCD986190239*%22%7D,7/2/2026 12:00:00 AM,-80.4886299999999,34.9789200000001
48638,NCD986194405,INX COATINGS & ADHESIVES,1901 POPLAR ST NE,LELAND,BRUNSWICK,34.25236,-78.07073,ON SCREEN PLACEMENT ON GEOREFERENCED MAP,ACMEMAPPER,FALSE,FALSE,https://edocs.deq.nc.gov/WasteManagement/Search.aspx?dbid=0&searchcommand=%7B%5BWM%5D:%5BProgram_ID%5D%20%3D%20%22*NCD986191484*%22%7D,7/2/2026 12:00:00 AM,-78.07073,34.2523600000001
48639,NCD986195154,PENDER PLATING COMPANY,110 W HAYES ST.,BURGAW,PENDER,34.54682,-77.92643,ON SCREEN PLACEMENT ON GEOREFERENCED MAP,ACMEMAPPER,FALSE,FALSE,https://edocs.deq.nc.gov/WasteManagement/Search.aspx?dbid=0&searchcommand=%7B%5BWM%5D:%5BProgram_ID%5D%20%3D%20%22*NCD986194405*%22%7D,7/2/2026 12:00:00 AM,-77.92643,34.54682
48640,NCD986197259,NEW BERN COAL GAS PLANT,506 TRYON PALACE DRIVE,NEW BERN,CRAVEN,35.105447,-77.042615,ON SCREEN PLACEMENT ON GEOREFERENCED MAP,ACMEMAPPER,FALSE,TRUE,https://edocs.deq.nc.gov/WasteManagement/Search.aspx?dbid=0&searchcommand=%7B%5BWM%5D:%5BProgram_ID%5D%20%3D%20%22*NCD986195154*%22%7D,7/2/2026 12:00:00 AM,-77.042615,35.105447
48641,NCD986197267,ELIZABETH CITY COAL GAS,WARD AND FOURTH STREETS,ELIZABETH CITY,PASQUOTANK,36.30933,-76.2176,ON SCREEN PLACEMENT ON GEOREFERENCED MAP,ACMEMAPPER,FALSE,TRUE,https://edocs.deq.nc.gov/WasteManagement/Search.aspx?dbid=0&searchcommand=%7B%5BWM%5D:%5BProgram_ID%5D%20%3D%20%22*NCD986197259*%22%7D,7/2/2026 12:00:00 AM,-76.2175999999999,36.30933
48642,NCD986197275,WASHINGTON COAL GAS PLANT,WEST 3RD STREET,WASHINGTON,BEAUFORT,35.54629,-77.05881,ON SCREEN PLACEMENT ON GEOREFERENCED MAP,ACMEMAPPER,FALSE,TRUE,https://edocs.deq.nc.gov/WasteManagement/Search.aspx?dbid=0&searchcommand=%7B%5BWM%5D:%5BProgram_ID%5D%20%3D%20%22*NCD986197267*%22%7D,7/2/2026 12:00:00 AM,-77.0588099999999,35.5462900000001
48643,NCD986197283,SALISBURY COAL GAS PLANT #1,324 EAST LIBERTY STREET,SALISBURY,ROWAN,35.66721,-80.46474,ON SCREEN PLACEMENT ON GEOREFERENCED MAP,ACMEMAPPER,FALSE,TRUE,https://edocs.deq.nc.gov/WasteManagement/Search.aspx?dbid=0&searchcommand=%7B%5BWM%5D:%5BProgram_ID%5D%20%3D%20%22*NCD986197275*%22%7D,7/2/2026 12:00:00 AM,-80.4647399999999,35.6672100000001
48644,NCD986197291,STATESVILLE COAL GAS PLANT,615 SOUTH CENTER STREET,STATESVILLE,IREDELL,35.778154,-80.884283,ON SCREEN PLACEMENT ON GEOREFERENCED MAP,ESRI AGOL BASE MAP,FALSE,TRUE,https://edocs.deq.nc.gov/WasteManagement/Search.aspx?dbid=0&searchcommand=%7B%5BWM%5D:%5BProgram_ID%5D%20%3D%20%22*NCD986197283*%22%7D,7/2/2026 12:00:00 AM,-80.884283,35.778154
48645,NCD986197309,GOLDSBORO COAL GAS PLANT #1,VIRGINIA AND VINE STREETS,GOLDSBORO,WAYNE,35.39101,-77.99986,ON SCREEN PLACEMENT ON GEOREFERENCED MAP,ACMEMAPPER,FALSE,TRUE,https://edocs.deq.nc.gov/WasteManagement/Search.aspx?dbid=0&searchcommand=%7B%5BWM%5D:%5BProgram_ID%5D%20%3D%20%22*NCD986197291*%22%7D,7/2/2026 12:00:00 AM,-77.99986,35.3910100000001
48646,NCD986197317,ROCKY MOUNT COAL GAS PLANT NO. 2,100 EAST VIRGINIA STREET,ROCKY MOUNT,NASH,35.95128,-77.79082,ON SCREEN PLACEMENT ON GEOREFERENCED MAP,ACMEMAPPER,FALSE,TRUE,https://edocs.deq.nc.gov/WasteManagement/Search.aspx?dbid=0&searchcommand=%7B%5BWM%5D:%5BProgram_ID%5D%20%3D%20%22*NCD986197309*%22%7D,7/2/2026 12:00:00 AM,-77.7908199999999,35.9512800000001
48647,NCD986197325,ROCKY MOUNT COAL GAS PLANT NO. 1,WYE STREET,ROCKY MOUNT,NASH,35.93154,-77.79926,ON SCREEN PLACEMENT ON GEOREFERENCED MAP,ACMEMAPPER,FALSE,TRUE,https://edocs.deq.nc.gov/WasteManagement/Search.aspx?dbid=0&searchcommand=%7B%5BWM%5D:%5BProgram_ID%5D%20%3D%20%22*NCD986197317*%22%7D,7/2/2026 12:00:00 AM,-77.7992599999999,35.93154
48648,NCD986197333,CONCORD COAL GAS PLANT,183 ACADEMY AVENUE NW,CONCORD,CABARRUS,35.41153,-80.59213,ON SCREEN PLACEMENT ON GEOREFERENCED MAP,ACMEMAPPER,FALSE,TRUE,https://edocs.deq.nc.gov/WasteManagement/Search.aspx?dbid=0&searchcommand=%7B%5BWM%5D:%5BProgram_ID%5D%20%3D%20%22*NCD986197325*%22%7D,7/2/2026 12:00:00 AM,-80.5921299999999,35.41153
48649,NCD986197341,FAYETTEVILLE COAL GAS/RAY AVE,RAY AVENUE,FAYETTEVILLE,CUMBERLAND,35.05688,-78.88169,ON SCREEN PLACEMENT ON GEOREFERENCED MAP,ACMEMAPPER,FALSE,TRUE,https://edocs.deq.nc.gov/WasteManagement/Search.aspx?dbid=0&searchcommand=%7B%5BWM%5D:%5BProgram_ID%5D%20%3D%20%22*NCD986197333*%22%7D,7/2/2026 12:00:00 AM,-78.8816899999999,35.05688
48650,NCD986197358,LEXINGTON COAL GAS PLANT,SR 2001-GAS PLANT ROAD,LEXINGTON,DAVIDSON,35.83114,-80.22354,ON SCREEN PLACEMENT ON GEOREFERENCED MAP,ACMEMAPPER,FALSE,TRUE,https://edocs.deq.nc.gov/WasteManagement/Search.aspx?dbid=0&searchcommand=%7B%5BWM%5D:%5BProgram_ID%5D%20%3D%20%22*NCD986197341*%22%7D,7/2/2026 12:00:00 AM,-80.22354,35.8311400000001
48651,NCD986197366,KINSTON COAL GAS PLANT,SOUTH & HERITAGE STREETS,KINSTON,LENOIR,35.2548,-77.5844,ON SCREEN PLACEMENT ON GEOREFERENCED MAP,ACMEMAPPER,FALSE,TRUE,https://edocs.deq.nc.gov/WasteManagement/Search.aspx?dbid=0&searchcommand=%7B%5BWM%5D:%5BProgram_ID%5D%20%3D%20%22*NCD986197358*%22%7D,7/2/2026 12:00:00 AM,-77.5844,35.2548
48652,NCD986205839,ORANGE COUNTY SCHOOL BUS GARAGE,231 HOLMAN DR,HILLSBOROUGH,ORANGE,36.0891,-79.0987,GPS (1-3 METER),,FALSE,FALSE,https://edocs.deq.nc.gov/WasteManagement/Search.aspx?dbid=0&searchcommand=%7B%5BWM%5D:%5BProgram_ID%5D%20%3D%20%22*NCD986197366*%22%7D,7/2/2026 12:00:00 AM,-79.0987,36.0891
48653,NCD986205953,SOUTHWOOD CORPORATION,4700 WESTINGHOUSE BLVD,CHARLOTTE,MECKLENBURG,35.14043,-80.98145,ON SCREEN PLACEMENT ON GEOREFERENCED MAP,ACMEMAPPER,FALSE,FALSE,https://edocs.deq.nc.gov/WasteManagement/Search.aspx?dbid=0&searchcommand=%7B%5BWM%5D:%5BProgram_ID%5D%20%3D%20%22*NCD986205839*%22%7D,7/2/2026 12:00:00 AM,-80.9814499999999,35.14043
48654,NCD986209575,CARDINAL CHEMICAL WAREHOUSE FIRE,NC 211 & NC 72,LUMBERTON,ROBESON,34.610434,-78.978774,ON SCREEN PLACEMENT ON GEOREFERENCED MAP,ACMEMAPPER,FALSE,FALSE,https://edocs.deq.nc.gov/WasteManagement/Search.aspx?dbid=0&searchcommand=%7B%5BWM%5D:%5BProgram_ID%5D%20%3D%20%22*NCD986205953*%22%7D,7/2/2026 12:00:00 AM,-78.978774,34.6104340000001
48655,NCD986211274,STONEY FORK CREEK DRUM DUMP SITE,MT. ZION ROAD,DEEP GAP,WILKES,36.16989,-81.46654,ON SCREEN PLACEMENT ON GEOREFERENCED MAP,UNKNOWN,FALSE,FALSE,https://edocs.deq.nc.gov/WasteManagement/Search.aspx?dbid=0&searchcommand=%7B%5BWM%5D:%5BProgram_ID%5D%20%3D%20%22*NCD986209575*%22%7D,7/2/2026 12:00:00 AM,-81.46654,36.1698900000001
48656,NCD986215242,P AND W WASTE OIL,10518 ROYSTER RD,LELAND,BRUNSWICK,34.271085,-78.004135,ON SCREEN PLACEMENT ON GEOREFERENCED MAP,ESRI AGOL BASE MAP,FALSE,FALSE,https://edocs.deq.nc.gov/WasteManagement/Search.aspx?dbid=0&searchcommand=%7B%5BWM%5D:%5BProgram_ID%5D%20%3D%20%22*NCD986211274*%22%7D,7/2/2026 12:00:00 AM,-78.004135,34.271085
48657,NCD986215465,JMC USA INC,ONE INNOVATION DR,RTP,DURHAM,35.876077,-78.885044,ON SCREEN PLACEMENT ON GEOREFERENCED MAP,ACMEMAPPER,TRUE,FALSE,https://edocs.deq.nc.gov/WasteManagement/Search.aspx?dbid=0&searchcommand=%7B%5BWM%5D:%5BProgram_ID%5D%20%3D%20%22*NCD986215242*%22%7D,7/2/2026 12:00:00 AM,-78.8850439999999,35.8760770000001
48658,NCD986223170,MCBESS INDUSTRIES,OLD HWY 321,HIGH SHOALS,GASTON,35.39787,-81.20128,ON SCREEN PLACEMENT ON GEOREFERENCED MAP,ACMEMAPPER,FALSE,FALSE,https://edocs.deq.nc.gov/WasteManagement/Search.aspx?dbid=0&searchcommand=%7B%5BWM%5D:%5BProgram_ID%5D%20%3D%20%22*NCD986215465*%22%7D,7/2/2026 12:00:00 AM,-81.2012799999999,35.3978700000001
48659,NCD986228054,KANNAPOLIS PCE SPILL,ENOCHVILLE ROAD,KANNAPOLIS,ROWAN,35.52750963,-80.65044,ON SCREEN PLACEMENT ON GEOREFERENCED MAP,ACMEMAPPER,FALSE,FALSE,https://edocs.deq.nc.gov/WasteManagement/Search.aspx?dbid=0&searchcommand=%7B%5BWM%5D:%5BProgram_ID%5D%20%3D%20%22*NCD986223170*%22%7D,7/2/2026 12:00:00 AM,-80.6504399999999,35.5275096300001
48660,NCD986230688,"COMMERCIAL VEHICLE GROUP, INC",2227 OLD SALISBURY HWY (US 70),STATESVILLE,IREDELL,35.75845,-80.82145,ON SCREEN PLACEMENT ON GEOREFERENCED MAP,ACMEMAPPER,FALSE,TRUE,https://edocs.deq.nc.gov/WasteManagement/Search.aspx?dbid=0&searchcommand=%7B%5BWM%5D:%5BProgram_ID%5D%20%3D%20%22*NCD986228054*%22%7D,7/2/2026 12:00:00 AM,-80.82145,35.75845
48661,NCD986231967,TOM SADLER ROAD WELLS,TOM SADLER RD,CHARLOTTE,MECKLENBURG,35.28963,-80.96035,ON SCREEN PLACEMENT ON GEOREFERENCED MAP,ACMEMAPPER,FALSE,FALSE,https://edocs.deq.nc.gov/WasteManagement/Search.aspx?dbid=0&searchcommand=%7B%5BWM%5D:%5BProgram_ID%5D%20%3D%20%22*NCD986230688*%22%7D,7/2/2026 12:00:00 AM,-80.9603499999999,35.28963
48662,NCD986232213,SUMMIT RESOURCE MANAGEMENT,3501 GRIBBLE ROAD,STALLINGS,UNION,35.08495,-80.67816,ON SCREEN PLACEMENT ON GEOREFERENCED MAP,ACMEMAPPER,FALSE,FALSE,https://edocs.deq.nc.gov/WasteManagement/Search.aspx?dbid=0&searchcommand=%7B%5BWM%5D:%5BProgram_ID%5D%20%3D%20%22*NCD986231967*%22%7D,7/2/2026 12:00:00 AM,-80.6781599999999,35.08495
48663,NCD986232379,GRESHAMS LAKE INDUSTRIAL PARK,3220 NORTHSIDE DRIVE,RALEIGH,WAKE,35.88289,-78.58121,ON SCREEN PLACEMENT ON GEOREFERENCED MAP,ACMEMAPPER,FALSE,FALSE,https://edocs.deq.nc.gov/WasteManagement/Search.aspx?dbid=0&searchcommand=%7B%5BWM%5D:%5BProgram_ID%5D%20%3D%20%22*NCD986232213*%22%7D,7/2/2026 12:00:00 AM,-78.5812099999999,35.88289
48664,NCD986232676,ROCK-TENN MARION FOLDING,33 BURGIN ST,MARION,MCDOWELL,35.681924,-82.011626,GEOCODE (ADDRESS MATCH),ACMEMAPPER,FALSE,FALSE,https://edocs.deq.nc.gov/WasteManagement/Search.aspx?dbid=0&searchcommand=%7B%5BWM%5D:%5BProgram_ID%5D%20%3D%20%22*NCD986232379*%22%7D,7/2/2026 12:00:00 AM,-82.011626,35.681924
48665,NCD990715658,"SOUTHERN MANUFACTURING, INC.",1000 SEABOARD ST,CHARLOTTE,MECKLENBURG,35.23937,-80.84569,ON SCREEN PLACEMENT ON GEOREFERENCED MAP,ACMEMAPPER,FALSE,FALSE,https://edocs.deq.nc.gov/WasteManagement/Search.aspx?dbid=0&searchcommand=%7B%5BWM%5D:%5BProgram_ID%5D%20%3D%20%22*NCD986232676*%22%7D,7/2/2026 12:00:00 AM,-80.8456899999999,35.2393700000001
48666,NCD990733180,"HOSPIRA, INC.",4285 NORTH WESLEYAN BLVD,ROCKY MOUNT,NASH,36.035219,-77.761911,ON SCREEN PLACEMENT ON GEOREFERENCED MAP,GOOGLE MAPS,FALSE,FALSE,https://edocs.deq.nc.gov/WasteManagement/Search.aspx?dbid=0&searchcommand=%7B%5BWM%5D:%5BProgram_ID%5D%20%3D%20%22*NCD990715658*%22%7D,7/2/2026 12:00:00 AM,-77.7619109999999,36.035219
48667,NCD990734055,HERCOFINA/CAPE INDUSTRIES,4600 HWY 421 N,WILMINGTON,NEW HANOVER,34.31383,-77.98064,ON SCREEN PLACEMENT ON GEOREFERENCED MAP,ACMEMAPPER,FALSE,FALSE,https://edocs.deq.nc.gov/WasteManagement/Search.aspx?dbid=0&searchcommand=%7B%5BWM%5D:%5BProgram_ID%5D%20%3D%20%22*NCD990733180*%22%7D,7/2/2026 12:00:00 AM,-77.9806399999999,34.3138300000001
48668,NCD990867855,"FAWN PLASTICS CO., INC.",401 JEFFREYS ROAD,ROCKY MOUNT,NASH,35.98614,-77.78666,ON SCREEN PLACEMENT ON GEOREFERENCED MAP,ACMEMAPPER,FALSE,FALSE,https://edocs.deq.nc.gov/WasteManagement/Search.aspx?dbid=0&searchcommand=%7B%5BWM%5D:%5BProgram_ID%5D%20%3D%20%22*NCD990734055*%22%7D,7/2/2026 12:00:00 AM,-77.78666,35.98614
48669,NCD990868168,INMONT CORP/BASF CORPORATION,1701 W WESTINGHOUSE BLVD,CHARLOTTE,MECKLENBURG,35.12516,-80.93696,ON SCREEN PLACEMENT ON GEOREFERENCED MAP,ACMEMAPPER,FALSE,FALSE,https://edocs.deq.nc.gov/WasteManagement/Search.aspx?dbid=0&searchcommand=%7B%5BWM%5D:%5BProgram_ID%5D%20%3D%20%22*NCD990867855*%22%7D,7/2/2026 12:00:00 AM,-80.9369599999999,35.1251600000001
48670,NCD990883001,MONARCH FURNITURE CORPORATION,301 SCIENTIFIC ST,JAMESTOWN,GUILFORD,35.988745,-79.950545,ON SCREEN PLACEMENT ON GEOREFERENCED MAP,ACMEMAPPER,FALSE,FALSE,https://edocs.deq.nc.gov/WasteManagement/Search.aspx?dbid=0&searchcommand=%7B%5BWM%5D:%5BProgram_ID%5D%20%3D%20%22*NCD990868168*%22%7D,7/2/2026 12:00:00 AM,-79.950545,35.9887450000001
48671,NCD991277724,"MITCHELL SYSTEMS, INC.",ALTAPASS RD,SPRUCE PINE,MITCHELL,35.901447,-82.005622,ON SCREEN PLACEMENT ON GEOREFERENCED MAP,ESRI AGOL BASE MAP,FALSE,FALSE,https://edocs.deq.nc.gov/WasteManagement/Search.aspx?dbid=0&searchcommand=%7B%5BWM%5D:%5BProgram_ID%5D%20%3D%20%22*NCD990883001*%22%7D,7/2/2026 12:00:00 AM,-82.005622,35.9014470000001
48672,NCD991277922,GASTON COUNTY DYEING MACHINE CO STANLEY,200 S MAIN ST,STANLEY,GASTON,35.35878,-81.09605,ON SCREEN PLACEMENT ON GEOREFERENCED MAP,ACMEMAPPER,FALSE,FALSE,https://edocs.deq.nc.gov/WasteManagement/Search.aspx?dbid=0&searchcommand=%7B%5BWM%5D:%5BProgram_ID%5D%20%3D%20%22*NCD991277724*%22%7D,7/2/2026 12:00:00 AM,-81.0960499999999,35.35878
48673,NCD991278300,UNITED DRUM T/A RELIANCE UNIV.,214 BERKLEY ST,HIGH POINT,GUILFORD,35.92312,-80.03894,ON SCREEN PLACEMENT ON GEOREFERENCED MAP,ACMEMAPPER,FALSE,FALSE,https://edocs.deq.nc.gov/WasteManagement/Search.aspx?dbid=0&searchcommand=%7B%5BWM%5D:%5BProgram_ID%5D%20%3D%20%22*NCD991277922*%22%7D,7/2/2026 12:00:00 AM,-80.03894,35.92312
48674,NCD991278581,BURLINGTON FURNITURE/LUMBER PL,US 64 EAST,LEXINGTON,DAVIDSON,35.77848,-80.12303,ON SCREEN PLACEMENT ON GEOREFERENCED MAP,ACMEMAPPER,FALSE,FALSE,https://edocs.deq.nc.gov/WasteManagement/Search.aspx?dbid=0&searchcommand=%7B%5BWM%5D:%5BProgram_ID%5D%20%3D%20%22*NCD991278300*%22%7D,7/2/2026 12:00:00 AM,-80.12303,35.7784800000001
48675,NCD991278680,CHEMCRAFT/SADOLIN PAINT PRODUCTS,3950 NEW WALKERTOWN RD,WINSTON-SALEM,FORSYTH,36.14497,-80.18803,ON SCREEN PLACEMENT ON GEOREFERENCED MAP,ACMEMAPPER,FALSE,FALSE,https://edocs.deq.nc.gov/WasteManagement/Search.aspx?dbid=0&searchcommand=%7B%5BWM%5D:%5BProgram_ID%5D%20%3D%20%22*NCD991278581*%22%7D,7/2/2026 12:00:00 AM,-80.18803,36.1449700000001
48676,NCD991278714,"CAROCHEM, INC.",540 GULF ST,DURHAM,DURHAM,35.97987,-78.8764,ON SCREEN PLACEMENT ON GEOREFERENCED MAP,ACMEMAPPER,FALSE,FALSE,https://edocs.deq.nc.gov/WasteManagement/Search.aspx?dbid=0&searchcommand=%7B%5BWM%5D:%5BProgram_ID%5D%20%3D%20%22*NCD991278680*%22%7D,7/2/2026 12:00:00 AM,-78.8764,35.9798700000001
48677,NCD991278730,SQUIBB E R & SONS,FLOWERS RD,KENLY,JOHNSTON,35.58492,-78.14422,ON SCREEN PLACEMENT ON GEOREFERENCED MAP,ACMEMAPPER,FALSE,FALSE,https://edocs.deq.nc.gov/WasteManagement/Search.aspx?dbid=0&searchcommand=%7B%5BWM%5D:%5BProgram_ID%5D%20%3D%20%22*NCD991278714*%22%7D,7/2/2026 12:00:00 AM,-78.14422,35.5849200000001
48678,NCD991278755,"MARTINS BATTERY SALVAGE, INC.",5500 ASHLAND RD,KANNAPOLIS,CABARRUS,35.49195,-80.53729,ON SCREEN PLACEMENT ON GEOREFERENCED MAP,ACMEMAPPER,FALSE,FALSE,https://edocs.deq.nc.gov/WasteManagement/Search.aspx?dbid=0&searchcommand=%7B%5BWM%5D:%5BProgram_ID%5D%20%3D%20%22*NCD991278730*%22%7D,7/2/2026 12:00:00 AM,-80.53729,35.49195
48679,NCD991278839,NORTH STATE CHEMICALS,6211 HUNT RD,PLEASANT GARDEN,GUILFORD,35.955555,-79.761225,ON SCREEN PLACEMENT ON GEOREFERENCED MAP,ACMEMAPPER,FALSE,FALSE,https://edocs.deq.nc.gov/WasteManagement/Search.aspx?dbid=0&searchcommand=%7B%5BWM%5D:%5BProgram_ID%5D%20%3D%20%22*NCD991278755*%22%7D,7/2/2026 12:00:00 AM,-79.761225,35.9555550000001
48680,NCD991278920,RALEIGH NEUSE RIVER WWTP,BATTLE-BRIDGE RD SR 2552,RALEIGH,WAKE,35.72498,-78.48553,ON SCREEN PLACEMENT ON GEOREFERENCED MAP,ACMEMAPPER,FALSE,FALSE,https://edocs.deq.nc.gov/WasteManagement/Search.aspx?dbid=0&searchcommand=%7B%5BWM%5D:%5BProgram_ID%5D%20%3D%20%22*NCD991278839*%22%7D,7/2/2026 12:00:00 AM,-78.48553,35.7249800000001
48681,NCN000040532,CARL DRIVE TIRE FIRE,2242 CARL DRIVE,ASHEBORO,RANDOLPH,35.766136,-79.817371,ON SCREEN PLACEMENT ON GEOREFERENCED MAP,ESRI AGOL BASE MAP,FALSE,FALSE,https://edocs.deq.nc.gov/WasteManagement/Search.aspx?dbid=0&searchcommand=%7B%5BWM%5D:%5BProgram_ID%5D%20%3D%20%22*NCD991278920*%22%7D,7/2/2026 12:00:00 AM,-79.817371,35.7661360000001
48682,NCN000402583,STACKPOLE COMPOENTS/ARK-LES LABS,3400 YONKERS ROAD,RALEIGH,WAKE,35.79655,-78.58786,ON SCREEN PLACEMENT ON GEOREFERENCED MAP,ACMEMAPPER,FALSE,FALSE,https://edocs.deq.nc.gov/WasteManagement/Search.aspx?dbid=0&searchcommand=%7B%5BWM%5D:%5BProgram_ID%5D%20%3D%20%22*NCN000040532*%22%7D,7/2/2026 12:00:00 AM,-78.58786,35.79655
48683,NCN000403952,MARKET STREET STORAGE,3939 W MARKET ST,GREENSBORO,GUILFORD,36.06812,-79.85206,ON SCREEN PLACEMENT ON GEOREFERENCED MAP,ACMEMAPPER,FALSE,FALSE,https://edocs.deq.nc.gov/WasteManagement/Search.aspx?dbid=0&searchcommand=%7B%5BWM%5D:%5BProgram_ID%5D%20%3D%20%22*NCN000402583*%22%7D,7/2/2026 12:00:00 AM,-79.8520599999999,36.0681200000001
48684,NCN000404408,WOODLIEF ROAD TCE,9008 WOODLIEF RD,WAKE FOREST,WAKE,36.03318,-78.62143,ON SCREEN PLACEMENT ON GEOREFERENCED MAP,ACMEMAPPER,FALSE,FALSE,https://edocs.deq.nc.gov/WasteManagement/Search.aspx?dbid=0&searchcommand=%7B%5BWM%5D:%5BProgram_ID%5D%20%3D%20%22*NCN000403952*%22%7D,7/2/2026 12:00:00 AM,-78.62143,36.0331800000001
48685,NCN000404461,EIGHTH AVENUE EXT SOLVENTS,EIGHTH AVE EXT,CRAMERTON,GASTON,35.25071,-81.08429,ON SCREEN PLACEMENT ON GEOREFERENCED MAP,ACMEMAPPER,FALSE,FALSE,https://edocs.deq.nc.gov/WasteManagement/Search.aspx?dbid=0&searchcommand=%7B%5BWM%5D:%5BProgram_ID%5D%20%3D%20%22*NCN000404408*%22%7D,7/2/2026 12:00:00 AM,-81.08429,35.25071
48686,NCN000404504,BEST SAND & GRAVEL MAINT. SHOP,117 BEST SAND AND GRAVEL ROAD,GOLDSBORO,WAYNE,35.301666,-77.935833,ON SCREEN PLACEMENT ON GEOREFERENCED MAP,ACMEMAPPER,FALSE,FALSE,https://edocs.deq.nc.gov/WasteManagement/Search.aspx?dbid=0&searchcommand=%7B%5BWM%5D:%5BProgram_ID%5D%20%3D%20%22*NCN000404461*%22%7D,7/2/2026 12:00:00 AM,-77.9358329999999,35.3016660000001
48687,NCN000404801,CINDERELLA KNITTING MILLS,502 MITCHELL ST,KINGS MOUNTAIN,CLEVELAND,35.24714,-81.35344,ON SCREEN PLACEMENT ON GEOREFERENCED MAP,ACMEMAPPER,FALSE,FALSE,https://edocs.deq.nc.gov/WasteManagement/Search.aspx?dbid=0&searchcommand=%7B%5BWM%5D:%5BProgram_ID%5D%20%3D%20%22*NCN000404504*%22%7D,7/2/2026 12:00:00 AM,-81.35344,35.2471400000001
48688,NCN000405052,DAVIDSON ASBESTOS,"DEPOT,EDEN,SLOAN,WATSON&CRANE",DAVIDSON,MECKLENBURG,35.49977,-80.85133,ON SCREEN PLACEMENT ON GEOREFERENCED MAP,ACMEMAPPER,FALSE,FALSE,https://edocs.deq.nc.gov/WasteManagement/Search.aspx?dbid=0&searchcommand=%7B%5BWM%5D:%5BProgram_ID%5D%20%3D%20%22*NCN000404801*%22%7D,7/2/2026 12:00:00 AM,-80.85133,35.4997700000001
48689,NCN000407089,L AND R OIL RECOVERY,601 LINEBERGER ST,SHELBY,CLEVELAND,35.29956,-81.52885,ON SCREEN PLACEMENT ON GEOREFERENCED MAP,ACMEMAPPER,FALSE,FALSE,https://edocs.deq.nc.gov/WasteManagement/Search.aspx?dbid=0&searchcommand=%7B%5BWM%5D:%5BProgram_ID%5D%20%3D%20%22*NCN000405052*%22%7D,7/2/2026 12:00:00 AM,-81.52885,35.29956
48690,NCN000407188,US 1-15/501 ABERDEEN,517 S SANDHILLS BLVD,ABERDEEN,MOORE,35.12723,-79.43286,ON SCREEN PLACEMENT ON GEOREFERENCED MAP,ACMEMAPPER,FALSE,FALSE,https://edocs.deq.nc.gov/WasteManagement/Search.aspx?dbid=0&searchcommand=%7B%5BWM%5D:%5BProgram_ID%5D%20%3D%20%22*NCN000407089*%22%7D,7/2/2026 12:00:00 AM,-79.4328599999999,35.1272300000001
48691,NCN000407197,LEARY BROTHERS STORAGE (FORMER),VIRGINIA & BROAD STREET,EDENTON,CHOWAN,36.0692,-76.60591111,ON SCREEN PLACEMENT ON GEOREFERENCED MAP,ACMEMAPPER,FALSE,FALSE,https://edocs.deq.nc.gov/WasteManagement/Search.aspx?dbid=0&searchcommand=%7B%5BWM%5D:%5BProgram_ID%5D%20%3D%20%22*NCN000407188*%22%7D,7/2/2026 12:00:00 AM,-76.60591111,36.0692000000001
48692,NCN000407205,TRI-COUNTY AIRPORT,NC 561,AULANDER,HERTFORD,36.29759,-77.17252,ON SCREEN PLACEMENT ON GEOREFERENCED MAP,ACMEMAPPER,FALSE,FALSE,https://edocs.deq.nc.gov/WasteManagement/Search.aspx?dbid=0&searchcommand=%7B%5BWM%5D:%5BProgram_ID%5D%20%3D%20%22*NCN000407197*%22%7D,7/2/2026 12:00:00 AM,-77.17252,36.2975900000001
48693,NCN000407206,SHULIMSON BROTHERS SCRAP YARD,70 MEADOW ROAD,ASHEVILLE,BUNCOMBE,35.565205,-82.562494,ON SCREEN PLACEMENT ON GEOREFERENCED MAP,ACMEMAPPER,FALSE,TRUE,https://edocs.deq.nc.gov/WasteManagement/Search.aspx?dbid=0&searchcommand=%7B%5BWM%5D:%5BProgram_ID%5D%20%3D%20%22*NCN000407205*%22%7D,7/2/2026 12:00:00 AM,-82.562494,35.565205
48694,NCN000407243,WOODYS SALVAGE YARD,4139 CLINTON RD,VANDER,CUMBERLAND,35.03102,-78.79292,ON SCREEN PLACEMENT ON GEOREFERENCED MAP,ACMEMAPPER,FALSE,FALSE,https://edocs.deq.nc.gov/WasteManagement/Search.aspx?dbid=0&searchcommand=%7B%5BWM%5D:%5BProgram_ID%5D%20%3D%20%22*NCN000407206*%22%7D,7/2/2026 12:00:00 AM,-78.79292,35.0310200000001
48695,NCN000407333,TRIAD USED AUTO SALES,1520 ALAMANCE CHURCH RD,GREENSBORO,GUILFORD,36.026695,-79.736655,ON SCREEN PLACEMENT ON GEOREFERENCED MAP,ACMEMAPPER,FALSE,FALSE,https://edocs.deq.nc.gov/WasteManagement/Search.aspx?dbid=0&searchcommand=%7B%5BWM%5D:%5BProgram_ID%5D%20%3D%20%22*NCN000407243*%22%7D,7/2/2026 12:00:00 AM,-79.736655,36.0266950000001
48696,NCN000407564,WATHA FIRING RANGE,3311 SHILOH RD,WATHA,PENDER,34.61334444,-78.04350278,ON SCREEN PLACEMENT ON GEOREFERENCED MAP,ACMEMAPPER,FALSE,FALSE,https://edocs.deq.nc.gov/WasteManagement/Search.aspx?dbid=0&searchcommand=%7B%5BWM%5D:%5BProgram_ID%5D%20%3D%20%22*NCN000407333*%22%7D,7/2/2026 12:00:00 AM,-78.04350278,34.61334444
48697,NCN000407582,WEST PHARMACEUTICAL SERVCES,2525 ROUSE RD EXT,KINSTON,LENOIR,35.31593,-77.61576,ON SCREEN PLACEMENT ON GEOREFERENCED MAP,ACMEMAPPER,FALSE,TRUE,https://edocs.deq.nc.gov/WasteManagement/Search.aspx?dbid=0&searchcommand=%7B%5BWM%5D:%5BProgram_ID%5D%20%3D%20%22*NCN000407564*%22%7D,7/2/2026 12:00:00 AM,-77.61576,35.31593
48698,NCN000407584,"SOUTHERN METALS RECYCLING, INC",13 WRIGHT ST,WILMINGTON,NEW HANOVER,34.22255833,-77.94878889,ON SCREEN PLACEMENT ON GEOREFERENCED MAP,ACMEMAPPER,FALSE,FALSE,https://edocs.deq.nc.gov/WasteManagement/Search.aspx?dbid=0&searchcommand=%7B%5BWM%5D:%5BProgram_ID%5D%20%3D%20%22*NCN000407582*%22%7D,7/2/2026 12:00:00 AM,-77.9487888899999,34.22255833
48699,NCN000407672,BEACON MANUFACTURING,2425 US HWY 70,SWANNANOA,BUNCOMBE,35.60142,-82.39746,ON SCREEN PLACEMENT ON GEOREFERENCED MAP,ACMEMAPPER,FALSE,FALSE,https://edocs.deq.nc.gov/WasteManagement/Search.aspx?dbid=0&searchcommand=%7B%5BWM%5D:%5BProgram_ID%5D%20%3D%20%22*NCN000407584*%22%7D,7/2/2026 12:00:00 AM,-82.39746,35.6014200000001
48700,NCN000407686,CARALEIGH PHOSPHATE AND FERTILIZER,1601 LAKE WHEELER ROAD,RALEIGH,WAKE,35.75935,-78.66035,ON SCREEN PLACEMENT ON GEOREFERENCED MAP,ACMEMAPPER,FALSE,FALSE,https://edocs.deq.nc.gov/WasteManagement/Search.aspx?dbid=0&searchcommand=%7B%5BWM%5D:%5BProgram_ID%5D%20%3D%20%22*NCN000407672*%22%7D,7/2/2026 12:00:00 AM,-78.6603499999999,35.75935
48701,NCN000407700,SPRINGS ROAD GO CART TRACK,4254 SPRINGS RD,CONOVER,CATAWBA,35.77450556,-81.24118889,ON SCREEN PLACEMENT ON GEOREFERENCED MAP,ACMEMAPPER,FALSE,FALSE,https://edocs.deq.nc.gov/WasteManagement/Search.aspx?dbid=0&searchcommand=%7B%5BWM%5D:%5BProgram_ID%5D%20%3D%20%22*NCN000407686*%22%7D,7/2/2026 12:00:00 AM,-81.24118889,35.7745055600001
48702,NCN000407775,ROYSTER FERTILIZER,1690 NE ROYSTER RD,LELAND,BRUNSWICK,34.26999,-78.00151,ON SCREEN PLACEMENT ON GEOREFERENCED MAP,ACMEMAPPER,FALSE,FALSE,https://edocs.deq.nc.gov/WasteManagement/Search.aspx?dbid=0&searchcommand=%7B%5BWM%5D:%5BProgram_ID%5D%20%3D%20%22*NCN000407700*%22%7D,7/2/2026 12:00:00 AM,-78.0015099999999,34.2699900000001
48703,NCN000407830,CLOROX CHEMICAL,800 GESCO ST,CHARLOTTE,MECKLENBURG,35.23827,-80.86922,ON SCREEN PLACEMENT ON GEOREFERENCED MAP,ACMEMAPPER,FALSE,FALSE,https://edocs.deq.nc.gov/WasteManagement/Search.aspx?dbid=0&searchcommand=%7B%5BWM%5D:%5BProgram_ID%5D%20%3D%20%22*NCN000407775*%22%7D,7/2/2026 12:00:00 AM,-80.86922,35.2382700000001
48704,NCN000409779,WAYNE AGRICULTURAL WORKS,700 S JOHN ST,GOLDSBORO,WAYNE,35.37418,-77.99817,ON SCREEN PLACEMENT ON GEOREFERENCED MAP,ACMEMAPPER,FALSE,FALSE,https://edocs.deq.nc.gov/WasteManagement/Search.aspx?dbid=0&searchcommand=%7B%5BWM%5D:%5BProgram_ID%5D%20%3D%20%22*NCN000407830*%22%7D,7/2/2026 12:00:00 AM,-77.99817,35.37418
48705,NCN000409780,INDUSTRIAL METAL ALLOY,20 E ACADIA AVE,WINSTON-SALEM,FORSYTH,36.07181,-80.23834,ON SCREEN PLACEMENT ON GEOREFERENCED MAP,ACMEMAPPER,FALSE,FALSE,https://edocs.deq.nc.gov/WasteManagement/Search.aspx?dbid=0&searchcommand=%7B%5BWM%5D:%5BProgram_ID%5D%20%3D%20%22*NCN000409779*%22%7D,7/2/2026 12:00:00 AM,-80.2383399999999,36.07181
48706,NCN000409783,WHITIN ROBERTS PLANT #2,202 MAPLE AVE,SANFORD,LEE,35.47898333,-79.17263333,ON SCREEN PLACEMENT ON GEOREFERENCED MAP,ACMEMAPPER,FALSE,FALSE,https://edocs.deq.nc.gov/WasteManagement/Search.aspx?dbid=0&searchcommand=%7B%5BWM%5D:%5BProgram_ID%5D%20%3D%20%22*NCN000409780*%22%7D,7/2/2026 12:00:00 AM,-79.1726333299999,35.4789833300001
48707,NCN000409811,ELECTRIC MOTOR & TRANSFORMER,1900 S SAUNDERS ST,RALEIGH,WAKE,35.75533,-78.65067,ON SCREEN PLACEMENT ON GEOREFERENCED MAP,ACMEMAPPER,FALSE,FALSE,https://edocs.deq.nc.gov/WasteManagement/Search.aspx?dbid=0&searchcommand=%7B%5BWM%5D:%5BProgram_ID%5D%20%3D%20%22*NCN000409783*%22%7D,7/2/2026 12:00:00 AM,-78.6506699999999,35.7553300000001
48708,NCN000409854,ROMATIC MANUFACTURING,402 E ROSE ST,SANFORD,LEE,35.47366111,-79.16308889,ON SCREEN PLACEMENT ON GEOREFERENCED MAP,ACMEMAPPER,FALSE,FALSE,https://edocs.deq.nc.gov/WasteManagement/Search.aspx?dbid=0&searchcommand=%7B%5BWM%5D:%5BProgram_ID%5D%20%3D%20%22*NCN000409811*%22%7D,7/2/2026 12:00:00 AM,-79.16308889,35.4736611100001
48709,NCN000409865,FORSHAW CHEMICALS,650 STATE ST,CHARLOTTE,MECKLENBURG,35.2405,-80.8702,GPS (2-5 METER),,FALSE,FALSE,https://edocs.deq.nc.gov/WasteManagement/Search.aspx?dbid=0&searchcommand=%7B%5BWM%5D:%5BProgram_ID%5D%20%3D%20%22*NCN000409854*%22%7D,7/2/2026 12:00:00 AM,-80.8702,35.2405000000001
48710,NCN000409881,PAYNE RD SOLVENTS,105 PAYNE RD,BESSEMER CITY,GASTON,35.2667,-81.3209,GPS (2-5 METER),,FALSE,FALSE,https://edocs.deq.nc.gov/WasteManagement/Search.aspx?dbid=0&searchcommand=%7B%5BWM%5D:%5BProgram_ID%5D%20%3D%20%22*NCN000409865*%22%7D,7/2/2026 12:00:00 AM,-81.3208999999999,35.2667000000001
48711,NCN000409889,CERTIFIED PLATING,2738 E OZARK PLATING,GASTONIA,GASTON,35.2795,-81.1365,GPS (2-5 METER),,FALSE,FALSE,https://edocs.deq.nc.gov/WasteManagement/Search.aspx?dbid=0&searchcommand=%7B%5BWM%5D:%5BProgram_ID%5D%20%3D%20%22*NCN000409881*%22%7D,7/2/2026 12:00:00 AM,-81.1365,35.2795
48712,NCN000410007,TRANSYLVANIA TANNING CO,SILVERSTEEN AVENUE,BREVARD,TRANSYLVANIA,35.23061,-82.74091,ON SCREEN PLACEMENT ON GEOREFERENCED MAP,ACMEMAPPER,FALSE,FALSE,https://edocs.deq.nc.gov/WasteManagement/Search.aspx?dbid=0&searchcommand=%7B%5BWM%5D:%5BProgram_ID%5D%20%3D%20%22*NCN000409889*%22%7D,7/2/2026 12:00:00 AM,-82.74091,35.2306100000001
48713,NCN000410098,BURLINGTON,100 BURKE ST,RHODHISS,BURKE,35.77115,-81.43246,ON SCREEN PLACEMENT ON GEOREFERENCED MAP,ACMEMAPPER,FALSE,FALSE,https://edocs.deq.nc.gov/WasteManagement/Search.aspx?dbid=0&searchcommand=%7B%5BWM%5D:%5BProgram_ID%5D%20%3D%20%22*NCN000410007*%22%7D,7/2/2026 12:00:00 AM,-81.4324599999999,35.77115
48714,NCN000410100,APPALACHIAN CHEMICAL COMPANY,"S.R. 1159, WEBB-PRICE ROAD",GRANITE FALLS,CALDWELL,35.86547,-81.331968,ON SCREEN PLACEMENT ON GEOREFERENCED MAP,ACMEMAPPER,FALSE,FALSE,https://edocs.deq.nc.gov/WasteManagement/Search.aspx?dbid=0&searchcommand=%7B%5BWM%5D:%5BProgram_ID%5D%20%3D%20%22*NCN000410098*%22%7D,7/2/2026 12:00:00 AM,-81.331968,35.8654700000001
48715,NCN000410174,DALY-HERRING COMPANY/PRILLAMAN,NEUSE RD,KINSTON,LENOIR,35.23833,-77.54433,ON SCREEN PLACEMENT ON GEOREFERENCED MAP,UNKNOWN,FALSE,FALSE,https://edocs.deq.nc.gov/WasteManagement/Search.aspx?dbid=0&searchcommand=%7B%5BWM%5D:%5BProgram_ID%5D%20%3D%20%22*NCN000410100*%22%7D,7/2/2026 12:00:00 AM,-77.5443299999999,35.2383300000001
48716,NCN000410280,GREAT LAKES CARBON CORPORATION,307 JAMESTOWN ROAD,MORGANTON,BURKE,35.73163,-81.72761,ON SCREEN PLACEMENT ON GEOREFERENCED MAP,ACMEMAPPER,FALSE,FALSE,https://edocs.deq.nc.gov/WasteManagement/Search.aspx?dbid=0&searchcommand=%7B%5BWM%5D:%5BProgram_ID%5D%20%3D%20%22*NCN000410174*%22%7D,7/2/2026 12:00:00 AM,-81.72761,35.7316300000001
48717,NCN000410289,METAL INDUSTRIES,HWY 70 WEST,MARION,MCDOWELL,35.66787,-82.11655,ON SCREEN PLACEMENT ON GEOREFERENCED MAP,ACMEMAPPER,FALSE,FALSE,https://edocs.deq.nc.gov/WasteManagement/Search.aspx?dbid=0&searchcommand=%7B%5BWM%5D:%5BProgram_ID%5D%20%3D%20%22*NCN000410280*%22%7D,7/2/2026 12:00:00 AM,-82.11655,35.6678700000001
48718,NCN000410290,RIVERSIDE CHEMICAL,110 NC42 WEST,AHOSKIE,HERTFORD,36.27928,-77.00108,ON SCREEN PLACEMENT ON GEOREFERENCED MAP,ACMEMAPPER,FALSE,FALSE,https://edocs.deq.nc.gov/WasteManagement/Search.aspx?dbid=0&searchcommand=%7B%5BWM%5D:%5BProgram_ID%5D%20%3D%20%22*NCN000410289*%22%7D,7/2/2026 12:00:00 AM,-77.0010799999999,36.27928
48719,NCN000410293,GURMICO CHEMICALS,9710 HWY 70 E,PRINCETON,JOHNSTON,35.45443,-78.13734,ON SCREEN PLACEMENT ON GEOREFERENCED MAP,ACMEMAPPER,FALSE,FALSE,https://edocs.deq.nc.gov/WasteManagement/Search.aspx?dbid=0&searchcommand=%7B%5BWM%5D:%5BProgram_ID%5D%20%3D%20%22*NCN000410290*%22%7D,7/2/2026 12:00:00 AM,-78.1373399999999,35.4544300000001
48720,NCN000410302,RIDGE LANE RD DIELDRIN CONTAMINATION,RIDGE LANE RD,CHARLOTTE,MECKLENBURG,35.30411,-80.77696,ON SCREEN PLACEMENT ON GEOREFERENCED MAP,ACMEMAPPER,FALSE,FALSE,https://edocs.deq.nc.gov/WasteManagement/Search.aspx?dbid=0&searchcommand=%7B%5BWM%5D:%5BProgram_ID%5D%20%3D%20%22*NCN000410293*%22%7D,7/2/2026 12:00:00 AM,-80.77696,35.30411
48721,NCN000410369,JAMES AUSTIN RD TCE,7834 JAMES AUSTIN ROAD,WILLOW SPRINGS,WAKE,35.53746,-78.71186,ON SCREEN PLACEMENT ON GEOREFERENCED MAP,ACMEMAPPER,FALSE,FALSE,https://edocs.deq.nc.gov/WasteManagement/Search.aspx?dbid=0&searchcommand=%7B%5BWM%5D:%5BProgram_ID%5D%20%3D%20%22*NCN000410302*%22%7D,7/2/2026 12:00:00 AM,-78.7118599999999,35.5374600000001
48722,NCN000410370,BECKMANN DURHAM SANDEFUR,3333 INDUSTRIAL DRIVE,DURHAM,DURHAM,36.05778,-78.857,ON SCREEN PLACEMENT ON GEOREFERENCED MAP,ACMEMAPPER,FALSE,FALSE,https://edocs.deq.nc.gov/WasteManagement/Search.aspx?dbid=0&searchcommand=%7B%5BWM%5D:%5BProgram_ID%5D%20%3D%20%22*NCN000410369*%22%7D,7/2/2026 12:00:00 AM,-78.857,36.05778
48723,NCN000410375,COUNTRY CLUB LANE CONTAMINATION,192 COUNTRY CLUB LANE,ROXBORO,PERSON,36.44887,-78.99506,ON SCREEN PLACEMENT ON GEOREFERENCED MAP,ACMEMAPPER,FALSE,FALSE,https://edocs.deq.nc.gov/WasteManagement/Search.aspx?dbid=0&searchcommand=%7B%5BWM%5D:%5BProgram_ID%5D%20%3D%20%22*NCN000410370*%22%7D,7/2/2026 12:00:00 AM,-78.99506,36.4488700000001
48724,NCN000410427,SPECTRUM DYED YARNS,136 PATTERSON RD,KINGS MOUNTAIN,CLEVELAND,35.2581,-81.36451,ON SCREEN PLACEMENT ON GEOREFERENCED MAP,ACMEMAPPER,FALSE,FALSE,https://edocs.deq.nc.gov/WasteManagement/Search.aspx?dbid=0&searchcommand=%7B%5BWM%5D:%5BProgram_ID%5D%20%3D%20%22*NCN000410375*%22%7D,7/2/2026 12:00:00 AM,-81.3645099999999,35.2581000000001
48725,NCN000410439,SOUTHSIDE ROAD INCIDENT,SOUTHSIDE RD & SOUTHFORK RD,LINCOLNTON,LINCOLN,35.44259,-81.24161,ON SCREEN PLACEMENT ON GEOREFERENCED MAP,ACMEMAPPER,FALSE,FALSE,https://edocs.deq.nc.gov/WasteManagement/Search.aspx?dbid=0&searchcommand=%7B%5BWM%5D:%5BProgram_ID%5D%20%3D%20%22*NCN000410427*%22%7D,7/2/2026 12:00:00 AM,-81.24161,35.4425900000001
48726,NCN000410441,SCERCY WELL/ROBINWOOD DR,5101 ROBINWOOD DRIVE,CHARLOTTE,MECKLENBURG,35.247759,-80.653717,ON SCREEN PLACEMENT ON GEOREFERENCED MAP,ACMEMAPPER,FALSE,FALSE,https://edocs.deq.nc.gov/WasteManagement/Search.aspx?dbid=0&searchcommand=%7B%5BWM%5D:%5BProgram_ID%5D%20%3D%20%22*NCN000410439*%22%7D,7/2/2026 12:00:00 AM,-80.653717,35.247759
48727,NCN000410534,STALEY PCE/BROWN'S GROCERY,6488 WHITES CHAPEL RD,STALEY,RANDOLPH,35.789881,-79.597275,ON SCREEN PLACEMENT ON GEOREFERENCED MAP,ACMEMAPPER,FALSE,FALSE,https://edocs.deq.nc.gov/WasteManagement/Search.aspx?dbid=0&searchcommand=%7B%5BWM%5D:%5BProgram_ID%5D%20%3D%20%22*NCN000410441*%22%7D,7/2/2026 12:00:00 AM,-79.597275,35.789881
48728,NCN000410558,BENNETT STREET (316) CONTAMINATION,316 BENNETT ST,CHARLOTTE,MECKLENBURG,35.26126,-80.78363,ON SCREEN PLACEMENT ON GEOREFERENCED MAP,ACMEMAPPER,FALSE,FALSE,https://edocs.deq.nc.gov/WasteManagement/Search.aspx?dbid=0&searchcommand=%7B%5BWM%5D:%5BProgram_ID%5D%20%3D%20%22*NCN000410534*%22%7D,7/2/2026 12:00:00 AM,-80.78363,35.26126
48729,NCN000410563,EUBANKS RD CONTAMINATED WELL,1621 GENESTU DR,CHAPEL HILL,ORANGE,35.96591,-79.07582,ON SCREEN PLACEMENT ON GEOREFERENCED MAP,ACMEMAPPER,FALSE,FALSE,https://edocs.deq.nc.gov/WasteManagement/Search.aspx?dbid=0&searchcommand=%7B%5BWM%5D:%5BProgram_ID%5D%20%3D%20%22*NCN000410558*%22%7D,7/2/2026 12:00:00 AM,-79.07582,35.9659100000001
48730,NCN000410583,VILLA MHP-BATTERYDUMP,IRENE AVE & VENICE ST,KANNAPOLIS,CABARRUS,35.4855,-80.60858,ON SCREEN PLACEMENT ON GEOREFERENCED MAP,ACMEMAPPER,FALSE,FALSE,https://edocs.deq.nc.gov/WasteManagement/Search.aspx?dbid=0&searchcommand=%7B%5BWM%5D:%5BProgram_ID%5D%20%3D%20%22*NCN000410563*%22%7D,7/2/2026 12:00:00 AM,-80.60858,35.4855000000001
48731,NCN000410585,UNIONVILLE-INDIAN TRAIL DRUM,RIDGE RD & UNIONVILLE-INDIAN,MONROE,UNION,35.08466,-80.56523,ON SCREEN PLACEMENT ON GEOREFERENCED MAP,ACMEMAPPER,FALSE,FALSE,https://edocs.deq.nc.gov/WasteManagement/Search.aspx?dbid=0&searchcommand=%7B%5BWM%5D:%5BProgram_ID%5D%20%3D%20%22*NCN000410583*%22%7D,7/2/2026 12:00:00 AM,-80.56523,35.08466
48732,NCN000410733,"LIBERTY, TOWN OF - PUBLIC WELL",BRINKLEY COUNTRY LN,LIBERTY,RANDOLPH,35.8725,-79.5579,ON SCREEN PLACEMENT ON GEOREFERENCED MAP,ACMEMAPPER,FALSE,FALSE,https://edocs.deq.nc.gov/WasteManagement/Search.aspx?dbid=0&searchcommand=%7B%5BWM%5D:%5BProgram_ID%5D%20%3D%20%22*NCN000410585*%22%7D,7/2/2026 12:00:00 AM,-79.5579,35.8725000000001
48733,NCN000410797,PLEASANT GARDEN RD PCE @ 4710,4710 PLEASANT GARDEN RD,PLEASANT GARDEN,GUILFORD,35.967175,-79.764325,ON SCREEN PLACEMENT ON GEOREFERENCED MAP,ACMEMAPPER,FALSE,FALSE,https://edocs.deq.nc.gov/WasteManagement/Search.aspx?dbid=0&searchcommand=%7B%5BWM%5D:%5BProgram_ID%5D%20%3D%20%22*NCN000410733*%22%7D,7/2/2026 12:00:00 AM,-79.764325,35.9671750000001
48734,NCN000410852,DANNY ROBERTS/INTERSTATE BP,2815 WAYCROSS RD,DURHAM,DURHAM,36.024644,-78.854132,ON SCREEN PLACEMENT ON GEOREFERENCED MAP,ACMEMAPPER,FALSE,FALSE,https://edocs.deq.nc.gov/WasteManagement/Search.aspx?dbid=0&searchcommand=%7B%5BWM%5D:%5BProgram_ID%5D%20%3D%20%22*NCN000410797*%22%7D,7/2/2026 12:00:00 AM,-78.8541319999999,36.0246440000001
48735,NCN000410861,DERRINGER DRIVE,DERRINGER DRIVE,MARSHALL,MADISON,35.809,-82.67627,ON SCREEN PLACEMENT ON GEOREFERENCED MAP,ACMEMAPPER,FALSE,FALSE,https://edocs.deq.nc.gov/WasteManagement/Search.aspx?dbid=0&searchcommand=%7B%5BWM%5D:%5BProgram_ID%5D%20%3D%20%22*NCN000410852*%22%7D,7/2/2026 12:00:00 AM,-82.67627,35.809
48736,NCN000410936,TRAWICK RD/BOND ST,TRAWICK RD,RALEIGH,WAKE,35.801235,-78.577694,ON SCREEN PLACEMENT ON GEOREFERENCED MAP,ACMEMAPPER,FALSE,FALSE,https://edocs.deq.nc.gov/WasteManagement/Search.aspx?dbid=0&searchcommand=%7B%5BWM%5D:%5BProgram_ID%5D%20%3D%20%22*NCN000410861*%22%7D,7/2/2026 12:00:00 AM,-78.577694,35.8012350000001
48737,NCN000410937,PATTERSON AVE BATTERY DUMP,PATTERSON AVE & BONNIE ST-SE,CONCORD,CABARRUS,35.4132,-80.57579,ON SCREEN PLACEMENT ON GEOREFERENCED MAP,ACMEMAPPER,FALSE,FALSE,https://edocs.deq.nc.gov/WasteManagement/Search.aspx?dbid=0&searchcommand=%7B%5BWM%5D:%5BProgram_ID%5D%20%3D%20%22*NCN000410936*%22%7D,7/2/2026 12:00:00 AM,-80.57579,35.4132000000001
48738,NCR000010272,UNC-COGENERATION FACILITY,575 W CAMERON AVE,CHAPEL HILL,ORANGE,35.90671,-79.05925,ON SCREEN PLACEMENT ON GEOREFERENCED MAP,ACMEMAPPER,FALSE,TRUE,https://edocs.deq.nc.gov/WasteManagement/Search.aspx?dbid=0&searchcommand=%7B%5BWM%5D:%5BProgram_ID%5D%20%3D%20%22*NCN000410937*%22%7D,7/2/2026 12:00:00 AM,-79.05925,35.90671
48739,NCR000135418,"ZNR, INC",1020 CORPORATION PKWY,RALEIGH,WAKE,35.79127,-78.56823,ON SCREEN PLACEMENT ON GEOREFERENCED MAP,ACMEMAPPER,FALSE,FALSE,https://edocs.deq.nc.gov/WasteManagement/Search.aspx?dbid=0&searchcommand=%7B%5BWM%5D:%5BProgram_ID%5D%20%3D%20%22*NCR000010272*%22%7D,7/2/2026 12:00:00 AM,-78.56823,35.7912700000001
48740,NCR000179606,N&B CO. - TERMINIX,2201 E US 70 HWY,JAMES CITY,CRAVEN,35.065234,-77.023478,ON SCREEN PLACEMENT ON GEOREFERENCED MAP,ESRI AGOL BASE MAP,FALSE,FALSE,https://edocs.deq.nc.gov/WasteManagement/Search.aspx?dbid=0&searchcommand=%7B%5BWM%5D:%5BProgram_ID%5D%20%3D%20%22*NCR000135418*%22%7D,7/2/2026 12:00:00 AM,-77.023478,35.065234
48741,NCS000000478,CROWDERS MOUNTAIN STATE PARK,CROWDERS MOUNTAIN STATE PARK,GASTONIA,GASTON,35.23325,-81.28763,ON SCREEN PLACEMENT ON GEOREFERENCED MAP,ACMEMAPPER,FALSE,FALSE,https://edocs.deq.nc.gov/WasteManagement/Search.aspx?dbid=0&searchcommand=%7B%5BWM%5D:%5BProgram_ID%5D%20%3D%20%22*NCR000179606*%22%7D,7/2/2026 12:00:00 AM,-81.28763,35.2332500000001
48742,NCS000001273,WAYNE TRADEMARK,5356 NC HWY 49 S,ASHEBORO,RANDOLPH,35.641258,-79.974567,ON SCREEN PLACEMENT ON GEOREFERENCED MAP,ESRI AGOL BASE MAP,FALSE,FALSE,https://edocs.deq.nc.gov/WasteManagement/Search.aspx?dbid=0&searchcommand=%7B%5BWM%5D:%5BProgram_ID%5D%20%3D%20%22*NCS000000478*%22%7D,7/2/2026 12:00:00 AM,-79.974567,35.6412580000001
48743,NCSFN0406894,STALLINGS SALVAGE,SECREST AVE,MONROE,UNION,34.98259,-80.49705,ON SCREEN PLACEMENT ON GEOREFERENCED MAP,ACMEMAPPER,FALSE,FALSE,https://edocs.deq.nc.gov/WasteManagement/Search.aspx?dbid=0&searchcommand=%7B%5BWM%5D:%5BProgram_ID%5D%20%3D%20%22*NCS000001273*%22%7D,7/2/2026 12:00:00 AM,-80.4970499999999,34.9825900000001
48744,NCSFN0406911,CAROLINA ASSOCIATED MILL,766 HWY 10 W,NEWTON,CATAWBA,35.65503,-81.23626,ON SCREEN PLACEMENT ON GEOREFERENCED MAP,ACMEMAPPER,FALSE,FALSE,https://edocs.deq.nc.gov/WasteManagement/Search.aspx?dbid=0&searchcommand=%7B%5BWM%5D:%5BProgram_ID%5D%20%3D%20%22*NCSFN0406894*%22%7D,7/2/2026 12:00:00 AM,-81.23626,35.6550300000001
48745,NCSFN0407074,NC MARITIME MUSEUM,310 FRONT ST,BEAUFORT,CARTERET,34.71738,-76.66697,ON SCREEN PLACEMENT ON GEOREFERENCED MAP,ACMEMAPPER,FALSE,FALSE,https://edocs.deq.nc.gov/WasteManagement/Search.aspx?dbid=0&searchcommand=%7B%5BWM%5D:%5BProgram_ID%5D%20%3D%20%22*NCSFN0406911*%22%7D,7/2/2026 12:00:00 AM,-76.6669699999999,34.71738
48746,NCSFN0407140,CARDINAL CONTAINER SERVICES,138 WALSER ROAD,LEXINGTON,DAVIDSON,35.852718,-80.255061,ON SCREEN PLACEMENT ON GEOREFERENCED MAP,ESRI AGOL BASE MAP,FALSE,FALSE,https://edocs.deq.nc.gov/WasteManagement/Search.aspx?dbid=0&searchcommand=%7B%5BWM%5D:%5BProgram_ID%5D%20%3D%20%22*NCSFN0407074*%22%7D,7/2/2026 12:00:00 AM,-80.255061,35.852718
48747,NCSFN0407143,AMERICAN ELEMENTS,500 WALLACE ST,FARMVILLE,PITT,35.59232778,-77.59765,ON SCREEN PLACEMENT ON GEOREFERENCED MAP,ACMEMAPPER,FALSE,FALSE,https://edocs.deq.nc.gov/WasteManagement/Search.aspx?dbid=0&searchcommand=%7B%5BWM%5D:%5BProgram_ID%5D%20%3D%20%22*NCSFN0407140*%22%7D,7/2/2026 12:00:00 AM,-77.59765,35.5923277800001
48748,NONCD0000001,STANLY NEWS & PRESS,237 W NORTH STREET,ALBEMARLE,STANLY,35.35226,-80.20089,ON SCREEN PLACEMENT ON GEOREFERENCED MAP,ACMEMAPPER,FALSE,FALSE,https://edocs.deq.nc.gov/WasteManagement/Search.aspx?dbid=0&searchcommand=%7B%5BWM%5D:%5BProgram_ID%5D%20%3D%20%22*NCSFN0407143*%22%7D,7/2/2026 12:00:00 AM,-80.20089,35.3522600000001
48749,NONCD0000002,BURLINGTON COAL GAS PLANT,1205 N CHURCH ST,BURLINGTON,ALAMANCE,36.09668,-79.41841,ON SCREEN PLACEMENT ON GEOREFERENCED MAP,ESRI AGOL BASE MAP,FALSE,TRUE,https://edocs.deq.nc.gov/WasteManagement/Search.aspx?dbid=0&searchcommand=%7B%5BWM%5D:%5BProgram_ID%5D%20%3D%20%22*NONCD0000001*%22%7D,7/2/2026 12:00:00 AM,-79.4184099999999,36.09668
48750,NONCD0000003,VAN WATERS & ROGERS,ATANDO INDUSTRIAL PARK,CHARLOTTE,MECKLENBURG,35.26661,-80.82075,ON SCREEN PLACEMENT ON GEOREFERENCED MAP,ACMEMAPPER,FALSE,FALSE,https://edocs.deq.nc.gov/WasteManagement/Search.aspx?dbid=0&searchcommand=%7B%5BWM%5D:%5BProgram_ID%5D%20%3D%20%22*NONCD0000002*%22%7D,7/2/2026 12:00:00 AM,-80.82075,35.2666100000001
48751,NONCD0000004,STURGEON CITY SITE (NON-PRLF PORTION),4 COURT STREET,JACKSONVILLE,ONSLOW,34.742822,-77.433159,ON SCREEN PLACEMENT ON GEOREFERENCED MAP,ACMEMAPPER,FALSE,FALSE,https://edocs.deq.nc.gov/WasteManagement/Search.aspx?dbid=0&searchcommand=%7B%5BWM%5D:%5BProgram_ID%5D%20%3D%20%22*NONCD0000003*%22%7D,7/2/2026 12:00:00 AM,-77.433159,34.742822
48752,NONCD0000005,WOODY WILSON-MCCAIN,SR1215 & SR1219,MCCAIN,HOKE,35.04488,-79.33663,ON SCREEN PLACEMENT ON GEOREFERENCED MAP,ACMEMAPPER,FALSE,FALSE,https://edocs.deq.nc.gov/WasteManagement/Search.aspx?dbid=0&searchcommand=%7B%5BWM%5D:%5BProgram_ID%5D%20%3D%20%22*NONCD0000004*%22%7D,7/2/2026 12:00:00 AM,-79.33663,35.04488
48753,NONCD0000010,UNITED MERCHANTS/OLD FORT PLANT,NORTH OF INTERSTATE 40,OLD FORT,MCDOWELL,35.62887,-82.17576,ON SCREEN PLACEMENT ON GEOREFERENCED MAP,ACMEMAPPER,FALSE,FALSE,https://edocs.deq.nc.gov/WasteManagement/Search.aspx?dbid=0&searchcommand=%7B%5BWM%5D:%5BProgram_ID%5D%20%3D%20%22*NONCD0000005*%22%7D,7/2/2026 12:00:00 AM,-82.17576,35.6288700000001
48754,NONCD0000011,TERRELL MACHINE SHOP,3000-3030 SOUTH BLVD,CHARLOTTE,MECKLENBURG,35.19878,-80.86916,ON SCREEN PLACEMENT ON GEOREFERENCED MAP,ACMEMAPPER,FALSE,FALSE,https://edocs.deq.nc.gov/WasteManagement/Search.aspx?dbid=0&searchcommand=%7B%5BWM%5D:%5BProgram_ID%5D%20%3D%20%22*NONCD0000010*%22%7D,7/2/2026 12:00:00 AM,-80.86916,35.1987800000001
48755,NONCD0000012,WHITES GRAVEL PIT,1515 HWY 49 SOUTH,CONCORD,CABARRUS,35.355315,-80.602191,ON SCREEN PLACEMENT ON GEOREFERENCED MAP,ACMEMAPPER,FALSE,FALSE,https://edocs.deq.nc.gov/WasteManagement/Search.aspx?dbid=0&searchcommand=%7B%5BWM%5D:%5BProgram_ID%5D%20%3D%20%22*NONCD0000011*%22%7D,7/2/2026 12:00:00 AM,-80.6021909999999,35.3553150000001
48756,NONCD0000013,CAROLINA HARDWOODS,158 FACTORY STREET,WILLIAMSTON,MARTIN,35.84076,-77.058,ON SCREEN PLACEMENT ON GEOREFERENCED MAP,ACMEMAPPER,FALSE,FALSE,https://edocs.deq.nc.gov/WasteManagement/Search.aspx?dbid=0&searchcommand=%7B%5BWM%5D:%5BProgram_ID%5D%20%3D%20%22*NONCD0000012*%22%7D,7/2/2026 12:00:00 AM,-77.0579999999999,35.84076
48757,NONCD0000014,BOISE CASCADE,SR 1916,MONCURE,CHATHAM,35.61209,-79.04951,ON SCREEN PLACEMENT ON GEOREFERENCED MAP,ACMEMAPPER,FALSE,FALSE,https://edocs.deq.nc.gov/WasteManagement/Search.aspx?dbid=0&searchcommand=%7B%5BWM%5D:%5BProgram_ID%5D%20%3D%20%22*NONCD0000013*%22%7D,7/2/2026 12:00:00 AM,-79.0495099999999,35.6120900000001
48758,NONCD0000015,CENTRAL TRANSPORT COMPANY,215 SAMPSON ST,WILMINGTON,NEW HANOVER,34.27066,-77.96272,ON SCREEN PLACEMENT ON GEOREFERENCED MAP,ACMEMAPPER,FALSE,FALSE,https://edocs.deq.nc.gov/WasteManagement/Search.aspx?dbid=0&searchcommand=%7B%5BWM%5D:%5BProgram_ID%5D%20%3D%20%22*NONCD0000014*%22%7D,7/2/2026 12:00:00 AM,-77.9627199999999,34.2706600000001
48759,NONCD0000016,CMC LANDFILL,EAST MAIN STREET,ELKIN,SURRY,36.2467,-80.83586,ON SCREEN PLACEMENT ON GEOREFERENCED MAP,ACMEMAPPER,FALSE,FALSE,https://edocs.deq.nc.gov/WasteManagement/Search.aspx?dbid=0&searchcommand=%7B%5BWM%5D:%5BProgram_ID%5D%20%3D%20%22*NONCD0000015*%22%7D,7/2/2026 12:00:00 AM,-80.83586,36.2467
48760,NONCD0000017,FLAKT PRODUCTS,200 LOWERY STREET,WINSTON-SALEM,FORSYTH,36.09285,-80.21346,ON SCREEN PLACEMENT ON GEOREFERENCED MAP,ACMEMAPPER,FALSE,TRUE,https://edocs.deq.nc.gov/WasteManagement/Search.aspx?dbid=0&searchcommand=%7B%5BWM%5D:%5BProgram_ID%5D%20%3D%20%22*NONCD0000016*%22%7D,7/2/2026 12:00:00 AM,-80.2134599999999,36.0928500000001
48761,NONCD0000019,SIR WALTER GUN CLUB,US 64,KNIGHTDALE,WAKE,35.79822,-78.50701,ON SCREEN PLACEMENT ON GEOREFERENCED MAP,ACMEMAPPER,FALSE,FALSE,https://edocs.deq.nc.gov/WasteManagement/Search.aspx?dbid=0&searchcommand=%7B%5BWM%5D:%5BProgram_ID%5D%20%3D%20%22*NONCD0000017*%22%7D,7/2/2026 12:00:00 AM,-78.50701,35.7982200000001
48762,NONCD0000023,CAROLINA P&L CO. FAYETTEVILLE,CUMBERLAND RD & OWEN DR,FAYETTEVILLE,CUMBERLAND,35.02108,-78.91632,ON SCREEN PLACEMENT ON GEOREFERENCED MAP,ACMEMAPPER,FALSE,FALSE,https://edocs.deq.nc.gov/WasteManagement/Search.aspx?dbid=0&searchcommand=%7B%5BWM%5D:%5BProgram_ID%5D%20%3D%20%22*NONCD0000019*%22%7D,7/2/2026 12:00:00 AM,-78.91632,35.02108
48763,NONCD0000024,GAITHER TRANSOU PROPERTY,1202 GUILFORD COLLEGE RD,GREENSBORO,GUILFORD,36.044725,-79.919875,ON SCREEN PLACEMENT ON GEOREFERENCED MAP,ACMEMAPPER,FALSE,FALSE,https://edocs.deq.nc.gov/WasteManagement/Search.aspx?dbid=0&searchcommand=%7B%5BWM%5D:%5BProgram_ID%5D%20%3D%20%22*NONCD0000023*%22%7D,7/2/2026 12:00:00 AM,-79.9198749999999,36.044725
48764,NONCD0000025,RANGE ROAD BURN SITE,RANGE ROAD,BUTNER,GRANVILLE,36.16504,-78.78184,ON SCREEN PLACEMENT ON GEOREFERENCED MAP,ACMEMAPPER,FALSE,FALSE,https://edocs.deq.nc.gov/WasteManagement/Search.aspx?dbid=0&searchcommand=%7B%5BWM%5D:%5BProgram_ID%5D%20%3D%20%22*NONCD0000024*%22%7D,7/2/2026 12:00:00 AM,-78.78184,36.16504
48765,NONCD0000027,MEADOWVIEW ROAD,MEADOWVIEW ROAD,GREENSBORO,GUILFORD,36.0389,-79.78576,ON SCREEN PLACEMENT ON GEOREFERENCED MAP,ACMEMAPPER,FALSE,FALSE,https://edocs.deq.nc.gov/WasteManagement/Search.aspx?dbid=0&searchcommand=%7B%5BWM%5D:%5BProgram_ID%5D%20%3D%20%22*NONCD0000025*%22%7D,7/2/2026 12:00:00 AM,-79.78576,36.0389000000001
48766,NONCD0000029,FLEET AEROSPACE CORP./AERONCA,BROOKFORD STREET,CHARLOTTE,MECKLENBURG,35.12361,-80.94083,ON SCREEN PLACEMENT ON GEOREFERENCED MAP,ESRI AGOL BASE MAP,TRUE,FALSE,https://edocs.deq.nc.gov/WasteManagement/Search.aspx?dbid=0&searchcommand=%7B%5BWM%5D:%5BProgram_ID%5D%20%3D%20%22*NONCD0000027*%22%7D,7/2/2026 12:00:00 AM,-80.9408299999999,35.12361
48767,NONCD0000030,COLLINS AND AIKMAN,327 EAST ELM ST.,GRAHAM,ALAMANCE,36.06978,-79.39339,ON SCREEN PLACEMENT ON GEOREFERENCED MAP,ACMEMAPPER,FALSE,FALSE,https://edocs.deq.nc.gov/WasteManagement/Search.aspx?dbid=0&searchcommand=%7B%5BWM%5D:%5BProgram_ID%5D%20%3D%20%22*NONCD0000029*%22%7D,7/2/2026 12:00:00 AM,-79.39339,36.06978
48768,NONCD0000032,ASHEVILLE COAL GAS PLANT #2,173 S CHAROTTE STREET,ASHEVILLE,BUNCOMBE,35.58984,-82.55041,ON SCREEN PLACEMENT ON GEOREFERENCED MAP,ACMEMAPPER,FALSE,TRUE,https://edocs.deq.nc.gov/WasteManagement/Search.aspx?dbid=0&searchcommand=%7B%5BWM%5D:%5BProgram_ID%5D%20%3D%20%22*NONCD0000030*%22%7D,7/2/2026 12:00:00 AM,-82.5504099999999,35.58984
48769,NONCD0000033,SPRINGS IND/UNIGLASS IND.,535 CONNER ST.,STATESVILLE,IREDELL,35.774826,-80.893761,ON SCREEN PLACEMENT ON GEOREFERENCED MAP,ACMEMAPPER,FALSE,FALSE,https://edocs.deq.nc.gov/WasteManagement/Search.aspx?dbid=0&searchcommand=%7B%5BWM%5D:%5BProgram_ID%5D%20%3D%20%22*NONCD0000032*%22%7D,7/2/2026 12:00:00 AM,-80.893761,35.7748260000001
48770,NONCD0000034,ASHEVILLE INDUSTRIES,20 GLEN BRIDGE RD/SR3495,ARDEN,BUNCOMBE,35.465094,-82.520052,ON SCREEN PLACEMENT ON GEOREFERENCED MAP,ACMEMAPPER,FALSE,FALSE,https://edocs.deq.nc.gov/WasteManagement/Search.aspx?dbid=0&searchcommand=%7B%5BWM%5D:%5BProgram_ID%5D%20%3D%20%22*NONCD0000033*%22%7D,7/2/2026 12:00:00 AM,-82.520052,35.4650940000001
48771,NONCD0000038,AYCOCK PROPERTY,SR 1162 & 1103,WILSON,WILSON,35.68508,-77.98735,ON SCREEN PLACEMENT ON GEOREFERENCED MAP,ACMEMAPPER,FALSE,FALSE,https://edocs.deq.nc.gov/WasteManagement/Search.aspx?dbid=0&searchcommand=%7B%5BWM%5D:%5BProgram_ID%5D%20%3D%20%22*NONCD0000034*%22%7D,7/2/2026 12:00:00 AM,-77.9873499999999,35.68508
48772,NONCD0000040,ABBOTT LABORATORIES,HWYS 401 AND 15-501,LAURINBURG,SCOTLAND,34.79964,-79.45545,ON SCREEN PLACEMENT ON GEOREFERENCED MAP,ACMEMAPPER,FALSE,TRUE,https://edocs.deq.nc.gov/WasteManagement/Search.aspx?dbid=0&searchcommand=%7B%5BWM%5D:%5BProgram_ID%5D%20%3D%20%22*NONCD0000038*%22%7D,7/2/2026 12:00:00 AM,-79.45545,34.7996400000001
48773,NONCD0000041,CIBA-GEIGY,WESTINGHOUSE BLVD,CHARLOTTE,MECKLENBURG,35.13276,-80.96214,ON SCREEN PLACEMENT ON GEOREFERENCED MAP,ACMEMAPPER,FALSE,TRUE,https://edocs.deq.nc.gov/WasteManagement/Search.aspx?dbid=0&searchcommand=%7B%5BWM%5D:%5BProgram_ID%5D%20%3D%20%22*NONCD0000040*%22%7D,7/2/2026 12:00:00 AM,-80.96214,35.1327600000001
48774,NONCD0000043,GOLDSBORO IRON & METAL,801 N JOHN ST,GOLDSBORO,WAYNE,35.3935,-77.99165,ON SCREEN PLACEMENT ON GEOREFERENCED MAP,ACMEMAPPER,FALSE,FALSE,https://edocs.deq.nc.gov/WasteManagement/Search.aspx?dbid=0&searchcommand=%7B%5BWM%5D:%5BProgram_ID%5D%20%3D%20%22*NONCD0000041*%22%7D,7/2/2026 12:00:00 AM,-77.9916499999999,35.3935000000001
48775,NONCD0000044,"CHEMICAL AND SOLVENTS, INC.",2804 PATTERSON STREET,GREENSBORO,GUILFORD,36.05763,-79.840498,ON SCREEN PLACEMENT ON GEOREFERENCED MAP,ACMEMAPPER,FALSE,FALSE,https://edocs.deq.nc.gov/WasteManagement/Search.aspx?dbid=0&searchcommand=%7B%5BWM%5D:%5BProgram_ID%5D%20%3D%20%22*NONCD0000043*%22%7D,7/2/2026 12:00:00 AM,-79.840498,36.0576300000001
48776,NONCD0000045,ALCAN PACKAGING,3055 SWEETEN CREEK RD,ASHEVILLE,BUNCOMBE,35.50118,-82.51685,ON SCREEN PLACEMENT ON GEOREFERENCED MAP,ACMEMAPPER,FALSE,FALSE,https://edocs.deq.nc.gov/WasteManagement/Search.aspx?dbid=0&searchcommand=%7B%5BWM%5D:%5BProgram_ID%5D%20%3D%20%22*NONCD0000044*%22%7D,7/2/2026 12:00:00 AM,-82.51685,35.50118
48777,NONCD0000047,MEADS AIRFIELD PESTICIDES,SR 1100,WEEKSVILLE,PASQUOTANK,36.19553,-76.2355,ON SCREEN PLACEMENT ON GEOREFERENCED MAP,ACMEMAPPER,FALSE,FALSE,https://edocs.deq.nc.gov/WasteManagement/Search.aspx?dbid=0&searchcommand=%7B%5BWM%5D:%5BProgram_ID%5D%20%3D%20%22*NONCD0000045*%22%7D,7/2/2026 12:00:00 AM,-76.2354999999999,36.1955300000001
48778,NONCD0000050,HWY 268 MIRROR WASTE DUMP,HWY 268,NORTH WILKESBORO,WILKES,36.18888,-81.1206,ON SCREEN PLACEMENT ON GEOREFERENCED MAP,ACMEMAPPER,TRUE,FALSE,https://edocs.deq.nc.gov/WasteManagement/Search.aspx?dbid=0&searchcommand=%7B%5BWM%5D:%5BProgram_ID%5D%20%3D%20%22*NONCD0000047*%22%7D,7/2/2026 12:00:00 AM,-81.1206,36.18888
48779,NONCD0000053,CAROLINA MARBLE CO.,INDIAN MOUND ROAD,ALBEMARLE,STANLY,35.27852,-80.11719,ON SCREEN PLACEMENT ON GEOREFERENCED MAP,ACMEMAPPER,FALSE,FALSE,https://edocs.deq.nc.gov/WasteManagement/Search.aspx?dbid=0&searchcommand=%7B%5BWM%5D:%5BProgram_ID%5D%20%3D%20%22*NONCD0000050*%22%7D,7/2/2026 12:00:00 AM,-80.1171899999999,35.2785200000001
48780,NONCD0000054,MOORES COMPANY,US 1 BUSINESS & SR 1001,HENDERSON,VANCE,36.35039,-78.37707,ON SCREEN PLACEMENT ON GEOREFERENCED MAP,ACMEMAPPER,FALSE,FALSE,https://edocs.deq.nc.gov/WasteManagement/Search.aspx?dbid=0&searchcommand=%7B%5BWM%5D:%5BProgram_ID%5D%20%3D%20%22*NONCD0000053*%22%7D,7/2/2026 12:00:00 AM,-78.3770699999999,36.3503900000001
48781,NONCD0000055,GLISSON ENTERPRISES,HWY 903,GREENVILLE,PITT,35.67633,-77.34663,ON SCREEN PLACEMENT ON GEOREFERENCED MAP,ACMEMAPPER,FALSE,FALSE,https://edocs.deq.nc.gov/WasteManagement/Search.aspx?dbid=0&searchcommand=%7B%5BWM%5D:%5BProgram_ID%5D%20%3D%20%22*NONCD0000054*%22%7D,7/2/2026 12:00:00 AM,-77.3466299999999,35.6763300000001
48782,NONCD0000056,JAMES LANDFILL,HWY 74 & SR 1369,LAURINBURG,SCOTLAND,34.7656,-79.39199,ON SCREEN PLACEMENT ON GEOREFERENCED MAP,ACMEMAPPER,TRUE,FALSE,https://edocs.deq.nc.gov/WasteManagement/Search.aspx?dbid=0&searchcommand=%7B%5BWM%5D:%5BProgram_ID%5D%20%3D%20%22*NONCD0000055*%22%7D,7/2/2026 12:00:00 AM,-79.39199,34.7656000000001
48783,NONCD0000059,DAYCO COCHRAN LANDFILL,RT 1 HYATT CREEK ROAD,WAYNESVILLE,HAYWOOD,35.476968,-83.048741,ON SCREEN PLACEMENT ON GEOREFERENCED MAP,ESRI AGOL BASE MAP,FALSE,FALSE,https://edocs.deq.nc.gov/WasteManagement/Search.aspx?dbid=0&searchcommand=%7B%5BWM%5D:%5BProgram_ID%5D%20%3D%20%22*NONCD0000056*%22%7D,7/2/2026 12:00:00 AM,-83.0487409999999,35.4769680000001
48784,NONCD0000060,WATTS REGULATOR-GENERAL AIDES SITE,WITHROW ROAD,FOREST CITY,RUTHERFORD,35.342067,-81.896283,ON SCREEN PLACEMENT ON GEOREFERENCED MAP,ACMEMAPPER,FALSE,FALSE,https://edocs.deq.nc.gov/WasteManagement/Search.aspx?dbid=0&searchcommand=%7B%5BWM%5D:%5BProgram_ID%5D%20%3D%20%22*NONCD0000059*%22%7D,7/2/2026 12:00:00 AM,-81.896283,35.342067
48785,NONCD0000065,CMI INDUSTRIES,304 EAST MAIN STREET,ELKIN,SURRY,36.24557,-80.84395,ON SCREEN PLACEMENT ON GEOREFERENCED MAP,ACMEMAPPER,FALSE,FALSE,https://edocs.deq.nc.gov/WasteManagement/Search.aspx?dbid=0&searchcommand=%7B%5BWM%5D:%5BProgram_ID%5D%20%3D%20%22*NONCD0000060*%22%7D,7/2/2026 12:00:00 AM,-80.8439499999999,36.24557
48786,NONCD0000066,WAKE AUTO PARTS (FORMER),3520 TRYON RD,RALEIGH,WAKE,35.74788,-78.69858,ON SCREEN PLACEMENT ON GEOREFERENCED MAP,ACMEMAPPER,FALSE,FALSE,https://edocs.deq.nc.gov/WasteManagement/Search.aspx?dbid=0&searchcommand=%7B%5BWM%5D:%5BProgram_ID%5D%20%3D%20%22*NONCD0000065*%22%7D,7/2/2026 12:00:00 AM,-78.6985799999999,35.7478800000001
48787,NONCD0000070,BENFIELD SANITATION SERVICE,282 SCOTTS CREEK ROAD,STATESVILLE,IREDELL,35.83321,-80.93094,ON SCREEN PLACEMENT ON GEOREFERENCED MAP,ESRI AGOL BASE MAP,FALSE,FALSE,https://edocs.deq.nc.gov/WasteManagement/Search.aspx?dbid=0&searchcommand=%7B%5BWM%5D:%5BProgram_ID%5D%20%3D%20%22*NONCD0000066*%22%7D,7/2/2026 12:00:00 AM,-80.93094,35.8332100000001
48788,NONCD0000071,STROH BREWERY CO,4000 OLD MILWAUKEE LANE,WINSTON-SALEM,FORSYTH,36.035666,-80.224278,ON SCREEN PLACEMENT ON GEOREFERENCED MAP,ACMEMAPPER,FALSE,FALSE,https://edocs.deq.nc.gov/WasteManagement/Search.aspx?dbid=0&searchcommand=%7B%5BWM%5D:%5BProgram_ID%5D%20%3D%20%22*NONCD0000070*%22%7D,7/2/2026 12:00:00 AM,-80.224278,36.035666
48789,NONCD0000073,H. M. WADE FURNITURE,SOUTH GRAHAM STREET,CHARLOTTE,MECKLENBURG,35.22648,-80.85271,ON SCREEN PLACEMENT ON GEOREFERENCED MAP,ACMEMAPPER,FALSE,FALSE,https://edocs.deq.nc.gov/WasteManagement/Search.aspx?dbid=0&searchcommand=%7B%5BWM%5D:%5BProgram_ID%5D%20%3D%20%22*NONCD0000071*%22%7D,7/2/2026 12:00:00 AM,-80.8527099999999,35.22648
48790,NONCD0000074,TEXTILE CHEMICAL FACILITY,GRAHAM STREET,CHARLOTTE,MECKLENBURG,35.22721,-80.85173,ON SCREEN PLACEMENT ON GEOREFERENCED MAP,ACMEMAPPER,FALSE,FALSE,https://edocs.deq.nc.gov/WasteManagement/Search.aspx?dbid=0&searchcommand=%7B%5BWM%5D:%5BProgram_ID%5D%20%3D%20%22*NONCD0000073*%22%7D,7/2/2026 12:00:00 AM,-80.85173,35.2272100000001
48791,NONCD0000075,FOAMEX/REEVES BROTHERS,18801 OLD STATESVILLE RD,CORNELIUS,MECKLENBURG,35.46574,-80.84967,ON SCREEN PLACEMENT ON GEOREFERENCED MAP,ACMEMAPPER,FALSE,FALSE,https://edocs.deq.nc.gov/WasteManagement/Search.aspx?dbid=0&searchcommand=%7B%5BWM%5D:%5BProgram_ID%5D%20%3D%20%22*NONCD0000074*%22%7D,7/2/2026 12:00:00 AM,-80.8496699999999,35.46574
48792,NONCD0000078,CAROLINA METAL AND ALLOYS,1016 E. SPRINGFIELD AVENUE,HIGH POINT,GUILFORD,35.933168,-79.969245,GEOCODE (ADDRESS MATCH),ESRI AGOL BASE MAP,FALSE,FALSE,https://edocs.deq.nc.gov/WasteManagement/Search.aspx?dbid=0&searchcommand=%7B%5BWM%5D:%5BProgram_ID%5D%20%3D%20%22*NONCD0000075*%22%7D,7/2/2026 12:00:00 AM,-79.9692449999999,35.9331680000001
48793,NONCD0000081,"TRITON, INC",1610 SOUTH WARD BLVD,WILSON,WILSON,35.70665,-77.91317,ON SCREEN PLACEMENT ON GEOREFERENCED MAP,ESRI AGOL BASE MAP,FALSE,FALSE,https://edocs.deq.nc.gov/WasteManagement/Search.aspx?dbid=0&searchcommand=%7B%5BWM%5D:%5BProgram_ID%5D%20%3D%20%22*NONCD0000078*%22%7D,7/2/2026 12:00:00 AM,-77.91317,35.70665
48794,NONCD0000082,CAPE FEAR CHEMICALS/HL BRICE,HWY 701 S,ELIZABETHTOWN,BLADEN,34.57088,-78.63359,ON SCREEN PLACEMENT ON GEOREFERENCED MAP,ACMEMAPPER,FALSE,FALSE,https://edocs.deq.nc.gov/WasteManagement/Search.aspx?dbid=0&searchcommand=%7B%5BWM%5D:%5BProgram_ID%5D%20%3D%20%22*NONCD0000081*%22%7D,7/2/2026 12:00:00 AM,-78.63359,34.57088
48795,NONCD0000084,"THERMO PRODUCTS, INC.",92 W 4TH ST & 430 N JONES ST,DENTON,DAVIDSON,35.63909,-80.11542,ON SCREEN PLACEMENT ON GEOREFERENCED MAP,ACMEMAPPER,FALSE,TRUE,https://edocs.deq.nc.gov/WasteManagement/Search.aspx?dbid=0&searchcommand=%7B%5BWM%5D:%5BProgram_ID%5D%20%3D%20%22*NONCD0000082*%22%7D,7/2/2026 12:00:00 AM,-80.11542,35.6390900000001
48796,NONCD0000085,JONES & PRESNELL STUDIO,433 LAWTON ROAD,CHARLOTTE,MECKLENBURG,35.274876,-80.882307,ON SCREEN PLACEMENT ON GEOREFERENCED MAP,ACMEMAPPER,FALSE,FALSE,https://edocs.deq.nc.gov/WasteManagement/Search.aspx?dbid=0&searchcommand=%7B%5BWM%5D:%5BProgram_ID%5D%20%3D%20%22*NONCD0000084*%22%7D,7/2/2026 12:00:00 AM,-80.882307,35.2748760000001
48797,NONCD0000088,TRANS TECHNOLOGY,5535 WILKINSON BLVD,CHARLOTTE,MECKLENBURG,35.23234,-80.93217,ON SCREEN PLACEMENT ON GEOREFERENCED MAP,ACMEMAPPER,FALSE,FALSE,https://edocs.deq.nc.gov/WasteManagement/Search.aspx?dbid=0&searchcommand=%7B%5BWM%5D:%5BProgram_ID%5D%20%3D%20%22*NONCD0000085*%22%7D,7/2/2026 12:00:00 AM,-80.93217,35.2323400000001
48798,NONCD0000089,JOHN MORRELL & CO,2401 WILCO BLVD S,WILSON,WILSON,35.69397,-77.91976,ON SCREEN PLACEMENT ON GEOREFERENCED MAP,ACMEMAPPER,FALSE,FALSE,https://edocs.deq.nc.gov/WasteManagement/Search.aspx?dbid=0&searchcommand=%7B%5BWM%5D:%5BProgram_ID%5D%20%3D%20%22*NONCD0000088*%22%7D,7/2/2026 12:00:00 AM,-77.9197599999999,35.69397
48799,NONCD0000091,DUKE POWER/WALNUT COVE,POWER HOUSE ROAD,WALNUT COVE,STOKES,36.36871,-80.12745,ON SCREEN PLACEMENT ON GEOREFERENCED MAP,ACMEMAPPER,FALSE,FALSE,https://edocs.deq.nc.gov/WasteManagement/Search.aspx?dbid=0&searchcommand=%7B%5BWM%5D:%5BProgram_ID%5D%20%3D%20%22*NONCD0000089*%22%7D,7/2/2026 12:00:00 AM,-80.12745,36.3687100000001
48800,NONCD0000092,FUNDER AMERICA,200 FUNDER RD,MOCKSVILLE,DAVIE,35.90057,-80.54102,ON SCREEN PLACEMENT ON GEOREFERENCED MAP,ACMEMAPPER,TRUE,FALSE,https://edocs.deq.nc.gov/WasteManagement/Search.aspx?dbid=0&searchcommand=%7B%5BWM%5D:%5BProgram_ID%5D%20%3D%20%22*NONCD0000091*%22%7D,7/2/2026 12:00:00 AM,-80.5410199999999,35.9005700000001
48801,NONCD0000097,"MORRIS, NORMAN",HIGHWAY 87 NORTH,ELON COLLEGE,ALAMANCE,36.14082,-79.49012,ON SCREEN PLACEMENT ON GEOREFERENCED MAP,ACMEMAPPER,FALSE,FALSE,https://edocs.deq.nc.gov/WasteManagement/Search.aspx?dbid=0&searchcommand=%7B%5BWM%5D:%5BProgram_ID%5D%20%3D%20%22*NONCD0000092*%22%7D,7/2/2026 12:00:00 AM,-79.4901199999999,36.1408200000001
48802,NONCD0000099,PARTONS MOTOR COMPANY,2800 SOUTH YORK ROAD,GASTONIA,GASTON,35.227128,-81.198731,ON SCREEN PLACEMENT ON GEOREFERENCED MAP,ACMEMAPPER,FALSE,FALSE,https://edocs.deq.nc.gov/WasteManagement/Search.aspx?dbid=0&searchcommand=%7B%5BWM%5D:%5BProgram_ID%5D%20%3D%20%22*NONCD0000097*%22%7D,7/2/2026 12:00:00 AM,-81.198731,35.2271280000001
48803,NONCD0001005,TRANSEASTERN CORP.,509 S LODGE ST,WILSON,WILSON,35.718895,-77.914454,ON SCREEN PLACEMENT ON GEOREFERENCED MAP,ACMEMAPPER,FALSE,FALSE,https://edocs.deq.nc.gov/WasteManagement/Search.aspx?dbid=0&searchcommand=%7B%5BWM%5D:%5BProgram_ID%5D%20%3D%20%22*NONCD0000099*%22%7D,7/2/2026 12:00:00 AM,-77.914454,35.718895
48804,NONCD0001009,SINGER PLANT #2,VIRGINIA STREET,LENOIR,CALDWELL,35.89619,-81.5525,ON SCREEN PLACEMENT ON GEOREFERENCED MAP,ACMEMAPPER,FALSE,FALSE,https://edocs.deq.nc.gov/WasteManagement/Search.aspx?dbid=0&searchcommand=%7B%5BWM%5D:%5BProgram_ID%5D%20%3D%20%22*NONCD0001005*%22%7D,7/2/2026 12:00:00 AM,-81.5525,35.89619
48805,NONCD0001011,JUNG CORPORATION,718-720 INDUSTRIAL PARK AVE,ASHEBORO,RANDOLPH,35.67663,-79.82815,ON SCREEN PLACEMENT ON GEOREFERENCED MAP,ACMEMAPPER,FALSE,FALSE,https://edocs.deq.nc.gov/WasteManagement/Search.aspx?dbid=0&searchcommand=%7B%5BWM%5D:%5BProgram_ID%5D%20%3D%20%22*NONCD0001009*%22%7D,7/2/2026 12:00:00 AM,-79.8281499999999,35.67663
48806,NONCD0001014,SOUTHERN STATES-LUMBERTON FERTILIZER,875 OLD WHITEVILLE RD,LUMBERTON,ROBESON,34.60474,-78.97716,ON SCREEN PLACEMENT ON GEOREFERENCED MAP,ACMEMAPPER,FALSE,FALSE,https://edocs.deq.nc.gov/WasteManagement/Search.aspx?dbid=0&searchcommand=%7B%5BWM%5D:%5BProgram_ID%5D%20%3D%20%22*NONCD0001011*%22%7D,7/2/2026 12:00:00 AM,-78.97716,34.60474
48807,NONCD0001015,MARY CIRCLE BATTERY,ZION CHURCH & MARY CRL,CONCORD,CABARRUS,35.34198,-80.57686,ON SCREEN PLACEMENT ON GEOREFERENCED MAP,ACMEMAPPER,FALSE,FALSE,https://edocs.deq.nc.gov/WasteManagement/Search.aspx?dbid=0&searchcommand=%7B%5BWM%5D:%5BProgram_ID%5D%20%3D%20%22*NONCD0001014*%22%7D,7/2/2026 12:00:00 AM,-80.57686,35.34198
48808,NONCD0001016,ROYSTER-CLARK FERTILIZER PLANT,1598 HINES RD,OAK CITY,MARTIN,35.95006,-77.29278,ON SCREEN PLACEMENT ON GEOREFERENCED MAP,ACMEMAPPER,FALSE,FALSE,https://edocs.deq.nc.gov/WasteManagement/Search.aspx?dbid=0&searchcommand=%7B%5BWM%5D:%5BProgram_ID%5D%20%3D%20%22*NONCD0001015*%22%7D,7/2/2026 12:00:00 AM,-77.2927799999999,35.9500600000001
48809,NONCD0001018,HWY 49 BATTERY DUMP,NC HIGHWAY 49,CHARLOTTE,MECKLENBURG,35.16532,-80.91095,ON SCREEN PLACEMENT ON GEOREFERENCED MAP,ACMEMAPPER,FALSE,FALSE,https://edocs.deq.nc.gov/WasteManagement/Search.aspx?dbid=0&searchcommand=%7B%5BWM%5D:%5BProgram_ID%5D%20%3D%20%22*NONCD0001016*%22%7D,7/2/2026 12:00:00 AM,-80.91095,35.1653200000001
48810,NONCD0001020,"PRECISION FABRICS GROUP, INC",301 MEADOWVIEW ROAD,GREENSBORO,GUILFORD,36.039613,-79.786649,ON SCREEN PLACEMENT ON GEOREFERENCED MAP,ACMEMAPPER,FALSE,TRUE,https://edocs.deq.nc.gov/WasteManagement/Search.aspx?dbid=0&searchcommand=%7B%5BWM%5D:%5BProgram_ID%5D%20%3D%20%22*NONCD0001018*%22%7D,7/2/2026 12:00:00 AM,-79.786649,36.039613
48811,NONCD0001022,GIBBS ELECTROPLATING - OLD LOCATION,2229 N DAVIDSON,CHARLOTTE,MECKLENBURG,35.24019,-80.81461,ON SCREEN PLACEMENT ON GEOREFERENCED MAP,ACMEMAPPER,FALSE,FALSE,https://edocs.deq.nc.gov/WasteManagement/Search.aspx?dbid=0&searchcommand=%7B%5BWM%5D:%5BProgram_ID%5D%20%3D%20%22*NONCD0001020*%22%7D,7/2/2026 12:00:00 AM,-80.81461,35.24019
48812,NONCD0001023,HEAVY EQUIPMENT SCHOOL,HEAVY EQUIPMENT ROAD,CHARLOTTE,MECKLENBURG,35.26335,-81.00361,ON SCREEN PLACEMENT ON GEOREFERENCED MAP,ACMEMAPPER,FALSE,FALSE,https://edocs.deq.nc.gov/WasteManagement/Search.aspx?dbid=0&searchcommand=%7B%5BWM%5D:%5BProgram_ID%5D%20%3D%20%22*NONCD0001022*%22%7D,7/2/2026 12:00:00 AM,-81.00361,35.2633500000001
48813,NONCD0001025,TOOMEY PROPERTY,1020 HICKORY GROVE ROAD,SPRINGWOOD,GASTON,35.272646,-81.062921,ON SCREEN PLACEMENT ON GEOREFERENCED MAP,ACMEMAPPER,FALSE,FALSE,https://edocs.deq.nc.gov/WasteManagement/Search.aspx?dbid=0&searchcommand=%7B%5BWM%5D:%5BProgram_ID%5D%20%3D%20%22*NONCD0001023*%22%7D,7/2/2026 12:00:00 AM,-81.062921,35.2726460000001
48814,NONCD0001027,JAKE ALEXANDER BLVD SITE,1709 JAKE ALEXANDER BLVD S,SALISBURY,ROWAN,35.64226,-80.46976,ON SCREEN PLACEMENT ON GEOREFERENCED MAP,ACMEMAPPER,FALSE,FALSE,https://edocs.deq.nc.gov/WasteManagement/Search.aspx?dbid=0&searchcommand=%7B%5BWM%5D:%5BProgram_ID%5D%20%3D%20%22*NONCD0001025*%22%7D,7/2/2026 12:00:00 AM,-80.46976,35.6422600000001
48815,NONCD0001029,R & D LAMINATORS INC,HOLLOMAN ROAD (SR 1187),AHOSKIE,HERTFORD,36.2744,-77.0207,ON SCREEN PLACEMENT ON GEOREFERENCED MAP,ACMEMAPPER,FALSE,FALSE,https://edocs.deq.nc.gov/WasteManagement/Search.aspx?dbid=0&searchcommand=%7B%5BWM%5D:%5BProgram_ID%5D%20%3D%20%22*NONCD0001027*%22%7D,7/2/2026 12:00:00 AM,-77.0207,36.2744000000001
48816,NONCD0001030,BLR,2911 JUNO DR,SANFORD,LEE,35.44764,-79.14048,ON SCREEN PLACEMENT ON GEOREFERENCED MAP,ACMEMAPPER,FALSE,FALSE,https://edocs.deq.nc.gov/WasteManagement/Search.aspx?dbid=0&searchcommand=%7B%5BWM%5D:%5BProgram_ID%5D%20%3D%20%22*NONCD0001029*%22%7D,7/2/2026 12:00:00 AM,-79.14048,35.44764
48817,NONCD0001033,AMERICAN CONTRACT COATINGS,HWY 55,APEX,WAKE,35.70836,-78.82536,ON SCREEN PLACEMENT ON GEOREFERENCED MAP,ACMEMAPPER,FALSE,FALSE,https://edocs.deq.nc.gov/WasteManagement/Search.aspx?dbid=0&searchcommand=%7B%5BWM%5D:%5BProgram_ID%5D%20%3D%20%22*NONCD0001030*%22%7D,7/2/2026 12:00:00 AM,-78.82536,35.70836
48818,NONCD0001034,SALEM ST RESIDENTIAL DUMP,125 SALEM ST,THOMASVILLE,DAVIDSON,35.88648,-80.08308,ON SCREEN PLACEMENT ON GEOREFERENCED MAP,ACMEMAPPER,FALSE,FALSE,https://edocs.deq.nc.gov/WasteManagement/Search.aspx?dbid=0&searchcommand=%7B%5BWM%5D:%5BProgram_ID%5D%20%3D%20%22*NONCD0001033*%22%7D,7/2/2026 12:00:00 AM,-80.0830799999999,35.8864800000001
48819,NONCD0001036,NORWOOD STREET SOLVENTS,2400 BLOCK OF NORWOOD STREET,LENOIR,CALDWELL,35.86759,-81.50911,ON SCREEN PLACEMENT ON GEOREFERENCED MAP,GOOGLE MAPS,FALSE,FALSE,https://edocs.deq.nc.gov/WasteManagement/Search.aspx?dbid=0&searchcommand=%7B%5BWM%5D:%5BProgram_ID%5D%20%3D%20%22*NONCD0001034*%22%7D,7/2/2026 12:00:00 AM,-81.50911,35.8675900000001
48820,NONCD0001037,WEST BLVD,224 & 228 WEST BLVD,CHARLOTTE,MECKLENBURG,35.2139,-80.86128,ON SCREEN PLACEMENT ON GEOREFERENCED MAP,ACMEMAPPER,FALSE,FALSE,https://edocs.deq.nc.gov/WasteManagement/Search.aspx?dbid=0&searchcommand=%7B%5BWM%5D:%5BProgram_ID%5D%20%3D%20%22*NONCD0001036*%22%7D,7/2/2026 12:00:00 AM,-80.86128,35.2139
48821,NONCD0001038,BRYANT FARM DRUM DUMP,W OF NC 86 400 FT S OF VA LINE,GATEWOOD,CASWELL,36.54078,-79.40772,ON SCREEN PLACEMENT ON GEOREFERENCED MAP,ACMEMAPPER,FALSE,FALSE,https://edocs.deq.nc.gov/WasteManagement/Search.aspx?dbid=0&searchcommand=%7B%5BWM%5D:%5BProgram_ID%5D%20%3D%20%22*NONCD0001037*%22%7D,7/2/2026 12:00:00 AM,-79.40772,36.54078
48822,NONCD0001039,OVERCASH GRAVEL & GRADING CO. INC.,1150 SHELTON ROAD,CONCORD,CABARRUS,35.36828,-80.69251,GEOCODE (ADDRESS MATCH),ESRI AGOL BASE MAP,FALSE,FALSE,https://edocs.deq.nc.gov/WasteManagement/Search.aspx?dbid=0&searchcommand=%7B%5BWM%5D:%5BProgram_ID%5D%20%3D%20%22*NONCD0001038*%22%7D,7/2/2026 12:00:00 AM,-80.69251,35.36828
48823,NONCD0001042,WILMINGTON SOUTH LINE & SERVICE YD,6854 CAROLINA BEACH RD,WILMINGTON,NEW HANOVER,34.085373,-77.895982,ON SCREEN PLACEMENT ON GEOREFERENCED MAP,ACMEMAPPER,FALSE,FALSE,https://edocs.deq.nc.gov/WasteManagement/Search.aspx?dbid=0&searchcommand=%7B%5BWM%5D:%5BProgram_ID%5D%20%3D%20%22*NONCD0001039*%22%7D,7/2/2026 12:00:00 AM,-77.8959819999999,34.0853730000001
48824,NONCD0001046,B&H RECYCLERS,7256 US 74 W,POLKTON,ANSON,35.00345,-80.18985,ON SCREEN PLACEMENT ON GEOREFERENCED MAP,ACMEMAPPER,FALSE,FALSE,https://edocs.deq.nc.gov/WasteManagement/Search.aspx?dbid=0&searchcommand=%7B%5BWM%5D:%5BProgram_ID%5D%20%3D%20%22*NONCD0001042*%22%7D,7/2/2026 12:00:00 AM,-80.18985,35.00345
48825,NONCD0001048,LEXINGTON FURNITURE IND. PLNT NO 2,3979 OLD LINWOOD ROAD,LEXINGTON,DAVIDSON,35.764086,-80.311796,ON SCREEN PLACEMENT ON GEOREFERENCED MAP,ACMEMAPPER,FALSE,FALSE,https://edocs.deq.nc.gov/WasteManagement/Search.aspx?dbid=0&searchcommand=%7B%5BWM%5D:%5BProgram_ID%5D%20%3D%20%22*NONCD0001046*%22%7D,7/2/2026 12:00:00 AM,-80.311796,35.7640860000001
48826,NONCD0001049,LEXINGTON FURNITURE IND. PLNT NO 7,178 LFI COMPLEX LANE,LEXINGTON,DAVIDSON,35.79818,-80.28637,ON SCREEN PLACEMENT ON GEOREFERENCED MAP,ACMEMAPPER,FALSE,FALSE,https://edocs.deq.nc.gov/WasteManagement/Search.aspx?dbid=0&searchcommand=%7B%5BWM%5D:%5BProgram_ID%5D%20%3D%20%22*NONCD0001048*%22%7D,7/2/2026 12:00:00 AM,-80.28637,35.7981800000001
48827,NONCD0001050,LEXINGTON FURNITURE IND. PLNT NO 12,3301 COTTON GROVE LANE,LEXINGTON,DAVIDSON,35.76762,-80.26105,ON SCREEN PLACEMENT ON GEOREFERENCED MAP,ACMEMAPPER,FALSE,FALSE,https://edocs.deq.nc.gov/WasteManagement/Search.aspx?dbid=0&searchcommand=%7B%5BWM%5D:%5BProgram_ID%5D%20%3D%20%22*NONCD0001049*%22%7D,7/2/2026 12:00:00 AM,-80.26105,35.7676200000001
48828,NONCD0001052,THOMASVILLE FURNITURE,151 SMETHPORT DRIVE,WEST JEFFERSON,ASHE,36.43087,-81.50141,ON SCREEN PLACEMENT ON GEOREFERENCED MAP,ACMEMAPPER,FALSE,FALSE,https://edocs.deq.nc.gov/WasteManagement/Search.aspx?dbid=0&searchcommand=%7B%5BWM%5D:%5BProgram_ID%5D%20%3D%20%22*NONCD0001050*%22%7D,7/2/2026 12:00:00 AM,-81.50141,36.43087
48829,NONCD0001054,WILLIAMS AUTO CENTER,401 D STREET,BRIDGETON,CRAVEN,35.11984,-77.0179,ON SCREEN PLACEMENT ON GEOREFERENCED MAP,ACMEMAPPER,FALSE,FALSE,https://edocs.deq.nc.gov/WasteManagement/Search.aspx?dbid=0&searchcommand=%7B%5BWM%5D:%5BProgram_ID%5D%20%3D%20%22*NONCD0001052*%22%7D,7/2/2026 12:00:00 AM,-77.0178999999999,35.1198400000001
48830,NONCD0001058,ELECTRONICS COMPONENT CORPORATION,200 ELECTRONICS PARKWAY,BURGAW,PENDER,34.543833,-77.926583,ON SCREEN PLACEMENT ON GEOREFERENCED MAP,ACMEMAPPER,FALSE,FALSE,https://edocs.deq.nc.gov/WasteManagement/Search.aspx?dbid=0&searchcommand=%7B%5BWM%5D:%5BProgram_ID%5D%20%3D%20%22*NONCD0001054*%22%7D,7/2/2026 12:00:00 AM,-77.9265829999999,34.5438330000001
48831,NONCD0001060,DIXIE MACHINE & TOOL CO,2204 PATTERSON ST,GREENSBORO,GUILFORD,36.059588,-79.830151,ON SCREEN PLACEMENT ON GEOREFERENCED MAP,ESRI AGOL BASE MAP,FALSE,FALSE,https://edocs.deq.nc.gov/WasteManagement/Search.aspx?dbid=0&searchcommand=%7B%5BWM%5D:%5BProgram_ID%5D%20%3D%20%22*NONCD0001058*%22%7D,7/2/2026 12:00:00 AM,-79.8301509999999,36.0595880000001
48832,NONCD0001061,CP&L NORTHERN DIVISION COMPLEX,902 WITHERS RD; SR 1466,GARNER,WAKE,35.73008,-78.66168,ON SCREEN PLACEMENT ON GEOREFERENCED MAP,ACMEMAPPER,FALSE,TRUE,https://edocs.deq.nc.gov/WasteManagement/Search.aspx?dbid=0&searchcommand=%7B%5BWM%5D:%5BProgram_ID%5D%20%3D%20%22*NONCD0001060*%22%7D,7/2/2026 12:00:00 AM,-78.66168,35.73008
48833,NONCD0001064,GUILFORD MILLS PLANT,200 DICKENS ROAD,FUQUAY-VARINA,WAKE,35.61444,-78.80669,ON SCREEN PLACEMENT ON GEOREFERENCED MAP,ACMEMAPPER,FALSE,TRUE,https://edocs.deq.nc.gov/WasteManagement/Search.aspx?dbid=0&searchcommand=%7B%5BWM%5D:%5BProgram_ID%5D%20%3D%20%22*NONCD0001061*%22%7D,7/2/2026 12:00:00 AM,-78.8066899999999,35.6144400000001
48834,NONCD0001066,DIMETRICS INC,404 ARMOUR STREET,DAVIDSON,MECKLENBURG,35.506961,-80.850158,ON SCREEN PLACEMENT ON GEOREFERENCED MAP,ACMEMAPPER,FALSE,FALSE,https://edocs.deq.nc.gov/WasteManagement/Search.aspx?dbid=0&searchcommand=%7B%5BWM%5D:%5BProgram_ID%5D%20%3D%20%22*NONCD0001064*%22%7D,7/2/2026 12:00:00 AM,-80.850158,35.506961
48835,NONCD0001067,CC DICKSON,1524 SOUTH BOULEVARD,CHARLOTTE,MECKLENBURG,35.214385,-80.85502,ON SCREEN PLACEMENT ON GEOREFERENCED MAP,ACMEMAPPER,FALSE,FALSE,https://edocs.deq.nc.gov/WasteManagement/Search.aspx?dbid=0&searchcommand=%7B%5BWM%5D:%5BProgram_ID%5D%20%3D%20%22*NONCD0001066*%22%7D,7/2/2026 12:00:00 AM,-80.85502,35.214385
48836,NONCD0001069,GENERAL MARBLE COMPANY,350 NORTH GENERALS BLVD,LINCOLNTON,LINCOLN,35.48727,-81.24291,ON SCREEN PLACEMENT ON GEOREFERENCED MAP,ACMEMAPPER,FALSE,FALSE,https://edocs.deq.nc.gov/WasteManagement/Search.aspx?dbid=0&searchcommand=%7B%5BWM%5D:%5BProgram_ID%5D%20%3D%20%22*NONCD0001067*%22%7D,7/2/2026 12:00:00 AM,-81.2429099999999,35.48727
48837,NONCD0001072,J & C DYEING,1000 WEST GROVER STREET,SHELBY,CLEVELAND,35.304176,-81.563656,ON SCREEN PLACEMENT ON GEOREFERENCED MAP,ACMEMAPPER,FALSE,FALSE,https://edocs.deq.nc.gov/WasteManagement/Search.aspx?dbid=0&searchcommand=%7B%5BWM%5D:%5BProgram_ID%5D%20%3D%20%22*NONCD0001069*%22%7D,7/2/2026 12:00:00 AM,-81.563656,35.304176
48838,NONCD0001074,OLD FORD BLDG,FIFTH ST,TABOR CITY,COLUMBUS,34.14903,-78.8775,ON SCREEN PLACEMENT ON GEOREFERENCED MAP,ACMEMAPPER,FALSE,FALSE,https://edocs.deq.nc.gov/WasteManagement/Search.aspx?dbid=0&searchcommand=%7B%5BWM%5D:%5BProgram_ID%5D%20%3D%20%22*NONCD0001072*%22%7D,7/2/2026 12:00:00 AM,-78.8774999999999,34.14903
48839,NONCD0001076,SOUTHSIDE INVESTMENTS LLC,2222 SOUTH BLVD,CHARLOTTE,MECKLENBURG,35.20622,-80.86202,ON SCREEN PLACEMENT ON GEOREFERENCED MAP,ACMEMAPPER,FALSE,FALSE,https://edocs.deq.nc.gov/WasteManagement/Search.aspx?dbid=0&searchcommand=%7B%5BWM%5D:%5BProgram_ID%5D%20%3D%20%22*NONCD0001074*%22%7D,7/2/2026 12:00:00 AM,-80.86202,35.20622
48840,NONCD0001077,CATAWISSA LUMBER CO,301 LOCUST ST,WEST JEFFERSON,ASHE,36.39610833,-81.49504444,ON SCREEN PLACEMENT ON GEOREFERENCED MAP,ACMEMAPPER,FALSE,FALSE,https://edocs.deq.nc.gov/WasteManagement/Search.aspx?dbid=0&searchcommand=%7B%5BWM%5D:%5BProgram_ID%5D%20%3D%20%22*NONCD0001076*%22%7D,7/2/2026 12:00:00 AM,-81.49504444,36.3961083300001
48841,NONCD0001082,CMI FLYASH DISPOSAL (PARCEL 2),HWY 268,ELKIN,SURRY,36.24555,-80.83809,ON SCREEN PLACEMENT ON GEOREFERENCED MAP,ACMEMAPPER,TRUE,FALSE,https://edocs.deq.nc.gov/WasteManagement/Search.aspx?dbid=0&searchcommand=%7B%5BWM%5D:%5BProgram_ID%5D%20%3D%20%22*NONCD0001077*%22%7D,7/2/2026 12:00:00 AM,-80.83809,36.24555
48842,NONCD0001083,TOXAWAY TANNING CO,MAIN ST,ROSMAN,TRANSYLVANIA,35.14498,-82.82512,ON SCREEN PLACEMENT ON GEOREFERENCED MAP,ACMEMAPPER,FALSE,FALSE,https://edocs.deq.nc.gov/WasteManagement/Search.aspx?dbid=0&searchcommand=%7B%5BWM%5D:%5BProgram_ID%5D%20%3D%20%22*NONCD0001082*%22%7D,7/2/2026 12:00:00 AM,-82.82512,35.14498
48843,NONCD0001084,HENDERSON COAL GAS PLANT,YADKIN STREET,HENDERSON,VANCE,36.3297043,-78.4241823,ON SCREEN PLACEMENT ON GEOREFERENCED MAP,ESRI AGOL BASE MAP,FALSE,TRUE,https://edocs.deq.nc.gov/WasteManagement/Search.aspx?dbid=0&searchcommand=%7B%5BWM%5D:%5BProgram_ID%5D%20%3D%20%22*NONCD0001083*%22%7D,7/2/2026 12:00:00 AM,-78.4241823,36.3297043000001
48844,NONCD0001085,HICKORY COAL GAS PLANT,625 12TH STREET DRIVE NW,HICKORY,CATAWBA,35.742291,-81.365318,ON SCREEN PLACEMENT ON GEOREFERENCED MAP,ESRI AGOL BASE MAP,FALSE,TRUE,https://edocs.deq.nc.gov/WasteManagement/Search.aspx?dbid=0&searchcommand=%7B%5BWM%5D:%5BProgram_ID%5D%20%3D%20%22*NONCD0001084*%22%7D,7/2/2026 12:00:00 AM,-81.3653179999999,35.7422910000001
48845,NONCD0001087,REIDSVILLE COAL GAS PLANT,825 WAY STREET,REIDSVILLE,ROCKINGHAM,36.3487,-79.66011,ON SCREEN PLACEMENT ON GEOREFERENCED MAP,ACMEMAPPER,FALSE,TRUE,https://edocs.deq.nc.gov/WasteManagement/Search.aspx?dbid=0&searchcommand=%7B%5BWM%5D:%5BProgram_ID%5D%20%3D%20%22*NONCD0001085*%22%7D,7/2/2026 12:00:00 AM,-79.66011,36.3487000000001
48846,NONCD0001089,GREENSBORO COAL GAS PLANT #1,CHURCH STREET,GREENSBORO,GUILFORD,36.072889,-79.786422,ON SCREEN PLACEMENT ON GEOREFERENCED MAP,ESRI AGOL BASE MAP,FALSE,TRUE,https://edocs.deq.nc.gov/WasteManagement/Search.aspx?dbid=0&searchcommand=%7B%5BWM%5D:%5BProgram_ID%5D%20%3D%20%22*NONCD0001087*%22%7D,7/2/2026 12:00:00 AM,-79.786422,36.072889
48847,NONCD0001090,OLD MILL BLDG,301 FOURTH AVE EAST,HENDERSONVILLE,HENDERSON,35.317258,-82.457732,ON SCREEN PLACEMENT ON GEOREFERENCED MAP,ACMEMAPPER,FALSE,FALSE,https://edocs.deq.nc.gov/WasteManagement/Search.aspx?dbid=0&searchcommand=%7B%5BWM%5D:%5BProgram_ID%5D%20%3D%20%22*NONCD0001089*%22%7D,7/2/2026 12:00:00 AM,-82.457732,35.317258
48848,NONCD0001092,CMI WWTP (PARCEL1),HWY 268,ELKIN,SURRY,36.24517,-80.83985,ON SCREEN PLACEMENT ON GEOREFERENCED MAP,ACMEMAPPER,FALSE,FALSE,https://edocs.deq.nc.gov/WasteManagement/Search.aspx?dbid=0&searchcommand=%7B%5BWM%5D:%5BProgram_ID%5D%20%3D%20%22*NONCD0001090*%22%7D,7/2/2026 12:00:00 AM,-80.83985,36.24517
48849,NONCD0001094,ALLISON MANUFACTURING CO,930 OLD CHARLOTTE ROAD,ALBEMARLE,STANLY,35.34555556,-80.20583333,ON SCREEN PLACEMENT ON GEOREFERENCED MAP,ACMEMAPPER,FALSE,FALSE,https://edocs.deq.nc.gov/WasteManagement/Search.aspx?dbid=0&searchcommand=%7B%5BWM%5D:%5BProgram_ID%5D%20%3D%20%22*NONCD0001092*%22%7D,7/2/2026 12:00:00 AM,-80.20583333,35.34555556
48850,NONCD0001095,MOSES CONE MEMORIAL PARK,BLUE RIDGE PKWY,BLOWING ROCK,WATAUGA,36.14647,-81.68953,ON SCREEN PLACEMENT ON GEOREFERENCED MAP,ACMEMAPPER,FALSE,FALSE,https://edocs.deq.nc.gov/WasteManagement/Search.aspx?dbid=0&searchcommand=%7B%5BWM%5D:%5BProgram_ID%5D%20%3D%20%22*NONCD0001094*%22%7D,7/2/2026 12:00:00 AM,-81.6895299999999,36.1464700000001
48851,NONCD0001097,"COPES-VULCAN, INC",601 W SUMMIT AVE,CHARLOTTE,MECKLENBURG,35.2215,-80.86418,ON SCREEN PLACEMENT ON GEOREFERENCED MAP,ACMEMAPPER,FALSE,FALSE,https://edocs.deq.nc.gov/WasteManagement/Search.aspx?dbid=0&searchcommand=%7B%5BWM%5D:%5BProgram_ID%5D%20%3D%20%22*NONCD0001095*%22%7D,7/2/2026 12:00:00 AM,-80.86418,35.2215
48852,NONCD0001098,"NATIONAL TEXTILES, LLP",REEP DRIVE,MORGANTON,BURKE,35.71969,-81.75275,ON SCREEN PLACEMENT ON GEOREFERENCED MAP,ACMEMAPPER,FALSE,FALSE,https://edocs.deq.nc.gov/WasteManagement/Search.aspx?dbid=0&searchcommand=%7B%5BWM%5D:%5BProgram_ID%5D%20%3D%20%22*NONCD0001097*%22%7D,7/2/2026 12:00:00 AM,-81.7527499999999,35.7196900000001
48853,NONCD0001099,C & L SURPLUS,1868 HWY 64 W,HAYESVILLE,CLAY,35.033316,-83.851823,ON SCREEN PLACEMENT ON GEOREFERENCED MAP,ACMEMAPPER,FALSE,FALSE,https://edocs.deq.nc.gov/WasteManagement/Search.aspx?dbid=0&searchcommand=%7B%5BWM%5D:%5BProgram_ID%5D%20%3D%20%22*NONCD0001098*%22%7D,7/2/2026 12:00:00 AM,-83.851823,35.0333160000001
48854,NONCD0001100,DUPONT DUMP,NORTH OF SR 1430,NAVASSA,BRUNSWICK,34.29646,-78.05138,ON SCREEN PLACEMENT ON GEOREFERENCED MAP,ACMEMAPPER,FALSE,FALSE,https://edocs.deq.nc.gov/WasteManagement/Search.aspx?dbid=0&searchcommand=%7B%5BWM%5D:%5BProgram_ID%5D%20%3D%20%22*NONCD0001099*%22%7D,7/2/2026 12:00:00 AM,-78.0513799999999,34.29646
48855,NONCD0001101,STRONGHAVEN WAREHOUSE,433 EAST JOHNS ST,MATTHEWS,MECKLENBURG,35.11431,-80.71738,ON SCREEN PLACEMENT ON GEOREFERENCED MAP,ACMEMAPPER,FALSE,TRUE,https://edocs.deq.nc.gov/WasteManagement/Search.aspx?dbid=0&searchcommand=%7B%5BWM%5D:%5BProgram_ID%5D%20%3D%20%22*NONCD0001100*%22%7D,7/2/2026 12:00:00 AM,-80.7173799999999,35.11431
48856,NONCD0001102,BLUE RIDGE AUTO SALES,7786 LINVILLE FALLS HWY,ALTAMONT,AVERY,35.96367,-81.94704,GEOCODE (ADDRESS MATCH),ACMEMAPPER,FALSE,FALSE,https://edocs.deq.nc.gov/WasteManagement/Search.aspx?dbid=0&searchcommand=%7B%5BWM%5D:%5BProgram_ID%5D%20%3D%20%22*NONCD0001101*%22%7D,7/2/2026 12:00:00 AM,-81.94704,35.96367
48857,NONCD0001103,WALTER KIDDE PORTABLE EQUIPMENT,1394 S THIRD ST,MEBANE,ALAMANCE,36.0748,-79.29603,ON SCREEN PLACEMENT ON GEOREFERENCED MAP,ACMEMAPPER,FALSE,TRUE,https://edocs.deq.nc.gov/WasteManagement/Search.aspx?dbid=0&searchcommand=%7B%5BWM%5D:%5BProgram_ID%5D%20%3D%20%22*NONCD0001102*%22%7D,7/2/2026 12:00:00 AM,-79.29603,36.0748
48858,NONCD0001104,CATO FARMS,11415 TOM SHORT ROAD,CHARLOTTE,MECKLENBURG,35.06076,-80.78809,ON SCREEN PLACEMENT ON GEOREFERENCED MAP,ACMEMAPPER,FALSE,FALSE,https://edocs.deq.nc.gov/WasteManagement/Search.aspx?dbid=0&searchcommand=%7B%5BWM%5D:%5BProgram_ID%5D%20%3D%20%22*NONCD0001103*%22%7D,7/2/2026 12:00:00 AM,-80.78809,35.0607600000001
48859,NONCD0001105,WETSIG YACHTS,4022 MARKET STREET,WILMINGTON,NEW HANOVER,34.23775,-77.89462,ON SCREEN PLACEMENT ON GEOREFERENCED MAP,ACMEMAPPER,FALSE,FALSE,https://edocs.deq.nc.gov/WasteManagement/Search.aspx?dbid=0&searchcommand=%7B%5BWM%5D:%5BProgram_ID%5D%20%3D%20%22*NONCD0001104*%22%7D,7/2/2026 12:00:00 AM,-77.89462,34.2377500000001
48860,NONCD0001106,"MICROTRON ABRASIVES, INC",10424 RODNEY ST,PINEVILLE,MECKLENBURG,35.09632,-80.88778,ON SCREEN PLACEMENT ON GEOREFERENCED MAP,ACMEMAPPER,FALSE,FALSE,https://edocs.deq.nc.gov/WasteManagement/Search.aspx?dbid=0&searchcommand=%7B%5BWM%5D:%5BProgram_ID%5D%20%3D%20%22*NONCD0001105*%22%7D,7/2/2026 12:00:00 AM,-80.88778,35.09632
48861,NONCD0001107,CONE MILLS - FLORENCE PLANT,FLORENCE & DEPOT RDS,FOREST CITY,RUTHERFORD,35.33254,-81.86501,ON SCREEN PLACEMENT ON GEOREFERENCED MAP,ACMEMAPPER,FALSE,FALSE,https://edocs.deq.nc.gov/WasteManagement/Search.aspx?dbid=0&searchcommand=%7B%5BWM%5D:%5BProgram_ID%5D%20%3D%20%22*NONCD0001106*%22%7D,7/2/2026 12:00:00 AM,-81.86501,35.3325400000001
48862,NONCD0001108,RENTAL UNIFORM SERVICE,1829 HENDERSONVILLE RD,ASHEVILLE,BUNCOMBE,35.50328,-82.524147,ON SCREEN PLACEMENT ON GEOREFERENCED MAP,ACMEMAPPER,FALSE,FALSE,https://edocs.deq.nc.gov/WasteManagement/Search.aspx?dbid=0&searchcommand=%7B%5BWM%5D:%5BProgram_ID%5D%20%3D%20%22*NONCD0001107*%22%7D,7/2/2026 12:00:00 AM,-82.524147,35.5032800000001
48863,NONCD0001109,FRIENDLY CLEANERS,605 S. PENDER ST,WILSON,WILSON,35.71517,-77.90544,ON SCREEN PLACEMENT ON GEOREFERENCED MAP,ACMEMAPPER,FALSE,FALSE,https://edocs.deq.nc.gov/WasteManagement/Search.aspx?dbid=0&searchcommand=%7B%5BWM%5D:%5BProgram_ID%5D%20%3D%20%22*NONCD0001108*%22%7D,7/2/2026 12:00:00 AM,-77.9054399999999,35.7151700000001
48864,NONCD0001113,SOUTHERN STATES (FORMER),125 LINE AVE,GREENVILLE,PITT,35.60123056,-77.39308056,ON SCREEN PLACEMENT ON GEOREFERENCED MAP,ACMEMAPPER,FALSE,FALSE,https://edocs.deq.nc.gov/WasteManagement/Search.aspx?dbid=0&searchcommand=%7B%5BWM%5D:%5BProgram_ID%5D%20%3D%20%22*NONCD0001109*%22%7D,7/2/2026 12:00:00 AM,-77.39308056,35.60123056
48865,NONCD0001114,CONOVER METAL PRODUCTS,315 S MCLIN CREEK RD,CONOVER,CATAWBA,35.69729,-81.191334,ON SCREEN PLACEMENT ON GEOREFERENCED MAP,ACMEMAPPER,FALSE,FALSE,https://edocs.deq.nc.gov/WasteManagement/Search.aspx?dbid=0&searchcommand=%7B%5BWM%5D:%5BProgram_ID%5D%20%3D%20%22*NONCD0001113*%22%7D,7/2/2026 12:00:00 AM,-81.191334,35.6972900000001
48866,NONCD0001116,REPUBLIC SERVICES OF NC,312 JACK SHERMAN RD,ROUGEMONT,PERSON,36.33422,-78.826796,ON SCREEN PLACEMENT ON GEOREFERENCED MAP,ACMEMAPPER,FALSE,FALSE,https://edocs.deq.nc.gov/WasteManagement/Search.aspx?dbid=0&searchcommand=%7B%5BWM%5D:%5BProgram_ID%5D%20%3D%20%22*NONCD0001114*%22%7D,7/2/2026 12:00:00 AM,-78.8267959999999,36.3342200000001
48867,NONCD0001118,KIDDE TECHNOLOGIES,4200 AIRPORT DR,WILSON,WILSON,35.76357,-77.96391,ON SCREEN PLACEMENT ON GEOREFERENCED MAP,ACMEMAPPER,FALSE,TRUE,https://edocs.deq.nc.gov/WasteManagement/Search.aspx?dbid=0&searchcommand=%7B%5BWM%5D:%5BProgram_ID%5D%20%3D%20%22*NONCD0001116*%22%7D,7/2/2026 12:00:00 AM,-77.9639099999999,35.7635700000001
48868,NONCD0001119,EDWARDS PROPERTY FOUNDRY SAND,10209 ROZZELLE'S FERRY RD,CHARLOTTE,MECKLENBURG,35.321008,-80.952892,ON SCREEN PLACEMENT ON GEOREFERENCED MAP,ACMEMAPPER,FALSE,FALSE,https://edocs.deq.nc.gov/WasteManagement/Search.aspx?dbid=0&searchcommand=%7B%5BWM%5D:%5BProgram_ID%5D%20%3D%20%22*NONCD0001118*%22%7D,7/2/2026 12:00:00 AM,-80.952892,35.3210080000001
48869,NONCD0001120,"EATON AEROQUIP, INC (FORMER)",680 LANIER RD,NORWOOD,STANLY,35.212023,-80.110256,ON SCREEN PLACEMENT ON GEOREFERENCED MAP,ESRI AGOL BASE MAP,FALSE,FALSE,https://edocs.deq.nc.gov/WasteManagement/Search.aspx?dbid=0&searchcommand=%7B%5BWM%5D:%5BProgram_ID%5D%20%3D%20%22*NONCD0001119*%22%7D,7/2/2026 12:00:00 AM,-80.1102559999999,35.212023
48870,NONCD0001121,R & R PLATING,623 COLUMBUS APPAREL ST,WHITEVILLE,COLUMBUS,34.33754,-78.68423,ON SCREEN PLACEMENT ON GEOREFERENCED MAP,ACMEMAPPER,FALSE,FALSE,https://edocs.deq.nc.gov/WasteManagement/Search.aspx?dbid=0&searchcommand=%7B%5BWM%5D:%5BProgram_ID%5D%20%3D%20%22*NONCD0001120*%22%7D,7/2/2026 12:00:00 AM,-78.68423,34.33754
48871,NONCD0001122,CABARRUS ROUNDABOUT,CABARRUS AVE & OLD CHARLOTTE,CONCORD,CABARRUS,35.40023,-80.59349,ON SCREEN PLACEMENT ON GEOREFERENCED MAP,ACMEMAPPER,FALSE,FALSE,https://edocs.deq.nc.gov/WasteManagement/Search.aspx?dbid=0&searchcommand=%7B%5BWM%5D:%5BProgram_ID%5D%20%3D%20%22*NONCD0001121*%22%7D,7/2/2026 12:00:00 AM,-80.59349,35.4002300000001
48872,NONCD0001123,RALEIGH TTA-SE PARCEL,S WEST ST & MORGAN ST,RALEIGH,WAKE,35.77966,-78.64654,ON SCREEN PLACEMENT ON GEOREFERENCED MAP,ACMEMAPPER,FALSE,FALSE,https://edocs.deq.nc.gov/WasteManagement/Search.aspx?dbid=0&searchcommand=%7B%5BWM%5D:%5BProgram_ID%5D%20%3D%20%22*NONCD0001122*%22%7D,7/2/2026 12:00:00 AM,-78.64654,35.77966
48873,NONCD0001124,RALEIGH TTA-WILSON PARCEL,200 S WEST ST,RALEIGH,WAKE,35.778357,-78.646182,ON SCREEN PLACEMENT ON GEOREFERENCED MAP,ACMEMAPPER,FALSE,FALSE,https://edocs.deq.nc.gov/WasteManagement/Search.aspx?dbid=0&searchcommand=%7B%5BWM%5D:%5BProgram_ID%5D%20%3D%20%22*NONCD0001123*%22%7D,7/2/2026 12:00:00 AM,-78.646182,35.778357
48874,NONCD0001125,RALEIGH TTA-DILLON PARCEL A,102 S WEST ST,RALEIGH,WAKE,35.778931,-78.64656,ON SCREEN PLACEMENT ON GEOREFERENCED MAP,ACMEMAPPER,FALSE,FALSE,https://edocs.deq.nc.gov/WasteManagement/Search.aspx?dbid=0&searchcommand=%7B%5BWM%5D:%5BProgram_ID%5D%20%3D%20%22*NONCD0001124*%22%7D,7/2/2026 12:00:00 AM,-78.64656,35.7789310000001
48875,NONCD0001126,RALEIGH TTA-DILLON PARCEL B,S WEST ST,RALEIGH,WAKE,35.77777,-78.64663,ON SCREEN PLACEMENT ON GEOREFERENCED MAP,ACMEMAPPER,FALSE,FALSE,https://edocs.deq.nc.gov/WasteManagement/Search.aspx?dbid=0&searchcommand=%7B%5BWM%5D:%5BProgram_ID%5D%20%3D%20%22*NONCD0001125*%22%7D,7/2/2026 12:00:00 AM,-78.64663,35.77777
48876,NONCD0001127,RALEIGH TTA-DILLON PARCEL C,510 & 602 W MARTIN ST,RALEIGH,WAKE,35.77729,-78.64755,ON SCREEN PLACEMENT ON GEOREFERENCED MAP,ACMEMAPPER,FALSE,FALSE,https://edocs.deq.nc.gov/WasteManagement/Search.aspx?dbid=0&searchcommand=%7B%5BWM%5D:%5BProgram_ID%5D%20%3D%20%22*NONCD0001126*%22%7D,7/2/2026 12:00:00 AM,-78.64755,35.7772900000001
48877,NONCD0001128,RESOLUTION PACKAGING,468 CAROLINA AVE,MARION,MCDOWELL,35.69533,-81.98272,ON SCREEN PLACEMENT ON GEOREFERENCED MAP,ACMEMAPPER,FALSE,FALSE,https://edocs.deq.nc.gov/WasteManagement/Search.aspx?dbid=0&searchcommand=%7B%5BWM%5D:%5BProgram_ID%5D%20%3D%20%22*NONCD0001127*%22%7D,7/2/2026 12:00:00 AM,-81.98272,35.6953300000001
48878,NONCD0001130,SOUTH MAIN ST SEWER LINE EXT,4660 FOLLANSBEE RD,WINSTON-SALEM,FORSYTH,36.018603,-80.247137,ON SCREEN PLACEMENT ON GEOREFERENCED MAP,ACMEMAPPER,FALSE,FALSE,https://edocs.deq.nc.gov/WasteManagement/Search.aspx?dbid=0&searchcommand=%7B%5BWM%5D:%5BProgram_ID%5D%20%3D%20%22*NONCD0001128*%22%7D,7/2/2026 12:00:00 AM,-80.247137,36.018603
48879,NONCD0001132,BALDOR ELECTRIC COMPANY,3821 BARRINGER RD,CHARLOTTE,MECKLENBURG,35.19659,-80.88783,ON SCREEN PLACEMENT ON GEOREFERENCED MAP,ACMEMAPPER,FALSE,FALSE,https://edocs.deq.nc.gov/WasteManagement/Search.aspx?dbid=0&searchcommand=%7B%5BWM%5D:%5BProgram_ID%5D%20%3D%20%22*NONCD0001130*%22%7D,7/2/2026 12:00:00 AM,-80.88783,35.1965900000001
48880,NONCD0001133,BOWMAN GRAY-FRIEDBURG CAMPUS,WELFARE ROAD,WINSTON-SALEM,FORSYTH,35.9981,-80.32772,ON SCREEN PLACEMENT ON GEOREFERENCED MAP,ESRI AGOL BASE MAP,FALSE,FALSE,https://edocs.deq.nc.gov/WasteManagement/Search.aspx?dbid=0&searchcommand=%7B%5BWM%5D:%5BProgram_ID%5D%20%3D%20%22*NONCD0001132*%22%7D,7/2/2026 12:00:00 AM,-80.3277199999999,35.9981000000001
48881,NONCD0001135,LUMBERTON MUNICIPAL AIRPORT,163 AIRPORT BLVD,LUMBERTON,ROBESON,34.6148801,-79.0591816,ON SCREEN PLACEMENT ON GEOREFERENCED MAP,ESRI AGOL BASE MAP,FALSE,FALSE,https://edocs.deq.nc.gov/WasteManagement/Search.aspx?dbid=0&searchcommand=%7B%5BWM%5D:%5BProgram_ID%5D%20%3D%20%22*NONCD0001133*%22%7D,7/2/2026 12:00:00 AM,-79.0591816,34.6148801000001
48882,NONCD0001137,FABCO FASTENING SYSTEMS/DIXIE YARNS,614 NC HWY 200 S,STANFIELD,STANLY,35.22425,-80.41403,ON SCREEN PLACEMENT ON GEOREFERENCED MAP,ACMEMAPPER,FALSE,TRUE,https://edocs.deq.nc.gov/WasteManagement/Search.aspx?dbid=0&searchcommand=%7B%5BWM%5D:%5BProgram_ID%5D%20%3D%20%22*NONCD0001135*%22%7D,7/2/2026 12:00:00 AM,-80.41403,35.22425
48883,NONCD0001138,DEUTSCH RELAYS,2021 GARDNER DR,WILMINGTON,NEW HANOVER,34.276944,-77.9125,GPS (2-5 METER),,FALSE,FALSE,https://edocs.deq.nc.gov/WasteManagement/Search.aspx?dbid=0&searchcommand=%7B%5BWM%5D:%5BProgram_ID%5D%20%3D%20%22*NONCD0001137*%22%7D,7/2/2026 12:00:00 AM,-77.9125,34.2769440000001
48884,NONCD0001139,VERMONT AMERICAN,STATE FARM RD,BOONE,WATAUGA,36.20636,-81.6634,ON SCREEN PLACEMENT ON GEOREFERENCED MAP,ACMEMAPPER,FALSE,TRUE,https://edocs.deq.nc.gov/WasteManagement/Search.aspx?dbid=0&searchcommand=%7B%5BWM%5D:%5BProgram_ID%5D%20%3D%20%22*NONCD0001138*%22%7D,7/2/2026 12:00:00 AM,-81.6634,36.2063600000001
48885,NONCD0001140,PIEDMONT HAWTHORNE,3817 N LIBERTY ST,WINSTON-SALEM,FORSYTH,36.13856,-80.22951,ON SCREEN PLACEMENT ON GEOREFERENCED MAP,ACMEMAPPER,TRUE,FALSE,https://edocs.deq.nc.gov/WasteManagement/Search.aspx?dbid=0&searchcommand=%7B%5BWM%5D:%5BProgram_ID%5D%20%3D%20%22*NONCD0001139*%22%7D,7/2/2026 12:00:00 AM,-80.2295099999999,36.13856
48886,NONCD0001141,DIAZIT COMPANY,941 US HWY 1 S,YOUNGSVILLE,FRANKLIN,36.03661,-78.50246,ON SCREEN PLACEMENT ON GEOREFERENCED MAP,ACMEMAPPER,FALSE,FALSE,https://edocs.deq.nc.gov/WasteManagement/Search.aspx?dbid=0&searchcommand=%7B%5BWM%5D:%5BProgram_ID%5D%20%3D%20%22*NONCD0001140*%22%7D,7/2/2026 12:00:00 AM,-78.50246,36.0366100000001
48887,NONCD0001142,FLYNT/WANSONA,ONE WANSONA PLACE,WADESBORO,ANSON,34.975725,-80.063418,ON SCREEN PLACEMENT ON GEOREFERENCED MAP,ACMEMAPPER,FALSE,FALSE,https://edocs.deq.nc.gov/WasteManagement/Search.aspx?dbid=0&searchcommand=%7B%5BWM%5D:%5BProgram_ID%5D%20%3D%20%22*NONCD0001141*%22%7D,7/2/2026 12:00:00 AM,-80.063418,34.9757250000001
48888,NONCD0001143,PRESTIGE LABELS,151 INDUSTRIAL DR,BURGAW,PENDER,34.541944,-77.918611,GPS (2-5 METER),,FALSE,FALSE,https://edocs.deq.nc.gov/WasteManagement/Search.aspx?dbid=0&searchcommand=%7B%5BWM%5D:%5BProgram_ID%5D%20%3D%20%22*NONCD0001142*%22%7D,7/2/2026 12:00:00 AM,-77.9186109999999,34.5419440000001
48889,NONCD0001144,MAMMOTH OAKS WATER SUPPLY WELL,MAMMOTH OAKS DR,CHARLOTTE,MECKLENBURG,35.15485,-80.78863,ON SCREEN PLACEMENT ON GEOREFERENCED MAP,ACMEMAPPER,FALSE,FALSE,https://edocs.deq.nc.gov/WasteManagement/Search.aspx?dbid=0&searchcommand=%7B%5BWM%5D:%5BProgram_ID%5D%20%3D%20%22*NONCD0001143*%22%7D,7/2/2026 12:00:00 AM,-80.78863,35.1548500000001
48890,NONCD0001145,SALISBURY ASPHALT PLANT/SITE #45,JAKE ALEXANDER BLVD,SALISBURY,ROWAN,35.68602,-80.51206,ON SCREEN PLACEMENT ON GEOREFERENCED MAP,ACMEMAPPER,FALSE,FALSE,https://edocs.deq.nc.gov/WasteManagement/Search.aspx?dbid=0&searchcommand=%7B%5BWM%5D:%5BProgram_ID%5D%20%3D%20%22*NONCD0001144*%22%7D,7/2/2026 12:00:00 AM,-80.51206,35.68602
48891,NONCD0001147,LIGHTHOUSE SERVICE CENTER,HWY 12 & LIGHTHOUSE RD,BUXTON,DARE,35.264528,-75.522778,ON SCREEN PLACEMENT ON GEOREFERENCED MAP,ACMEMAPPER,FALSE,FALSE,https://edocs.deq.nc.gov/WasteManagement/Search.aspx?dbid=0&searchcommand=%7B%5BWM%5D:%5BProgram_ID%5D%20%3D%20%22*NONCD0001145*%22%7D,7/2/2026 12:00:00 AM,-75.522778,35.264528
48892,NONCD0001148,UNION CARBIDE,HWY 42,CLAYTON,JOHNSTON,35.64366,-78.43526,ON SCREEN PLACEMENT ON GEOREFERENCED MAP,ACMEMAPPER,FALSE,FALSE,https://edocs.deq.nc.gov/WasteManagement/Search.aspx?dbid=0&searchcommand=%7B%5BWM%5D:%5BProgram_ID%5D%20%3D%20%22*NONCD0001147*%22%7D,7/2/2026 12:00:00 AM,-78.43526,35.6436600000001
48893,NONCD0001150,CHARLOTTE BATTERY,2926 YOUNGBLOOD ST,CHARLOTTE,MECKLENBURG,35.201829,-80.871238,ON SCREEN PLACEMENT ON GEOREFERENCED MAP,ACMEMAPPER,FALSE,FALSE,https://edocs.deq.nc.gov/WasteManagement/Search.aspx?dbid=0&searchcommand=%7B%5BWM%5D:%5BProgram_ID%5D%20%3D%20%22*NONCD0001148*%22%7D,7/2/2026 12:00:00 AM,-80.8712379999999,35.201829
48894,NONCD0001151,MATTHEWS BLDG SUPPLY/ESTUL TOOL,215 AMES ST,MATTHEWS,MECKLENBURG,35.12,-80.72318,ON SCREEN PLACEMENT ON GEOREFERENCED MAP,ACMEMAPPER,FALSE,FALSE,https://edocs.deq.nc.gov/WasteManagement/Search.aspx?dbid=0&searchcommand=%7B%5BWM%5D:%5BProgram_ID%5D%20%3D%20%22*NONCD0001150*%22%7D,7/2/2026 12:00:00 AM,-80.72318,35.1200000000001
48895,NONCD0001153,UNITED AGRI PRODUCTS DISTRIBUTION,17021 OLD MAXTON ROAD,LAURINBURG,SCOTLAND,34.7027,-79.43527,ON SCREEN PLACEMENT ON GEOREFERENCED MAP,ACMEMAPPER,FALSE,FALSE,https://edocs.deq.nc.gov/WasteManagement/Search.aspx?dbid=0&searchcommand=%7B%5BWM%5D:%5BProgram_ID%5D%20%3D%20%22*NONCD0001151*%22%7D,7/2/2026 12:00:00 AM,-79.4352699999999,34.7027
48896,NONCD0001154,ROBERT BOSCH TOOL CORP,129 LEGIONAIRE RD,LINCOLNTON,LINCOLN,35.48838,-81.25629,ON SCREEN PLACEMENT ON GEOREFERENCED MAP,ACMEMAPPER,FALSE,TRUE,https://edocs.deq.nc.gov/WasteManagement/Search.aspx?dbid=0&searchcommand=%7B%5BWM%5D:%5BProgram_ID%5D%20%3D%20%22*NONCD0001153*%22%7D,7/2/2026 12:00:00 AM,-81.25629,35.4883800000001
48897,NONCD0001155,D&G PROPERTIES-SLAUGHTERHOUSE PARCEL,ROYSTER RD,NAVASSA,BRUNSWICK,34.27393,-78.00537,ON SCREEN PLACEMENT ON GEOREFERENCED MAP,ACMEMAPPER,FALSE,FALSE,https://edocs.deq.nc.gov/WasteManagement/Search.aspx?dbid=0&searchcommand=%7B%5BWM%5D:%5BProgram_ID%5D%20%3D%20%22*NONCD0001154*%22%7D,7/2/2026 12:00:00 AM,-78.00537,34.2739300000001
48898,NONCD0001156,CLEAN-CLEAN DRY CLEANERS/VIP CLEANERS,627 TARRYTOWN CTR,ROCKY MOUNT,NASH,35.960814,-77.825673,ON SCREEN PLACEMENT ON GEOREFERENCED MAP,GOOGLE MAPS,FALSE,FALSE,https://edocs.deq.nc.gov/WasteManagement/Search.aspx?dbid=0&searchcommand=%7B%5BWM%5D:%5BProgram_ID%5D%20%3D%20%22*NONCD0001155*%22%7D,7/2/2026 12:00:00 AM,-77.8256729999999,35.960814
48899,NONCD0001157,ROBERT BOSCH TOOL CORP,310 STATON RD,GREENVILLE,PITT,35.651363,-77.360829,ON SCREEN PLACEMENT ON GEOREFERENCED MAP,ACMEMAPPER,FALSE,TRUE,https://edocs.deq.nc.gov/WasteManagement/Search.aspx?dbid=0&searchcommand=%7B%5BWM%5D:%5BProgram_ID%5D%20%3D%20%22*NONCD0001156*%22%7D,7/2/2026 12:00:00 AM,-77.360829,35.6513630000001
48900,NONCD0001158,STATE LINE HONDA,134 CARATOKE HWY,MOYOCK,CURRITUCK,36.54823,-76.19122,ON SCREEN PLACEMENT ON GEOREFERENCED MAP,ACMEMAPPER,FALSE,FALSE,https://edocs.deq.nc.gov/WasteManagement/Search.aspx?dbid=0&searchcommand=%7B%5BWM%5D:%5BProgram_ID%5D%20%3D%20%22*NONCD0001157*%22%7D,7/2/2026 12:00:00 AM,-76.19122,36.54823
48901,NONCD0001159,HYDRO TUBE SOUTH,1755 HILLSBORO ST,PITTSBORO,CHATHAM,35.74407,-79.16819,ON SCREEN PLACEMENT ON GEOREFERENCED MAP,ACMEMAPPER,FALSE,FALSE,https://edocs.deq.nc.gov/WasteManagement/Search.aspx?dbid=0&searchcommand=%7B%5BWM%5D:%5BProgram_ID%5D%20%3D%20%22*NONCD0001158*%22%7D,7/2/2026 12:00:00 AM,-79.16819,35.7440700000001
48902,NONCD0001161,PEELE'S SERVICE STATION/HONORA MANNING,2771 OLD HWY 64,JAMESVILLE,MARTIN,35.82312,-76.81483,ON SCREEN PLACEMENT ON GEOREFERENCED MAP,ACMEMAPPER,FALSE,FALSE,https://edocs.deq.nc.gov/WasteManagement/Search.aspx?dbid=0&searchcommand=%7B%5BWM%5D:%5BProgram_ID%5D%20%3D%20%22*NONCD0001159*%22%7D,7/2/2026 12:00:00 AM,-76.81483,35.8231200000001
48903,NONCD0001162,CHAMPION FINISHING CO,200 BINGHAM RD,ASHEVILLE,BUNCOMBE,35.607505,-82.587268,ON SCREEN PLACEMENT ON GEOREFERENCED MAP,ACMEMAPPER,FALSE,FALSE,https://edocs.deq.nc.gov/WasteManagement/Search.aspx?dbid=0&searchcommand=%7B%5BWM%5D:%5BProgram_ID%5D%20%3D%20%22*NONCD0001161*%22%7D,7/2/2026 12:00:00 AM,-82.5872679999999,35.6075050000001
48904,NONCD0001163,SMITH'S AEROSPACE,401 SWEETEN CREEK IND. PK.,ASHEVILLE,BUNCOMBE,35.547601,-82.51856,ON SCREEN PLACEMENT ON GEOREFERENCED MAP,ESRI AGOL BASE MAP,FALSE,FALSE,https://edocs.deq.nc.gov/WasteManagement/Search.aspx?dbid=0&searchcommand=%7B%5BWM%5D:%5BProgram_ID%5D%20%3D%20%22*NONCD0001162*%22%7D,7/2/2026 12:00:00 AM,-82.51856,35.547601
48905,NONCD0001164,COOPERAGE TRACT,NC 99 & US 264,BELHAVEN,BEAUFORT,35.54637,-76.63299,ON SCREEN PLACEMENT ON GEOREFERENCED MAP,ACMEMAPPER,FALSE,FALSE,https://edocs.deq.nc.gov/WasteManagement/Search.aspx?dbid=0&searchcommand=%7B%5BWM%5D:%5BProgram_ID%5D%20%3D%20%22*NONCD0001163*%22%7D,7/2/2026 12:00:00 AM,-76.6329899999999,35.54637
48906,NONCD0001166,CENTRAL GRAIN-MORGANS CORNER,1312 HASSELL RD,ELIZABETH CITY,PASQUOTANK,36.41613,-76.34837,ON SCREEN PLACEMENT ON GEOREFERENCED MAP,ACMEMAPPER,FALSE,FALSE,https://edocs.deq.nc.gov/WasteManagement/Search.aspx?dbid=0&searchcommand=%7B%5BWM%5D:%5BProgram_ID%5D%20%3D%20%22*NONCD0001164*%22%7D,7/2/2026 12:00:00 AM,-76.34837,36.4161300000001
48907,NONCD0001167,CENTRAL GRAIN-CHAPANOKE,647 CHAPANOKE RD,HERTFORD,PERQUIMANS,36.25453,-76.37809,ON SCREEN PLACEMENT ON GEOREFERENCED MAP,ACMEMAPPER,FALSE,FALSE,https://edocs.deq.nc.gov/WasteManagement/Search.aspx?dbid=0&searchcommand=%7B%5BWM%5D:%5BProgram_ID%5D%20%3D%20%22*NONCD0001166*%22%7D,7/2/2026 12:00:00 AM,-76.37809,36.25453
48908,NONCD0001168,RIVER CITY CONSTRUCTION CO,3534 CHERRY RUN RD,WASHINGTON,BEAUFORT,35.62472,-77.10247,ON SCREEN PLACEMENT ON GEOREFERENCED MAP,ACMEMAPPER,FALSE,FALSE,https://edocs.deq.nc.gov/WasteManagement/Search.aspx?dbid=0&searchcommand=%7B%5BWM%5D:%5BProgram_ID%5D%20%3D%20%22*NONCD0001167*%22%7D,7/2/2026 12:00:00 AM,-77.10247,35.62472
48909,NONCD0001169,LIBERTY FABRICS (FORMER),US 64,JAMESVILLE,MARTIN,35.8097,-76.88507,ON SCREEN PLACEMENT ON GEOREFERENCED MAP,ACMEMAPPER,FALSE,FALSE,https://edocs.deq.nc.gov/WasteManagement/Search.aspx?dbid=0&searchcommand=%7B%5BWM%5D:%5BProgram_ID%5D%20%3D%20%22*NONCD0001168*%22%7D,7/2/2026 12:00:00 AM,-76.88507,35.8097000000001
48910,NONCD0001171,RENTAL UNIFORM SERVICES,117 W ELIZABETH STREET,CLINTON,SAMPSON,34.99642,-78.32364,ON SCREEN PLACEMENT ON GEOREFERENCED MAP,ACMEMAPPER,FALSE,TRUE,https://edocs.deq.nc.gov/WasteManagement/Search.aspx?dbid=0&searchcommand=%7B%5BWM%5D:%5BProgram_ID%5D%20%3D%20%22*NONCD0001169*%22%7D,7/2/2026 12:00:00 AM,-78.32364,34.9964200000001
48911,NONCD0001172,HYMAN YOUNG GREENHOUSE,675 CEDAR HILL RD,ASHEVILLE,BUNCOMBE,35.58747,-82.63234,ON SCREEN PLACEMENT ON GEOREFERENCED MAP,ACMEMAPPER,FALSE,FALSE,https://edocs.deq.nc.gov/WasteManagement/Search.aspx?dbid=0&searchcommand=%7B%5BWM%5D:%5BProgram_ID%5D%20%3D%20%22*NONCD0001171*%22%7D,7/2/2026 12:00:00 AM,-82.6323399999999,35.5874700000001
48912,NONCD0001173,LEBANON CHEMICAL,ALBERMARLE ST,HERTFORD,PERQUIMANS,36.21377,-76.46403,ON SCREEN PLACEMENT ON GEOREFERENCED MAP,ACMEMAPPER,FALSE,TRUE,https://edocs.deq.nc.gov/WasteManagement/Search.aspx?dbid=0&searchcommand=%7B%5BWM%5D:%5BProgram_ID%5D%20%3D%20%22*NONCD0001172*%22%7D,7/2/2026 12:00:00 AM,-76.46403,36.2137700000001
48913,NONCD0001174,ARROW LAUNDRY,4735 MONROE RD,CHARLOTTE,MECKLENBURG,35.193384,-80.780504,ON SCREEN PLACEMENT ON GEOREFERENCED MAP,ESRI AGOL BASE MAP,FALSE,FALSE,https://edocs.deq.nc.gov/WasteManagement/Search.aspx?dbid=0&searchcommand=%7B%5BWM%5D:%5BProgram_ID%5D%20%3D%20%22*NONCD0001173*%22%7D,7/2/2026 12:00:00 AM,-80.780504,35.193384
48914,NONCD0001175,MIDTOWN SQUARE VALET DRY CLEANERS,401 S INDEPENDENCE BLVD,CHARLOTTE,MECKLENBURG,35.21208,-80.83495,ON SCREEN PLACEMENT ON GEOREFERENCED MAP,ACMEMAPPER,FALSE,FALSE,https://edocs.deq.nc.gov/WasteManagement/Search.aspx?dbid=0&searchcommand=%7B%5BWM%5D:%5BProgram_ID%5D%20%3D%20%22*NONCD0001174*%22%7D,7/2/2026 12:00:00 AM,-80.8349499999999,35.2120800000001
48915,NONCD0001176,MURFREESBORO VENEER,307 N 2ND ST,MURFREESBORO,HERTFORD,36.44543,-77.09226,ON SCREEN PLACEMENT ON GEOREFERENCED MAP,ACMEMAPPER,FALSE,FALSE,https://edocs.deq.nc.gov/WasteManagement/Search.aspx?dbid=0&searchcommand=%7B%5BWM%5D:%5BProgram_ID%5D%20%3D%20%22*NONCD0001175*%22%7D,7/2/2026 12:00:00 AM,-77.09226,36.44543
48916,NONCD0001177,ALCOA-PINE RD RAVINE DISPOSAL,PINE RD,,STANLY,35.414494,-80.095872,ON SCREEN PLACEMENT ON GEOREFERENCED MAP,ACMEMAPPER,FALSE,FALSE,https://edocs.deq.nc.gov/WasteManagement/Search.aspx?dbid=0&searchcommand=%7B%5BWM%5D:%5BProgram_ID%5D%20%3D%20%22*NONCD0001176*%22%7D,7/2/2026 12:00:00 AM,-80.095872,35.414494
48917,NONCD0001178,PACKER PROPERTY,US 701 & JEWEL ST,WHITEVILLE,COLUMBUS,34.31117,-78.71552,ON SCREEN PLACEMENT ON GEOREFERENCED MAP,ACMEMAPPER,FALSE,FALSE,https://edocs.deq.nc.gov/WasteManagement/Search.aspx?dbid=0&searchcommand=%7B%5BWM%5D:%5BProgram_ID%5D%20%3D%20%22*NONCD0001177*%22%7D,7/2/2026 12:00:00 AM,-78.71552,34.3111700000001
48918,NONCD0001181,CUMMINS ATLANTIC-DISTRIBUTORSHIP,3700 JEFF ADAMS DR,CHARLOTTE,MECKLENBURG,35.2744,-80.8216,ON SCREEN PLACEMENT ON GEOREFERENCED MAP,ACMEMAPPER,TRUE,FALSE,https://edocs.deq.nc.gov/WasteManagement/Search.aspx?dbid=0&searchcommand=%7B%5BWM%5D:%5BProgram_ID%5D%20%3D%20%22*NONCD0001178*%22%7D,7/2/2026 12:00:00 AM,-80.8216,35.2744000000001
48919,NONCD0001185,CSX-NUTT ST,515 NUTT ST,WILMINGTON,NEW HANOVER,34.2427,-77.95116,ON SCREEN PLACEMENT ON GEOREFERENCED MAP,ACMEMAPPER,FALSE,FALSE,https://edocs.deq.nc.gov/WasteManagement/Search.aspx?dbid=0&searchcommand=%7B%5BWM%5D:%5BProgram_ID%5D%20%3D%20%22*NONCD0001181*%22%7D,7/2/2026 12:00:00 AM,-77.95116,34.2427000000001
48920,NONCD0001186,CARR MILL MALL,200 N GREENSBORO ST,CARRBORO,ORANGE,35.912255,-79.071043,ON SCREEN PLACEMENT ON GEOREFERENCED MAP,ESRI AGOL BASE MAP,FALSE,FALSE,https://edocs.deq.nc.gov/WasteManagement/Search.aspx?dbid=0&searchcommand=%7B%5BWM%5D:%5BProgram_ID%5D%20%3D%20%22*NONCD0001185*%22%7D,7/2/2026 12:00:00 AM,-79.071043,35.9122550000001
48921,NONCD0001187,COFFING HOISTS,2020 COUNTRY CLUB RD,WADESBORO,ANSON,34.943908,-80.052539,ON SCREEN PLACEMENT ON GEOREFERENCED MAP,ACMEMAPPER,TRUE,FALSE,https://edocs.deq.nc.gov/WasteManagement/Search.aspx?dbid=0&searchcommand=%7B%5BWM%5D:%5BProgram_ID%5D%20%3D%20%22*NONCD0001186*%22%7D,7/2/2026 12:00:00 AM,-80.052539,34.9439080000001
48922,NONCD0001188,SHELBY BODY SHOP,1904 E DIXON BLVD,SHELBY,CLEVELAND,35.266833,-81.48372,ON SCREEN PLACEMENT ON GEOREFERENCED MAP,ACMEMAPPER,FALSE,FALSE,https://edocs.deq.nc.gov/WasteManagement/Search.aspx?dbid=0&searchcommand=%7B%5BWM%5D:%5BProgram_ID%5D%20%3D%20%22*NONCD0001187*%22%7D,7/2/2026 12:00:00 AM,-81.4837199999999,35.2668330000001
48923,NONCD0001189,CROSSROADS OIL,320 ELIZABETH ST,LENOIR,CALDWELL,35.93398,-81.54235,ON SCREEN PLACEMENT ON GEOREFERENCED MAP,ACMEMAPPER,FALSE,FALSE,https://edocs.deq.nc.gov/WasteManagement/Search.aspx?dbid=0&searchcommand=%7B%5BWM%5D:%5BProgram_ID%5D%20%3D%20%22*NONCD0001188*%22%7D,7/2/2026 12:00:00 AM,-81.5423499999999,35.9339800000001
48924,NONCD0001190,KING STREET SOLVENT CONTAMINATION,860 KING ST,BURLINGTON,ALAMANCE,36.088359,-79.425827,ON SCREEN PLACEMENT ON GEOREFERENCED MAP,ESRI AGOL BASE MAP,FALSE,FALSE,https://edocs.deq.nc.gov/WasteManagement/Search.aspx?dbid=0&searchcommand=%7B%5BWM%5D:%5BProgram_ID%5D%20%3D%20%22*NONCD0001189*%22%7D,7/2/2026 12:00:00 AM,-79.425827,36.088359
48925,NONCD0001191,MIRACLE WATER REFINERS,HWY 70,HAVELOCK,CRAVEN,34.91685,-76.98415,ON SCREEN PLACEMENT ON GEOREFERENCED MAP,UNKNOWN,FALSE,FALSE,https://edocs.deq.nc.gov/WasteManagement/Search.aspx?dbid=0&searchcommand=%7B%5BWM%5D:%5BProgram_ID%5D%20%3D%20%22*NONCD0001190*%22%7D,7/2/2026 12:00:00 AM,-76.9841499999999,34.9168500000001
48926,NONCD0001192,EAKES CLEANERS (FORMER),827 W MORGAN ST,DURHAM,DURHAM,36.00125,-78.90949,ON SCREEN PLACEMENT ON GEOREFERENCED MAP,ACMEMAPPER,FALSE,FALSE,https://edocs.deq.nc.gov/WasteManagement/Search.aspx?dbid=0&searchcommand=%7B%5BWM%5D:%5BProgram_ID%5D%20%3D%20%22*NONCD0001191*%22%7D,7/2/2026 12:00:00 AM,-78.9094899999999,36.00125
48927,NONCD0001201,REEVES BROTHERS-BAILEY RD DUMP,BAILEY RD,CORNELIUS,MECKLENBURG,35.46214,-80.8553,ON SCREEN PLACEMENT ON GEOREFERENCED MAP,ACMEMAPPER,TRUE,FALSE,https://edocs.deq.nc.gov/WasteManagement/Search.aspx?dbid=0&searchcommand=%7B%5BWM%5D:%5BProgram_ID%5D%20%3D%20%22*NONCD0001192*%22%7D,7/2/2026 12:00:00 AM,-80.8552999999999,35.46214
48928,NONCD0001202,INGRAM PLYWOOD INC,718 BASSETT DRIVE,THOMASVILLE,DAVIDSON,35.91081,-80.04924,ON SCREEN PLACEMENT ON GEOREFERENCED MAP,ACMEMAPPER,FALSE,FALSE,https://edocs.deq.nc.gov/WasteManagement/Search.aspx?dbid=0&searchcommand=%7B%5BWM%5D:%5BProgram_ID%5D%20%3D%20%22*NONCD0001201*%22%7D,7/2/2026 12:00:00 AM,-80.0492399999999,35.91081
48929,NONCD0001204,SOUTHERN STATES-AHOSKIE SERVICE,1383 MEMORIAL DR,AHOSKIE,HERTFORD,36.27514,-76.97332,ON SCREEN PLACEMENT ON GEOREFERENCED MAP,ACMEMAPPER,FALSE,FALSE,https://edocs.deq.nc.gov/WasteManagement/Search.aspx?dbid=0&searchcommand=%7B%5BWM%5D:%5BProgram_ID%5D%20%3D%20%22*NONCD0001202*%22%7D,7/2/2026 12:00:00 AM,-76.9733199999999,36.2751400000001
48930,NONCD0001206,CITY OF CHARLOTTE_DOT STREET MAINTENANCE,4600 SWEDEN RD,CHARLOTTE,MECKLENBURG,35.12908,-80.87792,ON SCREEN PLACEMENT ON GEOREFERENCED MAP,ACMEMAPPER,FALSE,FALSE,https://edocs.deq.nc.gov/WasteManagement/Search.aspx?dbid=0&searchcommand=%7B%5BWM%5D:%5BProgram_ID%5D%20%3D%20%22*NONCD0001204*%22%7D,7/2/2026 12:00:00 AM,-80.87792,35.12908
48931,NONCD0001207,APAC-WASHINGTON ASPHALT PLANT,DIRT RD,WASHINGTON,BEAUFORT,35.5941,-77.1186,ON SCREEN PLACEMENT ON GEOREFERENCED MAP,ACMEMAPPER,FALSE,FALSE,https://edocs.deq.nc.gov/WasteManagement/Search.aspx?dbid=0&searchcommand=%7B%5BWM%5D:%5BProgram_ID%5D%20%3D%20%22*NONCD0001206*%22%7D,7/2/2026 12:00:00 AM,-77.1186,35.5941
48932,NONCD0001211,200 NORTH TRYON STREET,200 N. TRYON STREET,CHARLOTTE,MECKLENBURG,35.228,-80.84167,ON SCREEN PLACEMENT ON GEOREFERENCED MAP,ACMEMAPPER,FALSE,FALSE,https://edocs.deq.nc.gov/WasteManagement/Search.aspx?dbid=0&searchcommand=%7B%5BWM%5D:%5BProgram_ID%5D%20%3D%20%22*NONCD0001207*%22%7D,7/2/2026 12:00:00 AM,-80.84167,35.2280000000001
48933,NONCD0001212,WOODLAND MILLS CORP,4021 HWY 108 E,MILL SPRING,POLK,35.29694,-82.16806,ON SCREEN PLACEMENT ON GEOREFERENCED MAP,ACMEMAPPER,FALSE,FALSE,https://edocs.deq.nc.gov/WasteManagement/Search.aspx?dbid=0&searchcommand=%7B%5BWM%5D:%5BProgram_ID%5D%20%3D%20%22*NONCD0001211*%22%7D,7/2/2026 12:00:00 AM,-82.16806,35.2969400000001
48934,NONCD0001213,2ND STREET NE SOLVENTS,"1106 2ND STREET NE, 11TH AVE N",HICKORY,CATAWBA,35.74816,-81.334242,ON SCREEN PLACEMENT ON GEOREFERENCED MAP,ACMEMAPPER,FALSE,FALSE,https://edocs.deq.nc.gov/WasteManagement/Search.aspx?dbid=0&searchcommand=%7B%5BWM%5D:%5BProgram_ID%5D%20%3D%20%22*NONCD0001212*%22%7D,7/2/2026 12:00:00 AM,-81.334242,35.74816
48935,NONCD0001215,WAYNE'S AUTO SALVAGE,11801 MOORESVILLE RD,DAVIDSON,CABARRUS,35.50076,-80.77438,ON SCREEN PLACEMENT ON GEOREFERENCED MAP,ACMEMAPPER,FALSE,FALSE,https://edocs.deq.nc.gov/WasteManagement/Search.aspx?dbid=0&searchcommand=%7B%5BWM%5D:%5BProgram_ID%5D%20%3D%20%22*NONCD0001213*%22%7D,7/2/2026 12:00:00 AM,-80.77438,35.5007600000001
48936,NONCD0001219,HARLEE AVENUE CONTAMINATION,3701 HARLEE AVE,CHARLOTTE,MECKLENBURG,35.23088,-80.93301,ON SCREEN PLACEMENT ON GEOREFERENCED MAP,ACMEMAPPER,FALSE,FALSE,https://edocs.deq.nc.gov/WasteManagement/Search.aspx?dbid=0&searchcommand=%7B%5BWM%5D:%5BProgram_ID%5D%20%3D%20%22*NONCD0001215*%22%7D,7/2/2026 12:00:00 AM,-80.93301,35.2308800000001
48937,NONCD0001223,BROOKS STREET TCE,BROOKS ST,WAKE FOREST,WAKE,35.97242,-78.50995,ON SCREEN PLACEMENT ON GEOREFERENCED MAP,ACMEMAPPER,FALSE,FALSE,https://edocs.deq.nc.gov/WasteManagement/Search.aspx?dbid=0&searchcommand=%7B%5BWM%5D:%5BProgram_ID%5D%20%3D%20%22*NONCD0001219*%22%7D,7/2/2026 12:00:00 AM,-78.5099499999999,35.9724200000001
48938,NONCD0001226,ADAMS-MILLIS PLANT 2/33 - NONUST,838 S. MAIN ST.,MOUNT AIRY,SURRY,36.49457,-80.60157,ON SCREEN PLACEMENT ON GEOREFERENCED MAP,ACMEMAPPER,FALSE,TRUE,https://edocs.deq.nc.gov/WasteManagement/Search.aspx?dbid=0&searchcommand=%7B%5BWM%5D:%5BProgram_ID%5D%20%3D%20%22*NONCD0001223*%22%7D,7/2/2026 12:00:00 AM,-80.60157,36.4945700000001
48939,NONCD0001229,GENERAL STEEL DRUM CORP,4500 SOUTH BLVD,CHARLOTTE,MECKLENBURG,35.18075,-80.87761,ON SCREEN PLACEMENT ON GEOREFERENCED MAP,ACMEMAPPER,FALSE,FALSE,https://edocs.deq.nc.gov/WasteManagement/Search.aspx?dbid=0&searchcommand=%7B%5BWM%5D:%5BProgram_ID%5D%20%3D%20%22*NONCD0001226*%22%7D,7/2/2026 12:00:00 AM,-80.8776099999999,35.18075
48940,NONCD0001230,AG LIQUIDS,2504 DAVIE AVENUE,STATESVILLE,IREDELL,35.80939,-80.84656,ON SCREEN PLACEMENT ON GEOREFERENCED MAP,ACMEMAPPER,FALSE,FALSE,https://edocs.deq.nc.gov/WasteManagement/Search.aspx?dbid=0&searchcommand=%7B%5BWM%5D:%5BProgram_ID%5D%20%3D%20%22*NONCD0001229*%22%7D,7/2/2026 12:00:00 AM,-80.84656,35.8093900000001
48941,NONCD0001231,AIR LIQUIDE,2414 SOUTH BOULEVARD,CHARLOTTE,MECKLENBURG,35.20436,-80.86492,ON SCREEN PLACEMENT ON GEOREFERENCED MAP,ACMEMAPPER,FALSE,FALSE,https://edocs.deq.nc.gov/WasteManagement/Search.aspx?dbid=0&searchcommand=%7B%5BWM%5D:%5BProgram_ID%5D%20%3D%20%22*NONCD0001230*%22%7D,7/2/2026 12:00:00 AM,-80.86492,35.2043600000001
48942,NONCD0001232,INDUSTRIAL & AGRICULTURAL CHEMICALS,2042 BUIE-PHILADELPUS RD,RED SPRINGS,ROBESON,34.73539,-79.14056,ON SCREEN PLACEMENT ON GEOREFERENCED MAP,ACMEMAPPER,FALSE,FALSE,https://edocs.deq.nc.gov/WasteManagement/Search.aspx?dbid=0&searchcommand=%7B%5BWM%5D:%5BProgram_ID%5D%20%3D%20%22*NONCD0001231*%22%7D,7/2/2026 12:00:00 AM,-79.1405599999999,34.7353900000001
48943,NONCD0001233,LOFTIN PROPERTY,2361 LENNOXVILLE RD,BEAUFORT,CARTERET,34.71272,-76.63144,ON SCREEN PLACEMENT ON GEOREFERENCED MAP,ACMEMAPPER,FALSE,FALSE,https://edocs.deq.nc.gov/WasteManagement/Search.aspx?dbid=0&searchcommand=%7B%5BWM%5D:%5BProgram_ID%5D%20%3D%20%22*NONCD0001232*%22%7D,7/2/2026 12:00:00 AM,-76.6314399999999,34.71272
48944,NONCD0001235,ALAMAC KNITS (DYERSBURG CORP.),NC HWY 125,HAMILTON,MARTIN,35.93455,-77.199,ON SCREEN PLACEMENT ON GEOREFERENCED MAP,ACMEMAPPER,FALSE,FALSE,https://edocs.deq.nc.gov/WasteManagement/Search.aspx?dbid=0&searchcommand=%7B%5BWM%5D:%5BProgram_ID%5D%20%3D%20%22*NONCD0001233*%22%7D,7/2/2026 12:00:00 AM,-77.199,35.9345500000001
48945,NONCD0001240,CHROME-RITE PLATING FACILITY,514 SOUTH EASTERN BLVD,FAYETTEVILLE,CUMBERLAND,35.03984,-78.86704,ON SCREEN PLACEMENT ON GEOREFERENCED MAP,ACMEMAPPER,FALSE,FALSE,https://edocs.deq.nc.gov/WasteManagement/Search.aspx?dbid=0&searchcommand=%7B%5BWM%5D:%5BProgram_ID%5D%20%3D%20%22*NONCD0001235*%22%7D,7/2/2026 12:00:00 AM,-78.86704,35.03984
48946,NONCD0001243,ALEXIS SOLVENTS,ALEXIS HIGH SHOALS ROAD,ALEXIS,GASTON,35.39913,-81.12133,ON SCREEN PLACEMENT ON GEOREFERENCED MAP,ACMEMAPPER,FALSE,FALSE,https://edocs.deq.nc.gov/WasteManagement/Search.aspx?dbid=0&searchcommand=%7B%5BWM%5D:%5BProgram_ID%5D%20%3D%20%22*NONCD0001240*%22%7D,7/2/2026 12:00:00 AM,-81.1213299999999,35.3991300000001
48947,NONCD0001244,ALEXVALE FURNITURE PLANT #3,6005 HWY 10 WEST,HICKORY,CATAWBA,35.619467,-81.379882,ON SCREEN PLACEMENT ON GEOREFERENCED MAP,ACMEMAPPER,FALSE,FALSE,https://edocs.deq.nc.gov/WasteManagement/Search.aspx?dbid=0&searchcommand=%7B%5BWM%5D:%5BProgram_ID%5D%20%3D%20%22*NONCD0001243*%22%7D,7/2/2026 12:00:00 AM,-81.379882,35.619467
48948,NONCD0001245,ALLEN-BECK NON-PETROLEUM,HWY 321 N.,GRANITE FALLS,CALDWELL,35.82335,-81.44495,ON SCREEN PLACEMENT ON GEOREFERENCED MAP,ACMEMAPPER,FALSE,TRUE,https://edocs.deq.nc.gov/WasteManagement/Search.aspx?dbid=0&searchcommand=%7B%5BWM%5D:%5BProgram_ID%5D%20%3D%20%22*NONCD0001244*%22%7D,7/2/2026 12:00:00 AM,-81.4449499999999,35.8233500000001
48949,NONCD0001246,VINCENTE WELL,17761 STONE PATH LANE,CONNELLY SPRINGS,BURKE,35.72579,-81.47318,GEOCODE (ADDRESS MATCH),TERRASERVER,FALSE,FALSE,https://edocs.deq.nc.gov/WasteManagement/Search.aspx?dbid=0&searchcommand=%7B%5BWM%5D:%5BProgram_ID%5D%20%3D%20%22*NONCD0001245*%22%7D,7/2/2026 12:00:00 AM,-81.47318,35.7257900000001
48950,NONCD0001248,UNITED SALVAGE,BUTTERCUP LANE,ROANOKE RAPIDS,HALIFAX,36.4406,-77.7019,ON SCREEN PLACEMENT ON GEOREFERENCED MAP,ACMEMAPPER,FALSE,FALSE,https://edocs.deq.nc.gov/WasteManagement/Search.aspx?dbid=0&searchcommand=%7B%5BWM%5D:%5BProgram_ID%5D%20%3D%20%22*NONCD0001246*%22%7D,7/2/2026 12:00:00 AM,-77.7019,36.4406000000001
48951,NONCD0001250,ALMONT SHIPPING,929 N FRONT STREET,WILMINGTON,NEW HANOVER,34.2458,-77.9517,ON SCREEN PLACEMENT ON GEOREFERENCED MAP,ACMEMAPPER,FALSE,FALSE,https://edocs.deq.nc.gov/WasteManagement/Search.aspx?dbid=0&searchcommand=%7B%5BWM%5D:%5BProgram_ID%5D%20%3D%20%22*NONCD0001248*%22%7D,7/2/2026 12:00:00 AM,-77.9517,34.2458
48952,NONCD0001251,ALPHAGARY CORP,9635 INDUSTRIAL DRIVE,PINEVILLE,MECKLENBURG,35.10223,-80.88691,ON SCREEN PLACEMENT ON GEOREFERENCED MAP,ACMEMAPPER,FALSE,FALSE,https://edocs.deq.nc.gov/WasteManagement/Search.aspx?dbid=0&searchcommand=%7B%5BWM%5D:%5BProgram_ID%5D%20%3D%20%22*NONCD0001250*%22%7D,7/2/2026 12:00:00 AM,-80.8869099999999,35.1022300000001
48953,NONCD0001252,AMERICAN COATINGS,506 A RADAR ROAD,GREENSBORO,GUILFORD,36.08916,-79.93433,ON SCREEN PLACEMENT ON GEOREFERENCED MAP,ACMEMAPPER,FALSE,FALSE,https://edocs.deq.nc.gov/WasteManagement/Search.aspx?dbid=0&searchcommand=%7B%5BWM%5D:%5BProgram_ID%5D%20%3D%20%22*NONCD0001251*%22%7D,7/2/2026 12:00:00 AM,-79.93433,36.08916
48954,NONCD0001253,AMERICAN CRANE CORPORATION,202 RALEIGH ST.,WILMINGTON,NEW HANOVER,34.179444,-77.939166,ON SCREEN PLACEMENT ON GEOREFERENCED MAP,ACMEMAPPER,FALSE,FALSE,https://edocs.deq.nc.gov/WasteManagement/Search.aspx?dbid=0&searchcommand=%7B%5BWM%5D:%5BProgram_ID%5D%20%3D%20%22*NONCD0001252*%22%7D,7/2/2026 12:00:00 AM,-77.9391659999999,34.179444
48955,NONCD0001254,AMERICAN DREW PLANT 12,1101 WEST D STREET,NORTH WILKESBORO,WILKES,36.1592,-81.15163,ON SCREEN PLACEMENT ON GEOREFERENCED MAP,ACMEMAPPER,FALSE,FALSE,https://edocs.deq.nc.gov/WasteManagement/Search.aspx?dbid=0&searchcommand=%7B%5BWM%5D:%5BProgram_ID%5D%20%3D%20%22*NONCD0001253*%22%7D,7/2/2026 12:00:00 AM,-81.15163,36.1592000000001
48956,NONCD0001255,AMERICAN FENCE SOLVENTS,3605 SOUTH TRYON STREET,CHARLOTTE,MECKLENBURG,35.19466,-80.878,ON SCREEN PLACEMENT ON GEOREFERENCED MAP,ACMEMAPPER,FALSE,FALSE,https://edocs.deq.nc.gov/WasteManagement/Search.aspx?dbid=0&searchcommand=%7B%5BWM%5D:%5BProgram_ID%5D%20%3D%20%22*NONCD0001254*%22%7D,7/2/2026 12:00:00 AM,-80.878,35.1946600000001
48957,NONCD0001256,AMERICAN TOBACCO CO. - NONUST,301 N.SCALES STREET,REIDSVILLE,ROCKINGHAM,36.36732,-79.66423,ON SCREEN PLACEMENT ON GEOREFERENCED MAP,ACMEMAPPER,FALSE,FALSE,https://edocs.deq.nc.gov/WasteManagement/Search.aspx?dbid=0&searchcommand=%7B%5BWM%5D:%5BProgram_ID%5D%20%3D%20%22*NONCD0001255*%22%7D,7/2/2026 12:00:00 AM,-79.66423,36.3673200000001
48958,NONCD0001257,AMERICAN TRUETZSCHLER,12300 MOORES CHAPEL ROAD,CHARLOTTE,MECKLENBURG,35.259051,-81.002055,ON SCREEN PLACEMENT ON GEOREFERENCED MAP,ACMEMAPPER,FALSE,TRUE,https://edocs.deq.nc.gov/WasteManagement/Search.aspx?dbid=0&searchcommand=%7B%5BWM%5D:%5BProgram_ID%5D%20%3D%20%22*NONCD0001256*%22%7D,7/2/2026 12:00:00 AM,-81.002055,35.2590510000001
48959,NONCD0001258,AMERLINK SPILL,PO BOX 669,BATTLEBORO,NASH,36.07,-77.811388,ON SCREEN PLACEMENT ON GEOREFERENCED MAP,ACMEMAPPER,FALSE,FALSE,https://edocs.deq.nc.gov/WasteManagement/Search.aspx?dbid=0&searchcommand=%7B%5BWM%5D:%5BProgram_ID%5D%20%3D%20%22*NONCD0001257*%22%7D,7/2/2026 12:00:00 AM,-77.811388,36.0700000000001
48960,NONCD0001259,"AMI, LIMITED",2609 TUCKER ST.,BURLINGTON,ALAMANCE,36.06138,-79.45276,ON SCREEN PLACEMENT ON GEOREFERENCED MAP,ACMEMAPPER,FALSE,FALSE,https://edocs.deq.nc.gov/WasteManagement/Search.aspx?dbid=0&searchcommand=%7B%5BWM%5D:%5BProgram_ID%5D%20%3D%20%22*NONCD0001258*%22%7D,7/2/2026 12:00:00 AM,-79.45276,36.06138
48961,NONCD0001262,CROWN PONTIAC-SOLVENT,3904 W WENDOVER AVE,GREENSBORO,GUILFORD,36.0609,-79.87836,ON SCREEN PLACEMENT ON GEOREFERENCED MAP,ACMEMAPPER,FALSE,TRUE,https://edocs.deq.nc.gov/WasteManagement/Search.aspx?dbid=0&searchcommand=%7B%5BWM%5D:%5BProgram_ID%5D%20%3D%20%22*NONCD0001259*%22%7D,7/2/2026 12:00:00 AM,-79.87836,36.0609000000001
48962,NONCD0001263,"AMP, INC. - BUILDING 54",6399 AMP DRIVE,CLEMMONS,FORSYTH,36.03894,-80.38132,ON SCREEN PLACEMENT ON GEOREFERENCED MAP,ACMEMAPPER,FALSE,FALSE,https://edocs.deq.nc.gov/WasteManagement/Search.aspx?dbid=0&searchcommand=%7B%5BWM%5D:%5BProgram_ID%5D%20%3D%20%22*NONCD0001262*%22%7D,7/2/2026 12:00:00 AM,-80.38132,36.03894
48963,NONCD0001265,"AMP, INC. BUILDING 11",1124 N.CHURCH ST.,GREENSBORO,GUILFORD,36.091403,-79.783152,ON SCREEN PLACEMENT ON GEOREFERENCED MAP,ESRI AGOL BASE MAP,FALSE,FALSE,https://edocs.deq.nc.gov/WasteManagement/Search.aspx?dbid=0&searchcommand=%7B%5BWM%5D:%5BProgram_ID%5D%20%3D%20%22*NONCD0001263*%22%7D,7/2/2026 12:00:00 AM,-79.783152,36.0914030000001
48964,NONCD0001271,ANDREX INDUSTRIES,180 DEAVERVIEW RD.,ASHEVILLE,BUNCOMBE,35.5808,-82.61438,ON SCREEN PLACEMENT ON GEOREFERENCED MAP,ACMEMAPPER,FALSE,FALSE,https://edocs.deq.nc.gov/WasteManagement/Search.aspx?dbid=0&searchcommand=%7B%5BWM%5D:%5BProgram_ID%5D%20%3D%20%22*NONCD0001265*%22%7D,7/2/2026 12:00:00 AM,-82.61438,35.5808000000001
48965,NONCD0001273,ANSELL HEALTHCARE,2906 ANACONDA ROAD,TARBORO,EDGECOMBE,35.91245,-77.584364,ON SCREEN PLACEMENT ON GEOREFERENCED MAP,ESRI AGOL BASE MAP,FALSE,TRUE,https://edocs.deq.nc.gov/WasteManagement/Search.aspx?dbid=0&searchcommand=%7B%5BWM%5D:%5BProgram_ID%5D%20%3D%20%22*NONCD0001271*%22%7D,7/2/2026 12:00:00 AM,-77.5843639999999,35.91245
48966,NONCD0001275,AO SMITH ELECTRIC MOTOR,709 AO SMITH RD,MEBANE,ALAMANCE,36.083972,-79.262644,ON SCREEN PLACEMENT ON GEOREFERENCED MAP,ACMEMAPPER,FALSE,TRUE,https://edocs.deq.nc.gov/WasteManagement/Search.aspx?dbid=0&searchcommand=%7B%5BWM%5D:%5BProgram_ID%5D%20%3D%20%22*NONCD0001273*%22%7D,7/2/2026 12:00:00 AM,-79.262644,36.0839720000001
48967,NONCD0001277,"APAC-CAROLINA, INC.",DULUTH LOOP ROAD,GREENSBORO,GUILFORD,36.009016,-79.755613,ON SCREEN PLACEMENT ON GEOREFERENCED MAP,ESRI AGOL BASE MAP,FALSE,FALSE,https://edocs.deq.nc.gov/WasteManagement/Search.aspx?dbid=0&searchcommand=%7B%5BWM%5D:%5BProgram_ID%5D%20%3D%20%22*NONCD0001275*%22%7D,7/2/2026 12:00:00 AM,-79.755613,36.009016
48968,NONCD0001282,ARATEX FACILITY (ARAMARK),2321 WILKINSON BLVD,CHARLOTTE,MECKLENBURG,35.223024,-80.877961,ON SCREEN PLACEMENT ON GEOREFERENCED MAP,ACMEMAPPER,FALSE,FALSE,https://edocs.deq.nc.gov/WasteManagement/Search.aspx?dbid=0&searchcommand=%7B%5BWM%5D:%5BProgram_ID%5D%20%3D%20%22*NONCD0001277*%22%7D,7/2/2026 12:00:00 AM,-80.877961,35.2230240000001
48969,NONCD0001283,ARATEX SERVICES,509 TEAGUE ST.,GREENSBORO,GUILFORD,36.031588,-79.802513,ON SCREEN PLACEMENT ON GEOREFERENCED MAP,ESRI AGOL BASE MAP,FALSE,FALSE,https://edocs.deq.nc.gov/WasteManagement/Search.aspx?dbid=0&searchcommand=%7B%5BWM%5D:%5BProgram_ID%5D%20%3D%20%22*NONCD0001282*%22%7D,7/2/2026 12:00:00 AM,-79.802513,36.0315880000001
48970,NONCD0001286,MOSS FARM RD PCE,1993 MOSS FARM RD,HICKORY,CATAWBA,35.68639,-81.37337,ON SCREEN PLACEMENT ON GEOREFERENCED MAP,ACMEMAPPER,FALSE,FALSE,https://edocs.deq.nc.gov/WasteManagement/Search.aspx?dbid=0&searchcommand=%7B%5BWM%5D:%5BProgram_ID%5D%20%3D%20%22*NONCD0001283*%22%7D,7/2/2026 12:00:00 AM,-81.37337,35.6863900000001
48971,NONCD0001287,AREY/TAYLOR WELLS,24459 HIGHWAY 52,ALBEMARLE,STANLY,35.323722,-80.17904,ON SCREEN PLACEMENT ON GEOREFERENCED MAP,ACMEMAPPER,FALSE,FALSE,https://edocs.deq.nc.gov/WasteManagement/Search.aspx?dbid=0&searchcommand=%7B%5BWM%5D:%5BProgram_ID%5D%20%3D%20%22*NONCD0001286*%22%7D,7/2/2026 12:00:00 AM,-80.17904,35.323722
48972,NONCD0001290,ASHEVILLE MICA COMPANY,75 THOMPSON STREET,ASHEVILLE,BUNCOMBE,35.568888,-82.538888,ON SCREEN PLACEMENT ON GEOREFERENCED MAP,ACMEMAPPER,FALSE,FALSE,https://edocs.deq.nc.gov/WasteManagement/Search.aspx?dbid=0&searchcommand=%7B%5BWM%5D:%5BProgram_ID%5D%20%3D%20%22*NONCD0001287*%22%7D,7/2/2026 12:00:00 AM,-82.538888,35.5688880000001
48973,NONCD0001293,ASSOCIATED MECHANICAL CONTRACTORS,307 SWING ROAD,GREENSBORO,GUILFORD,36.069225,-79.908628,ON SCREEN PLACEMENT ON GEOREFERENCED MAP,ESRI AGOL BASE MAP,FALSE,FALSE,https://edocs.deq.nc.gov/WasteManagement/Search.aspx?dbid=0&searchcommand=%7B%5BWM%5D:%5BProgram_ID%5D%20%3D%20%22*NONCD0001290*%22%7D,7/2/2026 12:00:00 AM,-79.908628,36.0692250000001
48974,NONCD0001294,WACHOVIA CENTER TOWER,100 NORTH MAIN,WINSTON-SALEM,FORSYTH,36.09486,-80.24344,ON SCREEN PLACEMENT ON GEOREFERENCED MAP,ACMEMAPPER,FALSE,FALSE,https://edocs.deq.nc.gov/WasteManagement/Search.aspx?dbid=0&searchcommand=%7B%5BWM%5D:%5BProgram_ID%5D%20%3D%20%22*NONCD0001293*%22%7D,7/2/2026 12:00:00 AM,-80.24344,36.09486
48975,NONCD0001295,HOLT STREET DUMP,HOLT ST,MEBANE,ALAMANCE,36.09575,-79.27726,ON SCREEN PLACEMENT ON GEOREFERENCED MAP,ACMEMAPPER,FALSE,FALSE,https://edocs.deq.nc.gov/WasteManagement/Search.aspx?dbid=0&searchcommand=%7B%5BWM%5D:%5BProgram_ID%5D%20%3D%20%22*NONCD0001294*%22%7D,7/2/2026 12:00:00 AM,-79.27726,36.0957500000001
48976,NONCD0001298,ATLANTIC AUTO SALVAGE,5871 HWY 70 EAST,NEWPORT,CARTERET,34.755277,-76.847777,ON SCREEN PLACEMENT ON GEOREFERENCED MAP,ACMEMAPPER,FALSE,FALSE,https://edocs.deq.nc.gov/WasteManagement/Search.aspx?dbid=0&searchcommand=%7B%5BWM%5D:%5BProgram_ID%5D%20%3D%20%22*NONCD0001295*%22%7D,7/2/2026 12:00:00 AM,-76.847777,34.755277
48977,NONCD0001301,AUTO VERKS,1800 COMMONWEALTH AVENUE,CHARLOTTE,MECKLENBURG,35.21833,-80.81388,ON SCREEN PLACEMENT ON GEOREFERENCED MAP,ACMEMAPPER,FALSE,FALSE,https://edocs.deq.nc.gov/WasteManagement/Search.aspx?dbid=0&searchcommand=%7B%5BWM%5D:%5BProgram_ID%5D%20%3D%20%22*NONCD0001298*%22%7D,7/2/2026 12:00:00 AM,-80.81388,35.21833
48978,NONCD0001303,HARRELL SIGN COMPANY,512 PERSHING RD,RALEIGH,WAKE,35.80416,-78.63321,ON SCREEN PLACEMENT ON GEOREFERENCED MAP,ACMEMAPPER,FALSE,FALSE,https://edocs.deq.nc.gov/WasteManagement/Search.aspx?dbid=0&searchcommand=%7B%5BWM%5D:%5BProgram_ID%5D%20%3D%20%22*NONCD0001301*%22%7D,7/2/2026 12:00:00 AM,-78.63321,35.80416
48979,NONCD0001305,AVONDALE MILLS/HIGH FIVE,700 WEST MAIN STREET,BURNSVILLE,YANCEY,35.91389,-82.31417,ON SCREEN PLACEMENT ON GEOREFERENCED MAP,ACMEMAPPER,FALSE,FALSE,https://edocs.deq.nc.gov/WasteManagement/Search.aspx?dbid=0&searchcommand=%7B%5BWM%5D:%5BProgram_ID%5D%20%3D%20%22*NONCD0001303*%22%7D,7/2/2026 12:00:00 AM,-82.31417,35.91389
48980,NONCD0001308,BACHS MHP SITE,BACH RD & HWY 150E,SHERRILLS FORD,CATAWBA,35.572602,-81.035961,ON SCREEN PLACEMENT ON GEOREFERENCED MAP,ACMEMAPPER,FALSE,FALSE,https://edocs.deq.nc.gov/WasteManagement/Search.aspx?dbid=0&searchcommand=%7B%5BWM%5D:%5BProgram_ID%5D%20%3D%20%22*NONCD0001305*%22%7D,7/2/2026 12:00:00 AM,-81.035961,35.5726020000001
48981,NONCD0001310,BAILEY RESIDENCE,2704 ANACONDA ROAD,TARBORO,EDGECOMBE,35.912557,-77.580084,ON SCREEN PLACEMENT ON GEOREFERENCED MAP,ACMEMAPPER,FALSE,FALSE,https://edocs.deq.nc.gov/WasteManagement/Search.aspx?dbid=0&searchcommand=%7B%5BWM%5D:%5BProgram_ID%5D%20%3D%20%22*NONCD0001308*%22%7D,7/2/2026 12:00:00 AM,-77.5800839999999,35.912557
48982,NONCD0001313,CORTINA FABRICS,3165 VIEWMONT DR,SWEPSONVILLE,ALAMANCE,36.0163,-79.35874,ON SCREEN PLACEMENT ON GEOREFERENCED MAP,ACMEMAPPER,FALSE,FALSE,https://edocs.deq.nc.gov/WasteManagement/Search.aspx?dbid=0&searchcommand=%7B%5BWM%5D:%5BProgram_ID%5D%20%3D%20%22*NONCD0001310*%22%7D,7/2/2026 12:00:00 AM,-79.35874,36.0163000000001
48983,NONCD0001318,BARBER PARK,1500 DANS RD.,GREENSBORO,GUILFORD,36.052335,-79.751768,ON SCREEN PLACEMENT ON GEOREFERENCED MAP,ESRI AGOL BASE MAP,TRUE,FALSE,https://edocs.deq.nc.gov/WasteManagement/Search.aspx?dbid=0&searchcommand=%7B%5BWM%5D:%5BProgram_ID%5D%20%3D%20%22*NONCD0001313*%22%7D,7/2/2026 12:00:00 AM,-79.751768,36.052335
48984,NONCD0001319,BAREFOOT-CAROLINA OIL,850 SOUTH SECOND STREET,ALBEMARLE,STANLY,35.34222,-80.19703,ON SCREEN PLACEMENT ON GEOREFERENCED MAP,ACMEMAPPER,FALSE,FALSE,https://edocs.deq.nc.gov/WasteManagement/Search.aspx?dbid=0&searchcommand=%7B%5BWM%5D:%5BProgram_ID%5D%20%3D%20%22*NONCD0001318*%22%7D,7/2/2026 12:00:00 AM,-80.19703,35.3422200000001
48985,NONCD0001322,BARWELL ROAD WELLS,CHARLES ST & ANN AVE,RALEIGH,WAKE,35.75314,-78.53398,ON SCREEN PLACEMENT ON GEOREFERENCED MAP,ACMEMAPPER,FALSE,FALSE,https://edocs.deq.nc.gov/WasteManagement/Search.aspx?dbid=0&searchcommand=%7B%5BWM%5D:%5BProgram_ID%5D%20%3D%20%22*NONCD0001319*%22%7D,7/2/2026 12:00:00 AM,-78.53398,35.75314
48986,NONCD0001323,BASF-ENKA (OTM BUILDING),SANDHILL ROAD,ASHEVILLE,BUNCOMBE,35.545,-82.655555,ON SCREEN PLACEMENT ON GEOREFERENCED MAP,ACMEMAPPER,FALSE,FALSE,https://edocs.deq.nc.gov/WasteManagement/Search.aspx?dbid=0&searchcommand=%7B%5BWM%5D:%5BProgram_ID%5D%20%3D%20%22*NONCD0001322*%22%7D,7/2/2026 12:00:00 AM,-82.6555549999999,35.5450000000001
48987,NONCD0001326,BEACHAM PROPERTY,420 W TREMONT AVENUE,CHARLOTTE,MECKLENBURG,35.21138,-80.867499,ON SCREEN PLACEMENT ON GEOREFERENCED MAP,ACMEMAPPER,FALSE,FALSE,https://edocs.deq.nc.gov/WasteManagement/Search.aspx?dbid=0&searchcommand=%7B%5BWM%5D:%5BProgram_ID%5D%20%3D%20%22*NONCD0001323*%22%7D,7/2/2026 12:00:00 AM,-80.867499,35.2113800000001
48988,NONCD0001327,BEAM CONSTRUCTION CO,BESS ROAD FACILITY,BESSEMER CITY,GASTON,35.34511,-81.34472,ON SCREEN PLACEMENT ON GEOREFERENCED MAP,ACMEMAPPER,FALSE,FALSE,https://edocs.deq.nc.gov/WasteManagement/Search.aspx?dbid=0&searchcommand=%7B%5BWM%5D:%5BProgram_ID%5D%20%3D%20%22*NONCD0001326*%22%7D,7/2/2026 12:00:00 AM,-81.3447199999999,35.34511
48989,NONCD0001328,BEAM RESIDENCES (KEN AND DON),3367 BURGANDY STREET,MAIDEN,CATAWBA,35.59741,-81.14038,ON SCREEN PLACEMENT ON GEOREFERENCED MAP,ACMEMAPPER,FALSE,FALSE,https://edocs.deq.nc.gov/WasteManagement/Search.aspx?dbid=0&searchcommand=%7B%5BWM%5D:%5BProgram_ID%5D%20%3D%20%22*NONCD0001327*%22%7D,7/2/2026 12:00:00 AM,-81.1403799999999,35.59741
48990,NONCD0001330,BECKER BUILDERS SUPPLY COMPANY,4614 MARKET STREET,WILMINGTON,NEW HANOVER,34.24095,-77.8878,ON SCREEN PLACEMENT ON GEOREFERENCED MAP,ACMEMAPPER,FALSE,FALSE,https://edocs.deq.nc.gov/WasteManagement/Search.aspx?dbid=0&searchcommand=%7B%5BWM%5D:%5BProgram_ID%5D%20%3D%20%22*NONCD0001328*%22%7D,7/2/2026 12:00:00 AM,-77.8878,34.2409500000001
48991,NONCD0001332,"BELL RESIDENCE, JOHN",1508WHITEHART SCH.,THOMASVILLE,DAVIDSON,35.913055,-80.111111,ON SCREEN PLACEMENT ON GEOREFERENCED MAP,ACMEMAPPER,FALSE,FALSE,https://edocs.deq.nc.gov/WasteManagement/Search.aspx?dbid=0&searchcommand=%7B%5BWM%5D:%5BProgram_ID%5D%20%3D%20%22*NONCD0001330*%22%7D,7/2/2026 12:00:00 AM,-80.1111109999999,35.913055
48992,NONCD0001333,OMNISOURCE SE/ATLANTIC SCRAP & PROCESS,410 ATANDO AVE,CHARLOTTE,MECKLENBURG,35.25658,-80.81406,ON SCREEN PLACEMENT ON GEOREFERENCED MAP,ACMEMAPPER,FALSE,FALSE,https://edocs.deq.nc.gov/WasteManagement/Search.aspx?dbid=0&searchcommand=%7B%5BWM%5D:%5BProgram_ID%5D%20%3D%20%22*NONCD0001332*%22%7D,7/2/2026 12:00:00 AM,-80.81406,35.25658
48993,NONCD0001334,BELLSOUTH WORK CENTER SOLVENTS,24TH STREET,CHARLOTTE,MECKLENBURG,35.245833,-80.825277,GEOCODE (ADDRESS MATCH),ACMEMAPPER,FALSE,FALSE,https://edocs.deq.nc.gov/WasteManagement/Search.aspx?dbid=0&searchcommand=%7B%5BWM%5D:%5BProgram_ID%5D%20%3D%20%22*NONCD0001333*%22%7D,7/2/2026 12:00:00 AM,-80.825277,35.2458330000001
48994,NONCD0001335,BELMONT DYERS,18 LINESTONE DRIVE,BELMONT,GASTON,35.23919,-81.01416,ON SCREEN PLACEMENT ON GEOREFERENCED MAP,ACMEMAPPER,FALSE,FALSE,https://edocs.deq.nc.gov/WasteManagement/Search.aspx?dbid=0&searchcommand=%7B%5BWM%5D:%5BProgram_ID%5D%20%3D%20%22*NONCD0001334*%22%7D,7/2/2026 12:00:00 AM,-81.0141599999999,35.2391900000001
48995,NONCD0001336,BELTEX CORPORATION,345 MCADENVILLE ROAD,BELMONT,GASTON,35.254863,-81.061692,ON SCREEN PLACEMENT ON GEOREFERENCED MAP,ACMEMAPPER,FALSE,FALSE,https://edocs.deq.nc.gov/WasteManagement/Search.aspx?dbid=0&searchcommand=%7B%5BWM%5D:%5BProgram_ID%5D%20%3D%20%22*NONCD0001335*%22%7D,7/2/2026 12:00:00 AM,-81.0616919999999,35.2548630000001
48996,NONCD0001337,BENCHMARK MATERIALS,311 S. PLUM ST,DURHAM,DURHAM,35.981944,-78.882777,ON SCREEN PLACEMENT ON GEOREFERENCED MAP,ACMEMAPPER,FALSE,FALSE,https://edocs.deq.nc.gov/WasteManagement/Search.aspx?dbid=0&searchcommand=%7B%5BWM%5D:%5BProgram_ID%5D%20%3D%20%22*NONCD0001336*%22%7D,7/2/2026 12:00:00 AM,-78.882777,35.9819440000001
48997,NONCD0001338,BENDEL CORPORATION,4823 NORTH GRAHAM STREET,CHARLOTTE,MECKLENBURG,35.28016,-80.80744,ON SCREEN PLACEMENT ON GEOREFERENCED MAP,ACMEMAPPER,FALSE,FALSE,https://edocs.deq.nc.gov/WasteManagement/Search.aspx?dbid=0&searchcommand=%7B%5BWM%5D:%5BProgram_ID%5D%20%3D%20%22*NONCD0001337*%22%7D,7/2/2026 12:00:00 AM,-80.80744,35.28016
48998,NONCD0001339,BENFIELDS PAINT AND BODY SHOP,SR 2308,STATESVILLE,IREDELL,35.802783,-80.754101,ON SCREEN PLACEMENT ON GEOREFERENCED MAP,ACMEMAPPER,FALSE,FALSE,https://edocs.deq.nc.gov/WasteManagement/Search.aspx?dbid=0&searchcommand=%7B%5BWM%5D:%5BProgram_ID%5D%20%3D%20%22*NONCD0001338*%22%7D,7/2/2026 12:00:00 AM,-80.7541009999999,35.802783
48999,NONCD0001340,BENSON NEWSPAPER PRINTING,611 CHICOPEE ROAD,BENSON,JOHNSTON,35.37102,-78.54865,ON SCREEN PLACEMENT ON GEOREFERENCED MAP,ACMEMAPPER,FALSE,FALSE,https://edocs.deq.nc.gov/WasteManagement/Search.aspx?dbid=0&searchcommand=%7B%5BWM%5D:%5BProgram_ID%5D%20%3D%20%22*NONCD0001339*%22%7D,7/2/2026 12:00:00 AM,-78.54865,35.37102
49000,NONCD0001341,FREUDENBERG NONWOVENS (FRMR),3440 INDUSTRIAL DR,DURHAM,DURHAM,36.06294,-78.85838,ON SCREEN PLACEMENT ON GEOREFERENCED MAP,ACMEMAPPER,FALSE,FALSE,https://edocs.deq.nc.gov/WasteManagement/Search.aspx?dbid=0&searchcommand=%7B%5BWM%5D:%5BProgram_ID%5D%20%3D%20%22*NONCD0001340*%22%7D,7/2/2026 12:00:00 AM,-78.85838,36.06294
49001,NONCD0001342,BENTON TRUCK SERVICE,EASTERN BLVD.,FAYETTEVILLE,CUMBERLAND,35.02752,-78.88362,ON SCREEN PLACEMENT ON GEOREFERENCED MAP,ACMEMAPPER,FALSE,FALSE,https://edocs.deq.nc.gov/WasteManagement/Search.aspx?dbid=0&searchcommand=%7B%5BWM%5D:%5BProgram_ID%5D%20%3D%20%22*NONCD0001341*%22%7D,7/2/2026 12:00:00 AM,-78.88362,35.02752
49002,NONCD0001344,BESSEMER CITY ROAD PCE SITE,BESSEMER CITY RD,BESSEMER CITY,GASTON,35.28765,-81.24352,ON SCREEN PLACEMENT ON GEOREFERENCED MAP,ACMEMAPPER,FALSE,FALSE,https://edocs.deq.nc.gov/WasteManagement/Search.aspx?dbid=0&searchcommand=%7B%5BWM%5D:%5BProgram_ID%5D%20%3D%20%22*NONCD0001342*%22%7D,7/2/2026 12:00:00 AM,-81.24352,35.28765
49003,NONCD0001348,BIG APPLE FARM SUPPLY - SOLVENTS,407 SW MARKET STREET,REIDSVILLE,ROCKINGHAM,36.357345,-79.662804,ON SCREEN PLACEMENT ON GEOREFERENCED MAP,ACMEMAPPER,FALSE,FALSE,https://edocs.deq.nc.gov/WasteManagement/Search.aspx?dbid=0&searchcommand=%7B%5BWM%5D:%5BProgram_ID%5D%20%3D%20%22*NONCD0001344*%22%7D,7/2/2026 12:00:00 AM,-79.6628039999999,36.3573450000001
49004,NONCD0001350,PHOENIX RECYCLING,HWY 70 & PINE GROVE RD,HAVELOCK,CRAVEN,34.927313,-76.942732,ON SCREEN PLACEMENT ON GEOREFERENCED MAP,ACMEMAPPER,FALSE,FALSE,https://edocs.deq.nc.gov/WasteManagement/Search.aspx?dbid=0&searchcommand=%7B%5BWM%5D:%5BProgram_ID%5D%20%3D%20%22*NONCD0001348*%22%7D,7/2/2026 12:00:00 AM,-76.942732,34.927313
49005,NONCD0001351,BILLER PROPERTY,S. EUGENE ST.,GREENSBORO,GUILFORD,36.062735,-79.792313,ON SCREEN PLACEMENT ON GEOREFERENCED MAP,ESRI AGOL BASE MAP,FALSE,FALSE,https://edocs.deq.nc.gov/WasteManagement/Search.aspx?dbid=0&searchcommand=%7B%5BWM%5D:%5BProgram_ID%5D%20%3D%20%22*NONCD0001350*%22%7D,7/2/2026 12:00:00 AM,-79.792313,36.062735
49006,NONCD0001352,BIRNAMWOOD LANE,14624 BIRNAMWOOD LANE,CHARLOTTE,MECKLENBURG,35.09538,-81.00247,ON SCREEN PLACEMENT ON GEOREFERENCED MAP,ACMEMAPPER,FALSE,FALSE,https://edocs.deq.nc.gov/WasteManagement/Search.aspx?dbid=0&searchcommand=%7B%5BWM%5D:%5BProgram_ID%5D%20%3D%20%22*NONCD0001351*%22%7D,7/2/2026 12:00:00 AM,-81.00247,35.09538
49007,NONCD0001353,BLANTON WELL PCE SITE,1038 OLD CHURCH ROAD,GASTONIA,GASTON,35.208929,-81.25266,ON SCREEN PLACEMENT ON GEOREFERENCED MAP,ACMEMAPPER,FALSE,FALSE,https://edocs.deq.nc.gov/WasteManagement/Search.aspx?dbid=0&searchcommand=%7B%5BWM%5D:%5BProgram_ID%5D%20%3D%20%22*NONCD0001352*%22%7D,7/2/2026 12:00:00 AM,-81.2526599999999,35.2089290000001
49008,NONCD0001354,SWEDEN RD PCE,4710 & 4746 SWEDEN RD,CHARLOTTE,MECKLENBURG,35.13028,-80.88099,ON SCREEN PLACEMENT ON GEOREFERENCED MAP,ACMEMAPPER,FALSE,FALSE,https://edocs.deq.nc.gov/WasteManagement/Search.aspx?dbid=0&searchcommand=%7B%5BWM%5D:%5BProgram_ID%5D%20%3D%20%22*NONCD0001353*%22%7D,7/2/2026 12:00:00 AM,-80.8809899999999,35.13028
49009,NONCD0001355,BLOOMSBURG MILLS PLANT - SOLVENT,3000 STITT ST,MONROE,UNION,34.98459,-80.494,ON SCREEN PLACEMENT ON GEOREFERENCED MAP,ACMEMAPPER,FALSE,FALSE,https://edocs.deq.nc.gov/WasteManagement/Search.aspx?dbid=0&searchcommand=%7B%5BWM%5D:%5BProgram_ID%5D%20%3D%20%22*NONCD0001354*%22%7D,7/2/2026 12:00:00 AM,-80.494,34.98459
49010,NONCD0001357,BLUE RIDGE BROADCASTING,3049 US HIGHWAY 70,BLACK MOUNTAIN,BUNCOMBE,35.60679,-82.34884,ON SCREEN PLACEMENT ON GEOREFERENCED MAP,ACMEMAPPER,FALSE,FALSE,https://edocs.deq.nc.gov/WasteManagement/Search.aspx?dbid=0&searchcommand=%7B%5BWM%5D:%5BProgram_ID%5D%20%3D%20%22*NONCD0001355*%22%7D,7/2/2026 12:00:00 AM,-82.3488399999999,35.60679
49011,NONCD0001360,BLYTHE CONSTRUCTION-PINEVILLE,10500 OLD NATIONS FORD ROAD,PINEVILLE,MECKLENBURG,35.11492,-80.89774,ON SCREEN PLACEMENT ON GEOREFERENCED MAP,ACMEMAPPER,FALSE,FALSE,https://edocs.deq.nc.gov/WasteManagement/Search.aspx?dbid=0&searchcommand=%7B%5BWM%5D:%5BProgram_ID%5D%20%3D%20%22*NONCD0001357*%22%7D,7/2/2026 12:00:00 AM,-80.8977399999999,35.11492
49012,NONCD0001362,JAY'S HYDRAULICS (FRMR),1911 NC HWY 902,PITTSBORO,CHATHAM,35.701194,-79.205858,ON SCREEN PLACEMENT ON GEOREFERENCED MAP,ACMEMAPPER,FALSE,FALSE,https://edocs.deq.nc.gov/WasteManagement/Search.aspx?dbid=0&searchcommand=%7B%5BWM%5D:%5BProgram_ID%5D%20%3D%20%22*NONCD0001360*%22%7D,7/2/2026 12:00:00 AM,-79.205858,35.701194
49013,NONCD0001365,STEVECOKNIT FABRICS COMPANY-B,2602 S ELM ST,GREENSBORO,GUILFORD,36.04166,-79.79305,ON SCREEN PLACEMENT ON GEOREFERENCED MAP,ACMEMAPPER,FALSE,FALSE,https://edocs.deq.nc.gov/WasteManagement/Search.aspx?dbid=0&searchcommand=%7B%5BWM%5D:%5BProgram_ID%5D%20%3D%20%22*NONCD0001362*%22%7D,7/2/2026 12:00:00 AM,-79.7930499999999,36.04166
49014,NONCD0001366,BONDS DISTRIBUTING - SOLVENTS,10227 MALLARD CREEK ROAD,CHARLOTTE,MECKLENBURG,35.340287,-80.770238,ON SCREEN PLACEMENT ON GEOREFERENCED MAP,ACMEMAPPER,FALSE,FALSE,https://edocs.deq.nc.gov/WasteManagement/Search.aspx?dbid=0&searchcommand=%7B%5BWM%5D:%5BProgram_ID%5D%20%3D%20%22*NONCD0001365*%22%7D,7/2/2026 12:00:00 AM,-80.7702379999999,35.340287
49015,NONCD0001367,CRESS PROPERTY/BOSTIAN HEIGHTS SOLVENTS,8207 OLD CONCORD ROAD,SALISBURY,ROWAN,35.56113,-80.51727,ON SCREEN PLACEMENT ON GEOREFERENCED MAP,ACMEMAPPER,FALSE,FALSE,https://edocs.deq.nc.gov/WasteManagement/Search.aspx?dbid=0&searchcommand=%7B%5BWM%5D:%5BProgram_ID%5D%20%3D%20%22*NONCD0001366*%22%7D,7/2/2026 12:00:00 AM,-80.5172699999999,35.56113
49016,NONCD0001368,BOSTON GEAR,506 SOUTH BICKETT BOULEVARD,LOUISBURG,FRANKLIN,36.08378,-78.31238,ON SCREEN PLACEMENT ON GEOREFERENCED MAP,ACMEMAPPER,FALSE,FALSE,https://edocs.deq.nc.gov/WasteManagement/Search.aspx?dbid=0&searchcommand=%7B%5BWM%5D:%5BProgram_ID%5D%20%3D%20%22*NONCD0001367*%22%7D,7/2/2026 12:00:00 AM,-78.31238,36.08378
49017,NONCD0001370,BOWERS ESTATE,107 S. URBAN STREET,THOMASVILLE,DAVIDSON,35.88857,-80.11455,GEOCODE (ADDRESS MATCH),ACMEMAPPER,FALSE,FALSE,https://edocs.deq.nc.gov/WasteManagement/Search.aspx?dbid=0&searchcommand=%7B%5BWM%5D:%5BProgram_ID%5D%20%3D%20%22*NONCD0001368*%22%7D,7/2/2026 12:00:00 AM,-80.11455,35.8885700000001
49018,NONCD0001371,BOWMAN BODY SHOP(FREDS),ST. ANDREWS CHURCH RD,HENDERSON,VANCE,36.35665,-78.4204,ON SCREEN PLACEMENT ON GEOREFERENCED MAP,ACMEMAPPER,FALSE,FALSE,https://edocs.deq.nc.gov/WasteManagement/Search.aspx?dbid=0&searchcommand=%7B%5BWM%5D:%5BProgram_ID%5D%20%3D%20%22*NONCD0001370*%22%7D,7/2/2026 12:00:00 AM,-78.4204,36.3566500000001
49019,NONCD0001372,BOXER TEXTILE MACHINERY CO,1000 WEST MOREHEAD STREET,CHARLOTTE,MECKLENBURG,35.22844,-80.85836,ON SCREEN PLACEMENT ON GEOREFERENCED MAP,ACMEMAPPER,FALSE,FALSE,https://edocs.deq.nc.gov/WasteManagement/Search.aspx?dbid=0&searchcommand=%7B%5BWM%5D:%5BProgram_ID%5D%20%3D%20%22*NONCD0001371*%22%7D,7/2/2026 12:00:00 AM,-80.8583599999999,35.22844
49020,NONCD0001373,BRAKE XPERTS (FORMER),1579 HIGHWAY 29N,CONCORD,CABARRUS,35.44238,-80.609075,ON SCREEN PLACEMENT ON GEOREFERENCED MAP,ACMEMAPPER,FALSE,FALSE,https://edocs.deq.nc.gov/WasteManagement/Search.aspx?dbid=0&searchcommand=%7B%5BWM%5D:%5BProgram_ID%5D%20%3D%20%22*NONCD0001372*%22%7D,7/2/2026 12:00:00 AM,-80.609075,35.4423800000001
49021,NONCD0001377,BREKENWOOD SUBDIVISION,2105 E. BREKENWOOD COURT,PLEASANT GARDEN,GUILFORD,35.973695,-79.746045,ON SCREEN PLACEMENT ON GEOREFERENCED MAP,ACMEMAPPER,FALSE,FALSE,https://edocs.deq.nc.gov/WasteManagement/Search.aspx?dbid=0&searchcommand=%7B%5BWM%5D:%5BProgram_ID%5D%20%3D%20%22*NONCD0001373*%22%7D,7/2/2026 12:00:00 AM,-79.746045,35.9736950000001
49022,NONCD0001379,LYTLE COVE RD SOLVENT CONTAMINATION,LYTLE COVE RD,SWANNANOA,BUNCOMBE,35.601182,-82.365826,ON SCREEN PLACEMENT ON GEOREFERENCED MAP,ACMEMAPPER,FALSE,FALSE,https://edocs.deq.nc.gov/WasteManagement/Search.aspx?dbid=0&searchcommand=%7B%5BWM%5D:%5BProgram_ID%5D%20%3D%20%22*NONCD0001377*%22%7D,7/2/2026 12:00:00 AM,-82.365826,35.6011820000001
49023,NONCD0001380,BRIDGESTONE/FIRESTONE RETAIL SERVICES,530 S TRYON STREET,CHARLOTTE,MECKLENBURG,35.22402,-80.847953,ON SCREEN PLACEMENT ON GEOREFERENCED MAP,ACMEMAPPER,FALSE,FALSE,https://edocs.deq.nc.gov/WasteManagement/Search.aspx?dbid=0&searchcommand=%7B%5BWM%5D:%5BProgram_ID%5D%20%3D%20%22*NONCD0001379*%22%7D,7/2/2026 12:00:00 AM,-80.847953,35.2240200000001
49024,NONCD0001383,"BRIN MONT CHEMICALS, INC.",3921 SPRING GARDEN ST,GREENSBORO,GUILFORD,36.06398,-79.86546,ON SCREEN PLACEMENT ON GEOREFERENCED MAP,ACMEMAPPER,FALSE,FALSE,https://edocs.deq.nc.gov/WasteManagement/Search.aspx?dbid=0&searchcommand=%7B%5BWM%5D:%5BProgram_ID%5D%20%3D%20%22*NONCD0001380*%22%7D,7/2/2026 12:00:00 AM,-79.86546,36.0639800000001
49025,NONCD0001384,STANDARD UNIFORM,600 PHILLIP DAVIS DR,CHARLOTTE,MECKLENBURG,35.19321,-80.88807,ON SCREEN PLACEMENT ON GEOREFERENCED MAP,ACMEMAPPER,FALSE,FALSE,https://edocs.deq.nc.gov/WasteManagement/Search.aspx?dbid=0&searchcommand=%7B%5BWM%5D:%5BProgram_ID%5D%20%3D%20%22*NONCD0001383*%22%7D,7/2/2026 12:00:00 AM,-80.88807,35.1932100000001
49026,NONCD0001386,SUPERIOR ESSEX,2801 ANACONDA RD,TARBORO,EDGECOMBE,35.90962,-77.58168,ON SCREEN PLACEMENT ON GEOREFERENCED MAP,ACMEMAPPER,FALSE,FALSE,https://edocs.deq.nc.gov/WasteManagement/Search.aspx?dbid=0&searchcommand=%7B%5BWM%5D:%5BProgram_ID%5D%20%3D%20%22*NONCD0001384*%22%7D,7/2/2026 12:00:00 AM,-77.5816799999999,35.9096200000001
49027,NONCD0001387,BROOKWOOD DEVELOPMENT,301 SOUTH COLLEGE STREET,CHARLOTTE,MECKLENBURG,35.12649,-80.92534,ON SCREEN PLACEMENT ON GEOREFERENCED MAP,ACMEMAPPER,FALSE,FALSE,https://edocs.deq.nc.gov/WasteManagement/Search.aspx?dbid=0&searchcommand=%7B%5BWM%5D:%5BProgram_ID%5D%20%3D%20%22*NONCD0001386*%22%7D,7/2/2026 12:00:00 AM,-80.9253399999999,35.12649
49028,NONCD0001388,BROOKWOOD INDUSTRIAL,127 CHARTER ST,ALBERMARLE,STANLY,35.35084,-80.15486,ON SCREEN PLACEMENT ON GEOREFERENCED MAP,ACMEMAPPER,FALSE,FALSE,https://edocs.deq.nc.gov/WasteManagement/Search.aspx?dbid=0&searchcommand=%7B%5BWM%5D:%5BProgram_ID%5D%20%3D%20%22*NONCD0001387*%22%7D,7/2/2026 12:00:00 AM,-80.15486,35.3508400000001
49029,NONCD0001390,"BROWN, FRANCES AND LARRY SOMERS WELLS",3089 NC 150,REIDSVILLE,ROCKINGHAM,36.30048,-79.55493,ON SCREEN PLACEMENT ON GEOREFERENCED MAP,ACMEMAPPER,FALSE,FALSE,https://edocs.deq.nc.gov/WasteManagement/Search.aspx?dbid=0&searchcommand=%7B%5BWM%5D:%5BProgram_ID%5D%20%3D%20%22*NONCD0001388*%22%7D,7/2/2026 12:00:00 AM,-79.55493,36.3004800000001
49030,NONCD0001391,BROWNS RADIATOR SERVICE,2136 WRIGHTSVILLE AVE,WILMINGTON,NEW HANOVER,34.22927,-77.92054,ON SCREEN PLACEMENT ON GEOREFERENCED MAP,ACMEMAPPER,FALSE,FALSE,https://edocs.deq.nc.gov/WasteManagement/Search.aspx?dbid=0&searchcommand=%7B%5BWM%5D:%5BProgram_ID%5D%20%3D%20%22*NONCD0001390*%22%7D,7/2/2026 12:00:00 AM,-77.92054,34.22927
49031,NONCD0001393,PILOT MILLS,1121 HAYNES ST,RALEIGH,WAKE,35.795038,-78.637892,ON SCREEN PLACEMENT ON GEOREFERENCED MAP,ACMEMAPPER,FALSE,FALSE,https://edocs.deq.nc.gov/WasteManagement/Search.aspx?dbid=0&searchcommand=%7B%5BWM%5D:%5BProgram_ID%5D%20%3D%20%22*NONCD0001391*%22%7D,7/2/2026 12:00:00 AM,-78.637892,35.795038
49032,NONCD0001397,BURKART CAROLINA,DABNEY DRIVE,HENDERSON,VANCE,36.33602,-78.43669,ON SCREEN PLACEMENT ON GEOREFERENCED MAP,ACMEMAPPER,FALSE,FALSE,https://edocs.deq.nc.gov/WasteManagement/Search.aspx?dbid=0&searchcommand=%7B%5BWM%5D:%5BProgram_ID%5D%20%3D%20%22*NONCD0001393*%22%7D,7/2/2026 12:00:00 AM,-78.4366899999999,36.3360200000001
49033,NONCD0001398,"BURKE MILLS, INC.",119 STERLING ST.,VALDESE,BURKE,35.748611,-81.5775,ON SCREEN PLACEMENT ON GEOREFERENCED MAP,ACMEMAPPER,FALSE,FALSE,https://edocs.deq.nc.gov/WasteManagement/Search.aspx?dbid=0&searchcommand=%7B%5BWM%5D:%5BProgram_ID%5D%20%3D%20%22*NONCD0001397*%22%7D,7/2/2026 12:00:00 AM,-81.5775,35.748611
49034,NONCD0001399,BURKE'S HARDWARE,5227 HILLSBOROUGH STREET,RALEIGH,WAKE,35.79093,-78.71471,ON SCREEN PLACEMENT ON GEOREFERENCED MAP,UNKNOWN,FALSE,FALSE,https://edocs.deq.nc.gov/WasteManagement/Search.aspx?dbid=0&searchcommand=%7B%5BWM%5D:%5BProgram_ID%5D%20%3D%20%22*NONCD0001398*%22%7D,7/2/2026 12:00:00 AM,-78.71471,35.7909300000001
49035,NONCD0001400,BURLINGTON HOUSE REIDSVILLE PLANT,2362 HOLIDAY LOOP ROAD,REIDSVILLE,ROCKINGHAM,36.32278,-79.62783,ON SCREEN PLACEMENT ON GEOREFERENCED MAP,ACMEMAPPER,FALSE,TRUE,https://edocs.deq.nc.gov/WasteManagement/Search.aspx?dbid=0&searchcommand=%7B%5BWM%5D:%5BProgram_ID%5D%20%3D%20%22*NONCD0001399*%22%7D,7/2/2026 12:00:00 AM,-79.62783,36.3227800000001
49036,NONCD0001401,BURLINGTON IND. - WILLIAMSBURG PLANT,SR 1100,MATKINS,CASWELL,36.25618,-79.5169,ON SCREEN PLACEMENT ON GEOREFERENCED MAP,ACMEMAPPER,FALSE,FALSE,https://edocs.deq.nc.gov/WasteManagement/Search.aspx?dbid=0&searchcommand=%7B%5BWM%5D:%5BProgram_ID%5D%20%3D%20%22*NONCD0001400*%22%7D,7/2/2026 12:00:00 AM,-79.5169,36.25618
49037,NONCD0001402,BURLINGTON INDUSTRIES,476 SOUTH MAIN STREET,MOORESVILLE,IREDELL,35.57643,-80.820067,ON SCREEN PLACEMENT ON GEOREFERENCED MAP,ACMEMAPPER,FALSE,FALSE,https://edocs.deq.nc.gov/WasteManagement/Search.aspx?dbid=0&searchcommand=%7B%5BWM%5D:%5BProgram_ID%5D%20%3D%20%22*NONCD0001401*%22%7D,7/2/2026 12:00:00 AM,-80.8200669999999,35.5764300000001
49038,NONCD0001403,WAKEFIELD CITGO,23 SUNNYBROOK RD,RALEIGH,WAKE,35.78703,-78.58547,ON SCREEN PLACEMENT ON GEOREFERENCED MAP,ACMEMAPPER,FALSE,FALSE,https://edocs.deq.nc.gov/WasteManagement/Search.aspx?dbid=0&searchcommand=%7B%5BWM%5D:%5BProgram_ID%5D%20%3D%20%22*NONCD0001402*%22%7D,7/2/2026 12:00:00 AM,-78.58547,35.7870300000001
49039,NONCD0001404,BURLINGTON INDUSTRIES (FORMER),WEST MAIN ST,DURHAM,DURHAM,36.00821,-78.92681,ON SCREEN PLACEMENT ON GEOREFERENCED MAP,ACMEMAPPER,FALSE,FALSE,https://edocs.deq.nc.gov/WasteManagement/Search.aspx?dbid=0&searchcommand=%7B%5BWM%5D:%5BProgram_ID%5D%20%3D%20%22*NONCD0001403*%22%7D,7/2/2026 12:00:00 AM,-78.92681,36.0082100000001
49040,NONCD0001405,BURLINGTON INDUSTRIES-SMITHFIELD,"1305 GRAM STREET, PO BOX 691",SMITHFIELD,JOHNSTON,35.513055,-78.332222,ON SCREEN PLACEMENT ON GEOREFERENCED MAP,ACMEMAPPER,FALSE,FALSE,https://edocs.deq.nc.gov/WasteManagement/Search.aspx?dbid=0&searchcommand=%7B%5BWM%5D:%5BProgram_ID%5D%20%3D%20%22*NONCD0001404*%22%7D,7/2/2026 12:00:00 AM,-78.3322219999999,35.5130550000001
49041,NONCD0001408,CARTER G. WOODSON CHARTER SCHOOL,420 GOLDFLOSS ST,WINSTON-SALEM,FORSYTH,36.06652,-80.23111,ON SCREEN PLACEMENT ON GEOREFERENCED MAP,ACMEMAPPER,FALSE,TRUE,https://edocs.deq.nc.gov/WasteManagement/Search.aspx?dbid=0&searchcommand=%7B%5BWM%5D:%5BProgram_ID%5D%20%3D%20%22*NONCD0001405*%22%7D,7/2/2026 12:00:00 AM,-80.2311099999999,36.06652
49042,NONCD0001410,BUTLER WARNER GENERATING PLANT,CLUSTER AVENUE (SR 1723),FAYETTEVILLE,CUMBERLAND,35.09852,-78.832132,ON SCREEN PLACEMENT ON GEOREFERENCED MAP,ACMEMAPPER,FALSE,FALSE,https://edocs.deq.nc.gov/WasteManagement/Search.aspx?dbid=0&searchcommand=%7B%5BWM%5D:%5BProgram_ID%5D%20%3D%20%22*NONCD0001408*%22%7D,7/2/2026 12:00:00 AM,-78.8321319999999,35.0985200000001
49043,NONCD0001411,CAROLINA TELEPHONE-BUXTON,48161 NC 12 HWY,BUXTON,DARE,35.26733,-75.54345,ON SCREEN PLACEMENT ON GEOREFERENCED MAP,ACMEMAPPER,FALSE,FALSE,https://edocs.deq.nc.gov/WasteManagement/Search.aspx?dbid=0&searchcommand=%7B%5BWM%5D:%5BProgram_ID%5D%20%3D%20%22*NONCD0001410*%22%7D,7/2/2026 12:00:00 AM,-75.54345,35.2673300000001
49044,NONCD0001413,C BAKER WELL,6505 WISTERIA DRIVE,CHARLOTTE,MECKLENBURG,35.147021,-80.874747,ON SCREEN PLACEMENT ON GEOREFERENCED MAP,ACMEMAPPER,FALSE,FALSE,https://edocs.deq.nc.gov/WasteManagement/Search.aspx?dbid=0&searchcommand=%7B%5BWM%5D:%5BProgram_ID%5D%20%3D%20%22*NONCD0001411*%22%7D,7/2/2026 12:00:00 AM,-80.874747,35.1470210000001
49045,NONCD0001414,C&C SCRAP METAL,1538 BETHLEHEM ROAD,KINGS MOUNTAIN,CLEVELAND,35.20386,-81.39005,ON SCREEN PLACEMENT ON GEOREFERENCED MAP,ACMEMAPPER,FALSE,FALSE,https://edocs.deq.nc.gov/WasteManagement/Search.aspx?dbid=0&searchcommand=%7B%5BWM%5D:%5BProgram_ID%5D%20%3D%20%22*NONCD0001413*%22%7D,7/2/2026 12:00:00 AM,-81.39005,35.2038600000001
49046,NONCD0001416,CALDWELL FREIGHT LINES,2550 HICKORY BOULEVARD SOUTHWE,LENOIR,CALDWELL,35.86579,-81.49787,ON SCREEN PLACEMENT ON GEOREFERENCED MAP,ACMEMAPPER,FALSE,FALSE,https://edocs.deq.nc.gov/WasteManagement/Search.aspx?dbid=0&searchcommand=%7B%5BWM%5D:%5BProgram_ID%5D%20%3D%20%22*NONCD0001414*%22%7D,7/2/2026 12:00:00 AM,-81.49787,35.8657900000001
49047,NONCD0001419,PETERBILT OF DUNN ""B"" PARCEL,1365 SADLER RD,DUNN,HARNETT,35.33432,-78.56306,ON SCREEN PLACEMENT ON GEOREFERENCED MAP,ACMEMAPPER,FALSE,FALSE,https://edocs.deq.nc.gov/WasteManagement/Search.aspx?dbid=0&searchcommand=%7B%5BWM%5D:%5BProgram_ID%5D%20%3D%20%22*NONCD0001416*%22%7D,7/2/2026 12:00:00 AM,-78.56306,35.33432
49048,NONCD0001420,CSX HAMLET DIESEL SHOP,NC 177,HAMLET,RICHMOND,34.91562,-79.66532,ON SCREEN PLACEMENT ON GEOREFERENCED MAP,ACMEMAPPER,TRUE,FALSE,https://edocs.deq.nc.gov/WasteManagement/Search.aspx?dbid=0&searchcommand=%7B%5BWM%5D:%5BProgram_ID%5D%20%3D%20%22*NONCD0001419*%22%7D,7/2/2026 12:00:00 AM,-79.66532,34.91562
49049,NONCD0001425,PETERBILT OF DUNN ""A"" PARCEL,1185 SADLER RD,DUNN,HARNETT,35.33227,-78.56436,ON SCREEN PLACEMENT ON GEOREFERENCED MAP,ACMEMAPPER,FALSE,TRUE,https://edocs.deq.nc.gov/WasteManagement/Search.aspx?dbid=0&searchcommand=%7B%5BWM%5D:%5BProgram_ID%5D%20%3D%20%22*NONCD0001420*%22%7D,7/2/2026 12:00:00 AM,-78.56436,35.3322700000001
49050,NONCD0001427,CANNON BLVD SOLVENT SITE,2800 BLOCK CANNON BLVD,KANNAPOLIS,ROWAN,35.531988,-80.608544,ON SCREEN PLACEMENT ON GEOREFERENCED MAP,ACMEMAPPER,FALSE,FALSE,https://edocs.deq.nc.gov/WasteManagement/Search.aspx?dbid=0&searchcommand=%7B%5BWM%5D:%5BProgram_ID%5D%20%3D%20%22*NONCD0001425*%22%7D,7/2/2026 12:00:00 AM,-80.6085439999999,35.5319880000001
49051,NONCD0001429,CAPE FEAR AUTO,4222 OLEANDER DR,WILMINGTON,NEW HANOVER,34.21005,-77.89097,ON SCREEN PLACEMENT ON GEOREFERENCED MAP,ACMEMAPPER,FALSE,FALSE,https://edocs.deq.nc.gov/WasteManagement/Search.aspx?dbid=0&searchcommand=%7B%5BWM%5D:%5BProgram_ID%5D%20%3D%20%22*NONCD0001427*%22%7D,7/2/2026 12:00:00 AM,-77.89097,34.21005
49052,NONCD0001430,DELL MOORE PROPERTY,5815 HILLSBOROUGH ST,RALEIGH,WAKE,35.7859,-78.72938,ON SCREEN PLACEMENT ON GEOREFERENCED MAP,ACMEMAPPER,FALSE,FALSE,https://edocs.deq.nc.gov/WasteManagement/Search.aspx?dbid=0&searchcommand=%7B%5BWM%5D:%5BProgram_ID%5D%20%3D%20%22*NONCD0001429*%22%7D,7/2/2026 12:00:00 AM,-78.7293799999999,35.7859
49053,NONCD0001432,THE CAPE GOLF COURSE,535 THE CAPE BLVD,WILMINGTON,NEW HANOVER,34.07041,-77.90753,ON SCREEN PLACEMENT ON GEOREFERENCED MAP,ACMEMAPPER,FALSE,FALSE,https://edocs.deq.nc.gov/WasteManagement/Search.aspx?dbid=0&searchcommand=%7B%5BWM%5D:%5BProgram_ID%5D%20%3D%20%22*NONCD0001430*%22%7D,7/2/2026 12:00:00 AM,-77.90753,34.07041
49054,NONCD0001434,"CAPRI INDUSTRIES, INC.",1401 BURKEMONT AVE.,MORGANTON,BURKE,35.71186,-81.699,ON SCREEN PLACEMENT ON GEOREFERENCED MAP,ACMEMAPPER,FALSE,FALSE,https://edocs.deq.nc.gov/WasteManagement/Search.aspx?dbid=0&searchcommand=%7B%5BWM%5D:%5BProgram_ID%5D%20%3D%20%22*NONCD0001432*%22%7D,7/2/2026 12:00:00 AM,-81.699,35.7118600000001
49055,NONCD0001436,YORKSHIRE DRIVE,2100 YORKSHIRE DR,GREENSBORO,GUILFORD,36.04255,-79.74619,ON SCREEN PLACEMENT ON GEOREFERENCED MAP,ACMEMAPPER,FALSE,FALSE,https://edocs.deq.nc.gov/WasteManagement/Search.aspx?dbid=0&searchcommand=%7B%5BWM%5D:%5BProgram_ID%5D%20%3D%20%22*NONCD0001434*%22%7D,7/2/2026 12:00:00 AM,-79.74619,36.0425500000001
49056,NONCD0001446,INTERSTATE SIGN CO,1990 ROCKFORD ST,MOUNT AIRY,SURRY,36.48326928,-80.61600238,GPS (2-5 METER),,FALSE,FALSE,https://edocs.deq.nc.gov/WasteManagement/Search.aspx?dbid=0&searchcommand=%7B%5BWM%5D:%5BProgram_ID%5D%20%3D%20%22*NONCD0001436*%22%7D,7/2/2026 12:00:00 AM,-80.6160023799999,36.4832692800001
49057,NONCD0001450,CAROLINA TIRE #2933,670 WEAVERVILLE HWY.,ASHEVILLE,BUNCOMBE,35.67675,-82.57686,ON SCREEN PLACEMENT ON GEOREFERENCED MAP,ACMEMAPPER,FALSE,FALSE,https://edocs.deq.nc.gov/WasteManagement/Search.aspx?dbid=0&searchcommand=%7B%5BWM%5D:%5BProgram_ID%5D%20%3D%20%22*NONCD0001446*%22%7D,7/2/2026 12:00:00 AM,-82.57686,35.67675
49058,NONCD0001451,CAROLINA TIRE #2936,990 PATTON AVE.,ASHEVILLE,BUNCOMBE,35.58638,-82.59038,ON SCREEN PLACEMENT ON GEOREFERENCED MAP,ACMEMAPPER,FALSE,FALSE,https://edocs.deq.nc.gov/WasteManagement/Search.aspx?dbid=0&searchcommand=%7B%5BWM%5D:%5BProgram_ID%5D%20%3D%20%22*NONCD0001450*%22%7D,7/2/2026 12:00:00 AM,-82.59038,35.5863800000001
49059,NONCD0001452,CAROLINA TIRE 2945,2300 HENDERSONVILLE ROAD,ARDEN,BUNCOMBE,35.47016,-82.51909,ON SCREEN PLACEMENT ON GEOREFERENCED MAP,ACMEMAPPER,FALSE,FALSE,https://edocs.deq.nc.gov/WasteManagement/Search.aspx?dbid=0&searchcommand=%7B%5BWM%5D:%5BProgram_ID%5D%20%3D%20%22*NONCD0001451*%22%7D,7/2/2026 12:00:00 AM,-82.5190899999999,35.4701600000001
49060,NONCD0001453,WALLACE SOLVENT CONTAMINATION,114 E MAIN ST,WALLACE,DUPLIN,34.73474,-77.9951,ON SCREEN PLACEMENT ON GEOREFERENCED MAP,ACMEMAPPER,FALSE,FALSE,https://edocs.deq.nc.gov/WasteManagement/Search.aspx?dbid=0&searchcommand=%7B%5BWM%5D:%5BProgram_ID%5D%20%3D%20%22*NONCD0001452*%22%7D,7/2/2026 12:00:00 AM,-77.9951,34.73474
49061,NONCD0001456,CARRIER RENTAL SYSTEMS,4300 OAK PARK,SANFORD,LEE,35.54109,-79.17408,ON SCREEN PLACEMENT ON GEOREFERENCED MAP,ACMEMAPPER,FALSE,FALSE,https://edocs.deq.nc.gov/WasteManagement/Search.aspx?dbid=0&searchcommand=%7B%5BWM%5D:%5BProgram_ID%5D%20%3D%20%22*NONCD0001453*%22%7D,7/2/2026 12:00:00 AM,-79.1740799999999,35.5410900000001
49062,NONCD0001457,CARSONS DRY CLEANERS (FORMER),400 CHESTER AVE JCT WITH RANKI,GASTONIA,GASTON,35.267762,-81.187198,ON SCREEN PLACEMENT ON GEOREFERENCED MAP,ACMEMAPPER,FALSE,FALSE,https://edocs.deq.nc.gov/WasteManagement/Search.aspx?dbid=0&searchcommand=%7B%5BWM%5D:%5BProgram_ID%5D%20%3D%20%22*NONCD0001456*%22%7D,7/2/2026 12:00:00 AM,-81.187198,35.2677620000001
49063,NONCD0001464,CATAWBA COUNTY SCHOOL BUS GARAGE - SOLVE,2440 NORTH MAIN AVENUE,NEWTON,CATAWBA,35.68842,-81.218018,ON SCREEN PLACEMENT ON GEOREFERENCED MAP,ACMEMAPPER,FALSE,FALSE,https://edocs.deq.nc.gov/WasteManagement/Search.aspx?dbid=0&searchcommand=%7B%5BWM%5D:%5BProgram_ID%5D%20%3D%20%22*NONCD0001457*%22%7D,7/2/2026 12:00:00 AM,-81.218018,35.6884200000001
49064,NONCD0001465,CATAWBA TRUCK RENTAL (CT GROUP),3350 N. OXFORD ST.,CLAREMONT,CATAWBA,35.728055,-81.157777,ON SCREEN PLACEMENT ON GEOREFERENCED MAP,ACMEMAPPER,FALSE,FALSE,https://edocs.deq.nc.gov/WasteManagement/Search.aspx?dbid=0&searchcommand=%7B%5BWM%5D:%5BProgram_ID%5D%20%3D%20%22*NONCD0001464*%22%7D,7/2/2026 12:00:00 AM,-81.157777,35.728055
49065,NONCD0001466,BEACHVIEW EXXON,2410 ARENDELL ST,MOREHEAD CITY,CARTERET,34.72351,-76.73602,ON SCREEN PLACEMENT ON GEOREFERENCED MAP,ACMEMAPPER,FALSE,FALSE,https://edocs.deq.nc.gov/WasteManagement/Search.aspx?dbid=0&searchcommand=%7B%5BWM%5D:%5BProgram_ID%5D%20%3D%20%22*NONCD0001465*%22%7D,7/2/2026 12:00:00 AM,-76.7360199999999,34.72351
49066,NONCD0001467,DELTA MILLS-FORMER RAGAN LDFL,"OATES RD, NEAR HWY 274",GASTONIA,GASTON,35.28361,-81.24995,ON SCREEN PLACEMENT ON GEOREFERENCED MAP,UNKNOWN,FALSE,FALSE,https://edocs.deq.nc.gov/WasteManagement/Search.aspx?dbid=0&searchcommand=%7B%5BWM%5D:%5BProgram_ID%5D%20%3D%20%22*NONCD0001466*%22%7D,7/2/2026 12:00:00 AM,-81.24995,35.2836100000001
49067,NONCD0001468,CC MANGUM-HIGHWAY 54,6105 CHAPEL HILL ROAD,RALEIGH,WAKE,35.78765,-78.72713,ON SCREEN PLACEMENT ON GEOREFERENCED MAP,ACMEMAPPER,FALSE,FALSE,https://edocs.deq.nc.gov/WasteManagement/Search.aspx?dbid=0&searchcommand=%7B%5BWM%5D:%5BProgram_ID%5D%20%3D%20%22*NONCD0001467*%22%7D,7/2/2026 12:00:00 AM,-78.72713,35.78765
49068,NONCD0001469,CENTRAL PARK-SALEM AVENUE,CITY YARD DR,WINSTON-SALEM,FORSYTH,36.08323,-80.23912,ON SCREEN PLACEMENT ON GEOREFERENCED MAP,ACMEMAPPER,FALSE,FALSE,https://edocs.deq.nc.gov/WasteManagement/Search.aspx?dbid=0&searchcommand=%7B%5BWM%5D:%5BProgram_ID%5D%20%3D%20%22*NONCD0001468*%22%7D,7/2/2026 12:00:00 AM,-80.23912,36.0832300000001
49069,NONCD0001470,CENTRAL TRANSPORT - SOLVENTS,2829 UWHARRIE RD,ARCHDALE,RANDOLPH,35.9097,-80.007997,ON SCREEN PLACEMENT ON GEOREFERENCED MAP,ACMEMAPPER,FALSE,FALSE,https://edocs.deq.nc.gov/WasteManagement/Search.aspx?dbid=0&searchcommand=%7B%5BWM%5D:%5BProgram_ID%5D%20%3D%20%22*NONCD0001469*%22%7D,7/2/2026 12:00:00 AM,-80.007997,35.9097
49070,NONCD0001472,CHAMPION PROPERTIES,1661 FEDERAL AVE,GASTONIA,GASTON,35.279,-81.21594,ON SCREEN PLACEMENT ON GEOREFERENCED MAP,ACMEMAPPER,FALSE,FALSE,https://edocs.deq.nc.gov/WasteManagement/Search.aspx?dbid=0&searchcommand=%7B%5BWM%5D:%5BProgram_ID%5D%20%3D%20%22*NONCD0001470*%22%7D,7/2/2026 12:00:00 AM,-81.21594,35.2790000000001
49071,NONCD0001473,CHAMPION-PIGEON RIVER SEEP,175 MAIN STREET,CANTON,HAYWOOD,35.534293,-82.843631,ON SCREEN PLACEMENT ON GEOREFERENCED MAP,ACMEMAPPER,FALSE,FALSE,https://edocs.deq.nc.gov/WasteManagement/Search.aspx?dbid=0&searchcommand=%7B%5BWM%5D:%5BProgram_ID%5D%20%3D%20%22*NONCD0001472*%22%7D,7/2/2026 12:00:00 AM,-82.843631,35.534293
49072,NONCD0001476,CHAPPEL FARM SITE,228 SULFER SPRINGS RD,CANDOR,MONTGOMERY,35.26269,-79.75016,GEOCODE (ADDRESS MATCH),ESRI AGOL BASE MAP,FALSE,FALSE,https://edocs.deq.nc.gov/WasteManagement/Search.aspx?dbid=0&searchcommand=%7B%5BWM%5D:%5BProgram_ID%5D%20%3D%20%22*NONCD0001473*%22%7D,7/2/2026 12:00:00 AM,-79.7501599999999,35.2626900000001
49073,NONCD0001478,CHARLOTTE AIRCRAFT #3,7705 EAST W.T. HARRIS BLVD,CHARLOTTE,MECKLENBURG,35.214016,-80.722964,ON SCREEN PLACEMENT ON GEOREFERENCED MAP,ACMEMAPPER,FALSE,FALSE,https://edocs.deq.nc.gov/WasteManagement/Search.aspx?dbid=0&searchcommand=%7B%5BWM%5D:%5BProgram_ID%5D%20%3D%20%22*NONCD0001476*%22%7D,7/2/2026 12:00:00 AM,-80.7229639999999,35.2140160000001
49074,NONCD0001479,HERTRON INTERNATIONAL,306 CLANTON RD,CHARLOTTE,MECKLENBURG,35.19567,-80.87607,ON SCREEN PLACEMENT ON GEOREFERENCED MAP,ACMEMAPPER,FALSE,FALSE,https://edocs.deq.nc.gov/WasteManagement/Search.aspx?dbid=0&searchcommand=%7B%5BWM%5D:%5BProgram_ID%5D%20%3D%20%22*NONCD0001478*%22%7D,7/2/2026 12:00:00 AM,-80.87607,35.1956700000001
49075,NONCD0001480,CHARLOTTE DOUGLAS AIRPORT 7,5501 JOSH BIRMINGHAM PARKWAY,CHARLOTTE,MECKLENBURG,35.215277,-80.947222,ON SCREEN PLACEMENT ON GEOREFERENCED MAP,ACMEMAPPER,FALSE,FALSE,https://edocs.deq.nc.gov/WasteManagement/Search.aspx?dbid=0&searchcommand=%7B%5BWM%5D:%5BProgram_ID%5D%20%3D%20%22*NONCD0001479*%22%7D,7/2/2026 12:00:00 AM,-80.947222,35.2152770000001
49076,NONCD0001481,CHARLOTTE HIGHWAY WELLS,CHARLOTTE HIGHWAY AND CORNELIU,MOORESVILLE,IREDELL,35.6165,-80.83222,ON SCREEN PLACEMENT ON GEOREFERENCED MAP,ACMEMAPPER,FALSE,FALSE,https://edocs.deq.nc.gov/WasteManagement/Search.aspx?dbid=0&searchcommand=%7B%5BWM%5D:%5BProgram_ID%5D%20%3D%20%22*NONCD0001480*%22%7D,7/2/2026 12:00:00 AM,-80.8322199999999,35.6165
49077,NONCD0001482,CHARLOTTE PAINT COMPANY,1604 LANE ROAD,MT. HOLLY,GASTON,35.31301,-81.06595,ON SCREEN PLACEMENT ON GEOREFERENCED MAP,ACMEMAPPER,FALSE,FALSE,https://edocs.deq.nc.gov/WasteManagement/Search.aspx?dbid=0&searchcommand=%7B%5BWM%5D:%5BProgram_ID%5D%20%3D%20%22*NONCD0001481*%22%7D,7/2/2026 12:00:00 AM,-81.06595,35.3130100000001
49078,NONCD0001483,POPE PROPERTY,800 S WILSON AVE,DUNN,HARNETT,35.30166,-78.61458,ON SCREEN PLACEMENT ON GEOREFERENCED MAP,ACMEMAPPER,FALSE,FALSE,https://edocs.deq.nc.gov/WasteManagement/Search.aspx?dbid=0&searchcommand=%7B%5BWM%5D:%5BProgram_ID%5D%20%3D%20%22*NONCD0001482*%22%7D,7/2/2026 12:00:00 AM,-78.61458,35.30166
49079,NONCD0001485,"CHATHAM MILLS, INC.",480 HILLSBORO STREET,PITTSBORO,CHATHAM,35.726666,-79.175,ON SCREEN PLACEMENT ON GEOREFERENCED MAP,ACMEMAPPER,FALSE,FALSE,https://edocs.deq.nc.gov/WasteManagement/Search.aspx?dbid=0&searchcommand=%7B%5BWM%5D:%5BProgram_ID%5D%20%3D%20%22*NONCD0001483*%22%7D,7/2/2026 12:00:00 AM,-79.175,35.7266660000001
49080,NONCD0001486,CHAPEL HILL POLICE DEPT,828 MARTIN LUTHER KING JR BLVD,CHAPEL HILL,ORANGE,35.926406,-79.052482,ON SCREEN PLACEMENT ON GEOREFERENCED MAP,GOOGLE MAPS,FALSE,FALSE,https://edocs.deq.nc.gov/WasteManagement/Search.aspx?dbid=0&searchcommand=%7B%5BWM%5D:%5BProgram_ID%5D%20%3D%20%22*NONCD0001485*%22%7D,7/2/2026 12:00:00 AM,-79.0524819999999,35.926406
49081,NONCD0001487,CHEMATRON,5216 HOVIS ROAD,CHARLOTTE,MECKLENBURG,35.270909,-80.895575,ON SCREEN PLACEMENT ON GEOREFERENCED MAP,ACMEMAPPER,FALSE,FALSE,https://edocs.deq.nc.gov/WasteManagement/Search.aspx?dbid=0&searchcommand=%7B%5BWM%5D:%5BProgram_ID%5D%20%3D%20%22*NONCD0001486*%22%7D,7/2/2026 12:00:00 AM,-80.895575,35.2709090000001
49082,NONCD0001489,CHEMONIC,1316 OAKLAND AVENUE,GREENSBORO,GUILFORD,36.0625,-79.82083,ON SCREEN PLACEMENT ON GEOREFERENCED MAP,ACMEMAPPER,FALSE,FALSE,https://edocs.deq.nc.gov/WasteManagement/Search.aspx?dbid=0&searchcommand=%7B%5BWM%5D:%5BProgram_ID%5D%20%3D%20%22*NONCD0001487*%22%7D,7/2/2026 12:00:00 AM,-79.8208299999999,36.0625000000001
49083,NONCD0001490,KINDER MORGAN/CHEMSERV,2005 N 6TH STREET,WILMINGTON,NEW HANOVER,34.2603,-77.9455,ON SCREEN PLACEMENT ON GEOREFERENCED MAP,ACMEMAPPER,FALSE,FALSE,https://edocs.deq.nc.gov/WasteManagement/Search.aspx?dbid=0&searchcommand=%7B%5BWM%5D:%5BProgram_ID%5D%20%3D%20%22*NONCD0001489*%22%7D,7/2/2026 12:00:00 AM,-77.9455,34.2603
49084,NONCD0001491,COUSINS PERSONAL MINI-STORAGE,723 HWY 117 N BYPASS,GOLDSBORO,WAYNE,35.395486,-78.005797,ON SCREEN PLACEMENT ON GEOREFERENCED MAP,ACMEMAPPER,FALSE,FALSE,https://edocs.deq.nc.gov/WasteManagement/Search.aspx?dbid=0&searchcommand=%7B%5BWM%5D:%5BProgram_ID%5D%20%3D%20%22*NONCD0001490*%22%7D,7/2/2026 12:00:00 AM,-78.005797,35.3954860000001
49085,NONCD0001493,CHESAPEAK WOOD PRODUCTS COMPANY,WOOD TREATING PLANT,ELIZABETH CITY,PASQUOTANK,36.31539,-76.21165,ON SCREEN PLACEMENT ON GEOREFERENCED MAP,ACMEMAPPER,FALSE,FALSE,https://edocs.deq.nc.gov/WasteManagement/Search.aspx?dbid=0&searchcommand=%7B%5BWM%5D:%5BProgram_ID%5D%20%3D%20%22*NONCD0001491*%22%7D,7/2/2026 12:00:00 AM,-76.21165,36.31539
49086,NONCD0001495,"CHOICE, USA",809 E. FRANKLIN BLVD,GASTONIA,GASTON,35.26195,-81.16984,ON SCREEN PLACEMENT ON GEOREFERENCED MAP,ACMEMAPPER,FALSE,FALSE,https://edocs.deq.nc.gov/WasteManagement/Search.aspx?dbid=0&searchcommand=%7B%5BWM%5D:%5BProgram_ID%5D%20%3D%20%22*NONCD0001493*%22%7D,7/2/2026 12:00:00 AM,-81.16984,35.2619500000001
49087,NONCD0001496,CHOWAN VENEER CO,259 AND 262 COKE AVENUE,EDENTON,CHOWAN,36.06777,-76.59744,ON SCREEN PLACEMENT ON GEOREFERENCED MAP,ACMEMAPPER,FALSE,FALSE,https://edocs.deq.nc.gov/WasteManagement/Search.aspx?dbid=0&searchcommand=%7B%5BWM%5D:%5BProgram_ID%5D%20%3D%20%22*NONCD0001495*%22%7D,7/2/2026 12:00:00 AM,-76.5974399999999,36.0677700000001
49088,NONCD0001497,CHRISMAN'S GARAGE,6352 B HENDERSONVILLE ROAD,FLETCHER,HENDERSON,35.4301,-82.501681,GEOCODE (ADDRESS MATCH),ESRI AGOL BASE MAP,FALSE,FALSE,https://edocs.deq.nc.gov/WasteManagement/Search.aspx?dbid=0&searchcommand=%7B%5BWM%5D:%5BProgram_ID%5D%20%3D%20%22*NONCD0001496*%22%7D,7/2/2026 12:00:00 AM,-82.501681,35.4301
49089,NONCD0001498,MARSHALL AVE PCE,3616 MARSHALL AVENUE,CHARLOTTE,MECKLENBURG,35.23517,-80.93935,ON SCREEN PLACEMENT ON GEOREFERENCED MAP,ACMEMAPPER,FALSE,FALSE,https://edocs.deq.nc.gov/WasteManagement/Search.aspx?dbid=0&searchcommand=%7B%5BWM%5D:%5BProgram_ID%5D%20%3D%20%22*NONCD0001497*%22%7D,7/2/2026 12:00:00 AM,-80.93935,35.23517
49090,NONCD0001499,CHT FACILITY M-2 WAREHOUSE,5046 OLD PINEVILLE ROAD,CHARLOTTE,MECKLENBURG,35.171388,-80.879166,ON SCREEN PLACEMENT ON GEOREFERENCED MAP,ACMEMAPPER,FALSE,FALSE,https://edocs.deq.nc.gov/WasteManagement/Search.aspx?dbid=0&searchcommand=%7B%5BWM%5D:%5BProgram_ID%5D%20%3D%20%22*NONCD0001498*%22%7D,7/2/2026 12:00:00 AM,-80.8791659999999,35.171388
49091,NONCD0001501,CIRCLE K 5111 - SOLVENTS,2833 FREEDOM DRIVE,CHARLOTTE,MECKLENBURG,35.23958,-80.8858,ON SCREEN PLACEMENT ON GEOREFERENCED MAP,ACMEMAPPER,FALSE,FALSE,https://edocs.deq.nc.gov/WasteManagement/Search.aspx?dbid=0&searchcommand=%7B%5BWM%5D:%5BProgram_ID%5D%20%3D%20%22*NONCD0001499*%22%7D,7/2/2026 12:00:00 AM,-80.8858,35.23958
49092,NONCD0001502,CIRCLE K 8379 - SOLVENTS,101 MOUNT HOLLY ROAD,BELMONT,GASTON,35.2643,-81.04214,ON SCREEN PLACEMENT ON GEOREFERENCED MAP,ACMEMAPPER,FALSE,FALSE,https://edocs.deq.nc.gov/WasteManagement/Search.aspx?dbid=0&searchcommand=%7B%5BWM%5D:%5BProgram_ID%5D%20%3D%20%22*NONCD0001501*%22%7D,7/2/2026 12:00:00 AM,-81.04214,35.2643
49093,NONCD0001504,TERMINEX OF CHARLOTTE,2001 S TRYON ST,CHARLOTTE,MECKLENBURG,35.21175,-80.86482,ON SCREEN PLACEMENT ON GEOREFERENCED MAP,ACMEMAPPER,FALSE,FALSE,https://edocs.deq.nc.gov/WasteManagement/Search.aspx?dbid=0&searchcommand=%7B%5BWM%5D:%5BProgram_ID%5D%20%3D%20%22*NONCD0001502*%22%7D,7/2/2026 12:00:00 AM,-80.86482,35.2117500000001
49094,NONCD0001505,CITY MOTOR PARTS,HWY 64,COLUMBIA,TYRRELL,35.91659,-76.25245,ON SCREEN PLACEMENT ON GEOREFERENCED MAP,ACMEMAPPER,FALSE,FALSE,https://edocs.deq.nc.gov/WasteManagement/Search.aspx?dbid=0&searchcommand=%7B%5BWM%5D:%5BProgram_ID%5D%20%3D%20%22*NONCD0001504*%22%7D,7/2/2026 12:00:00 AM,-76.25245,35.91659
49095,NONCD0001506,CITY OF GASTONIA 2ND AVE. PARKING,2ND AVENUE,GASTONIA,GASTON,35.26048,-81.18225,ON SCREEN PLACEMENT ON GEOREFERENCED MAP,ACMEMAPPER,FALSE,FALSE,https://edocs.deq.nc.gov/WasteManagement/Search.aspx?dbid=0&searchcommand=%7B%5BWM%5D:%5BProgram_ID%5D%20%3D%20%22*NONCD0001505*%22%7D,7/2/2026 12:00:00 AM,-81.18225,35.26048
49096,NONCD0001507,CITY PLUMBING & HEATING CO,211 TUCKASEEGEE ROAD,CHARLOTTE,MECKLENBURG,35.236666,-80.860555,ON SCREEN PLACEMENT ON GEOREFERENCED MAP,ACMEMAPPER,FALSE,FALSE,https://edocs.deq.nc.gov/WasteManagement/Search.aspx?dbid=0&searchcommand=%7B%5BWM%5D:%5BProgram_ID%5D%20%3D%20%22*NONCD0001506*%22%7D,7/2/2026 12:00:00 AM,-80.860555,35.2366660000001
49097,NONCD0001509,CLAIRE MANUFACTURING,2120 NORTH CHURCH STREET,CHARLOTTE,MECKLENBURG,35.24425,-80.82226,ON SCREEN PLACEMENT ON GEOREFERENCED MAP,ACMEMAPPER,FALSE,TRUE,https://edocs.deq.nc.gov/WasteManagement/Search.aspx?dbid=0&searchcommand=%7B%5BWM%5D:%5BProgram_ID%5D%20%3D%20%22*NONCD0001507*%22%7D,7/2/2026 12:00:00 AM,-80.82226,35.2442500000001
49098,NONCD0001511,CLAY STRICKLAND/LITTLE RIVER,1216 MACEDONIA ROAD (ST. HWY 1,SPRING HOPE,NASH,35.89064,-78.02172,ON SCREEN PLACEMENT ON GEOREFERENCED MAP,ACMEMAPPER,FALSE,FALSE,https://edocs.deq.nc.gov/WasteManagement/Search.aspx?dbid=0&searchcommand=%7B%5BWM%5D:%5BProgram_ID%5D%20%3D%20%22*NONCD0001509*%22%7D,7/2/2026 12:00:00 AM,-78.02172,35.8906400000001
49099,NONCD0001515,CLINIPAD,7101 MACFARLANE BLVD,CHARLOTTE,MECKLENBURG,35.286287,-80.770034,ON SCREEN PLACEMENT ON GEOREFERENCED MAP,ACMEMAPPER,FALSE,FALSE,https://edocs.deq.nc.gov/WasteManagement/Search.aspx?dbid=0&searchcommand=%7B%5BWM%5D:%5BProgram_ID%5D%20%3D%20%22*NONCD0001511*%22%7D,7/2/2026 12:00:00 AM,-80.770034,35.2862870000001
49100,NONCD0001516,CLONTZ RESIDENCE,5304 LANDSFORD RD,MARSHVILLE,UNION,34.865958,-80.363885,ON SCREEN PLACEMENT ON GEOREFERENCED MAP,ACMEMAPPER,FALSE,FALSE,https://edocs.deq.nc.gov/WasteManagement/Search.aspx?dbid=0&searchcommand=%7B%5BWM%5D:%5BProgram_ID%5D%20%3D%20%22*NONCD0001515*%22%7D,7/2/2026 12:00:00 AM,-80.363885,34.865958
49101,NONCD0001521,COASTAL LUMBER COMPANY - KINSTON SAWMILL,800 HULL ROAD,KINSTON,LENOIR,35.26983,-77.61889,ON SCREEN PLACEMENT ON GEOREFERENCED MAP,ACMEMAPPER,FALSE,FALSE,https://edocs.deq.nc.gov/WasteManagement/Search.aspx?dbid=0&searchcommand=%7B%5BWM%5D:%5BProgram_ID%5D%20%3D%20%22*NONCD0001516*%22%7D,7/2/2026 12:00:00 AM,-77.61889,35.2698300000001
49102,NONCD0001522,COBLE PROPERTY,2611 HUSBANDS ST,GREENSBORO,GUILFORD,36.05741,-79.83278,ON SCREEN PLACEMENT ON GEOREFERENCED MAP,UNKNOWN,FALSE,FALSE,https://edocs.deq.nc.gov/WasteManagement/Search.aspx?dbid=0&searchcommand=%7B%5BWM%5D:%5BProgram_ID%5D%20%3D%20%22*NONCD0001521*%22%7D,7/2/2026 12:00:00 AM,-79.83278,36.0574100000001
49103,NONCD0001523,COATS AMERICAN-SYLVAN PLANT,OLD US 64,ROSMAN,TRANSYLVANIA,35.15185,-82.81063,ON SCREEN PLACEMENT ON GEOREFERENCED MAP,ACMEMAPPER,FALSE,FALSE,https://edocs.deq.nc.gov/WasteManagement/Search.aspx?dbid=0&searchcommand=%7B%5BWM%5D:%5BProgram_ID%5D%20%3D%20%22*NONCD0001522*%22%7D,7/2/2026 12:00:00 AM,-82.8106299999999,35.15185
49104,NONCD0001526,COCHRANE FURN. DIV #15,402 SOUTH EDWARDS ST,LINCOLNTON,LINCOLN,35.473683,-81.245352,ON SCREEN PLACEMENT ON GEOREFERENCED MAP,ACMEMAPPER,FALSE,FALSE,https://edocs.deq.nc.gov/WasteManagement/Search.aspx?dbid=0&searchcommand=%7B%5BWM%5D:%5BProgram_ID%5D%20%3D%20%22*NONCD0001523*%22%7D,7/2/2026 12:00:00 AM,-81.245352,35.4736830000001
49105,NONCD0001527,"COFFEY, SARA PROPERTY",339 WEST YOUNG AVENUE,HENDERSON,VANCE,36.32619,-78.41225,ON SCREEN PLACEMENT ON GEOREFERENCED MAP,ACMEMAPPER,FALSE,FALSE,https://edocs.deq.nc.gov/WasteManagement/Search.aspx?dbid=0&searchcommand=%7B%5BWM%5D:%5BProgram_ID%5D%20%3D%20%22*NONCD0001526*%22%7D,7/2/2026 12:00:00 AM,-78.41225,36.3261900000001
49106,NONCD0001528,COLONIAL ABRASIVES,312 SOUTH PINE STREET,ABERDEEN,MOORE,35.127976,-79.428991,ON SCREEN PLACEMENT ON GEOREFERENCED MAP,ACMEMAPPER,FALSE,FALSE,https://edocs.deq.nc.gov/WasteManagement/Search.aspx?dbid=0&searchcommand=%7B%5BWM%5D:%5BProgram_ID%5D%20%3D%20%22*NONCD0001527*%22%7D,7/2/2026 12:00:00 AM,-79.4289909999999,35.127976
49107,NONCD0001529,COLORWORKS,3010 EXECUTIVE DR.,GREENSBORO,GUILFORD,36.028333,-79.784444,ON SCREEN PLACEMENT ON GEOREFERENCED MAP,ACMEMAPPER,FALSE,FALSE,https://edocs.deq.nc.gov/WasteManagement/Search.aspx?dbid=0&searchcommand=%7B%5BWM%5D:%5BProgram_ID%5D%20%3D%20%22*NONCD0001528*%22%7D,7/2/2026 12:00:00 AM,-79.784444,36.028333
49108,NONCD0001531,COMMERCE BUSINESS PARK,S. COMMERCE BLVD.,CHARLOTTE,MECKLENBURG,35.120833,-80.933333,ON SCREEN PLACEMENT ON GEOREFERENCED MAP,ACMEMAPPER,FALSE,FALSE,https://edocs.deq.nc.gov/WasteManagement/Search.aspx?dbid=0&searchcommand=%7B%5BWM%5D:%5BProgram_ID%5D%20%3D%20%22*NONCD0001529*%22%7D,7/2/2026 12:00:00 AM,-80.9333329999999,35.1208330000001
49109,NONCD0001535,COMMUNITY PLUMBING & HEATING,305 SWING ROAD,GREENSBORO,GUILFORD,36.070188,-79.908916,ON SCREEN PLACEMENT ON GEOREFERENCED MAP,ESRI AGOL BASE MAP,FALSE,FALSE,https://edocs.deq.nc.gov/WasteManagement/Search.aspx?dbid=0&searchcommand=%7B%5BWM%5D:%5BProgram_ID%5D%20%3D%20%22*NONCD0001531*%22%7D,7/2/2026 12:00:00 AM,-79.908916,36.070188
49110,NONCD0001538,CONFLANDEY INC.,3620 CHADBOURN HIGHWAY,WHITEVILLE,COLUMBUS,34.33596,-78.76749,ON SCREEN PLACEMENT ON GEOREFERENCED MAP,ACMEMAPPER,FALSE,FALSE,https://edocs.deq.nc.gov/WasteManagement/Search.aspx?dbid=0&searchcommand=%7B%5BWM%5D:%5BProgram_ID%5D%20%3D%20%22*NONCD0001535*%22%7D,7/2/2026 12:00:00 AM,-78.76749,34.3359600000001
49111,NONCD0001539,CONGENTRIX-ELIZABETHTOWN,3100 WEST BROAD STREET,ELIZABETHTOWN,BLADEN,34.64683,-78.6418,ON SCREEN PLACEMENT ON GEOREFERENCED MAP,ACMEMAPPER,FALSE,FALSE,https://edocs.deq.nc.gov/WasteManagement/Search.aspx?dbid=0&searchcommand=%7B%5BWM%5D:%5BProgram_ID%5D%20%3D%20%22*NONCD0001538*%22%7D,7/2/2026 12:00:00 AM,-78.6418,34.6468300000001
49112,NONCD0001540,COGENTRIX-LUMBERTON,1886 HESTERTOWN RD,LUMBERTON,ROBESON,34.591409,-78.996734,ON SCREEN PLACEMENT ON GEOREFERENCED MAP,ACMEMAPPER,FALSE,FALSE,https://edocs.deq.nc.gov/WasteManagement/Search.aspx?dbid=0&searchcommand=%7B%5BWM%5D:%5BProgram_ID%5D%20%3D%20%22*NONCD0001539*%22%7D,7/2/2026 12:00:00 AM,-78.9967339999999,34.5914090000001
49113,NONCD0001541,CONITRON,WINOLA RD.,TRINITY,RANDOLPH,35.872222,-79.919444,ON SCREEN PLACEMENT ON GEOREFERENCED MAP,ACMEMAPPER,FALSE,FALSE,https://edocs.deq.nc.gov/WasteManagement/Search.aspx?dbid=0&searchcommand=%7B%5BWM%5D:%5BProgram_ID%5D%20%3D%20%22*NONCD0001540*%22%7D,7/2/2026 12:00:00 AM,-79.9194439999999,35.8722220000001
49114,NONCD0001543,COOKS FARM AND GARDEN,4050 NC HIGHWAY 208,MARSHALL,MADISON,35.942222,-82.744166,ON SCREEN PLACEMENT ON GEOREFERENCED MAP,ACMEMAPPER,FALSE,FALSE,https://edocs.deq.nc.gov/WasteManagement/Search.aspx?dbid=0&searchcommand=%7B%5BWM%5D:%5BProgram_ID%5D%20%3D%20%22*NONCD0001541*%22%7D,7/2/2026 12:00:00 AM,-82.744166,35.9422220000001
49115,NONCD0001544,COOKSON FIBERS,HIGHWAY 52 NORTH,ANSONVILLE,ANSON,35.11995,-80.10484,ON SCREEN PLACEMENT ON GEOREFERENCED MAP,ACMEMAPPER,FALSE,TRUE,https://edocs.deq.nc.gov/WasteManagement/Search.aspx?dbid=0&searchcommand=%7B%5BWM%5D:%5BProgram_ID%5D%20%3D%20%22*NONCD0001543*%22%7D,7/2/2026 12:00:00 AM,-80.10484,35.1199500000001
49116,NONCD0001546,CEDAR GROVE DRIVE SITE,609 CEDAR GROVE DR,GASTONIA,GASTON,35.17771,-81.17335,ON SCREEN PLACEMENT ON GEOREFERENCED MAP,ACMEMAPPER,FALSE,FALSE,https://edocs.deq.nc.gov/WasteManagement/Search.aspx?dbid=0&searchcommand=%7B%5BWM%5D:%5BProgram_ID%5D%20%3D%20%22*NONCD0001544*%22%7D,7/2/2026 12:00:00 AM,-81.17335,35.17771
49117,NONCD0001549,STORK PRINT AMERICANA,3201 ROTARY DR,CHARLOTTE,MECKLENBURG,35.27434,-80.8308,GEOCODE (ADDRESS MATCH),ACMEMAPPER,FALSE,FALSE,https://edocs.deq.nc.gov/WasteManagement/Search.aspx?dbid=0&searchcommand=%7B%5BWM%5D:%5BProgram_ID%5D%20%3D%20%22*NONCD0001546*%22%7D,7/2/2026 12:00:00 AM,-80.8308,35.2743400000001
49118,NONCD0001550,COTTMAN TRANSMISSION,145-147 S. COLLEGE ROAD,WILMINGTON,NEW HANOVER,34.240534,-77.869475,ON SCREEN PLACEMENT ON GEOREFERENCED MAP,ESRI AGOL BASE MAP,FALSE,FALSE,https://edocs.deq.nc.gov/WasteManagement/Search.aspx?dbid=0&searchcommand=%7B%5BWM%5D:%5BProgram_ID%5D%20%3D%20%22*NONCD0001549*%22%7D,7/2/2026 12:00:00 AM,-77.869475,34.240534
49119,NONCD0001551,COTTON MILL SQUARE - SOLVENTS,801 MERRIT DRIVE,GREENSBORO,GUILFORD,36.05902,-79.85457,ON SCREEN PLACEMENT ON GEOREFERENCED MAP,ACMEMAPPER,FALSE,TRUE,https://edocs.deq.nc.gov/WasteManagement/Search.aspx?dbid=0&searchcommand=%7B%5BWM%5D:%5BProgram_ID%5D%20%3D%20%22*NONCD0001550*%22%7D,7/2/2026 12:00:00 AM,-79.85457,36.05902
49120,NONCD0001553,COUNTY LINE ROAD SOLVENTS,2383 COUNTY LINE ROAD,KINGS MOUNTAIN,GASTON,35.338878,-81.347856,ON SCREEN PLACEMENT ON GEOREFERENCED MAP,ACMEMAPPER,FALSE,FALSE,https://edocs.deq.nc.gov/WasteManagement/Search.aspx?dbid=0&searchcommand=%7B%5BWM%5D:%5BProgram_ID%5D%20%3D%20%22*NONCD0001551*%22%7D,7/2/2026 12:00:00 AM,-81.347856,35.3388780000001
49121,NONCD0001554,COX DODGE (FORMER),1501 LIPSCOMB ROAD,WILSON,WILSON,35.72199,-77.89079,ON SCREEN PLACEMENT ON GEOREFERENCED MAP,ACMEMAPPER,FALSE,FALSE,https://edocs.deq.nc.gov/WasteManagement/Search.aspx?dbid=0&searchcommand=%7B%5BWM%5D:%5BProgram_ID%5D%20%3D%20%22*NONCD0001553*%22%7D,7/2/2026 12:00:00 AM,-77.89079,35.7219900000001
49122,NONCD0001556,QUARTER HORSE LANE PROPERTY,6450 QUARTER HORSE LANE,OCEAN ISLE,BRUNSWICK,33.9556,-78.47661,ON SCREEN PLACEMENT ON GEOREFERENCED MAP,ACMEMAPPER,FALSE,FALSE,https://edocs.deq.nc.gov/WasteManagement/Search.aspx?dbid=0&searchcommand=%7B%5BWM%5D:%5BProgram_ID%5D%20%3D%20%22*NONCD0001554*%22%7D,7/2/2026 12:00:00 AM,-78.4766099999999,33.9556000000001
49123,NONCD0001557,CP&L TRANSFORMER SITE,"HWY 421 N., NEXT TO SUTTON PLA",WILMINGTON,NEW HANOVER,34.276111,-77.958888,ON SCREEN PLACEMENT ON GEOREFERENCED MAP,ACMEMAPPER,FALSE,FALSE,https://edocs.deq.nc.gov/WasteManagement/Search.aspx?dbid=0&searchcommand=%7B%5BWM%5D:%5BProgram_ID%5D%20%3D%20%22*NONCD0001556*%22%7D,7/2/2026 12:00:00 AM,-77.9588879999999,34.2761110000001
49124,NONCD0001558,DANIELS PROPERTY,200 N MALLORY ST,GOLDSBORO,WAYNE,35.369044,-77.946924,ON SCREEN PLACEMENT ON GEOREFERENCED MAP,ACMEMAPPER,FALSE,FALSE,https://edocs.deq.nc.gov/WasteManagement/Search.aspx?dbid=0&searchcommand=%7B%5BWM%5D:%5BProgram_ID%5D%20%3D%20%22*NONCD0001557*%22%7D,7/2/2026 12:00:00 AM,-77.946924,35.369044
49125,NONCD0001561,FREDRICKSON MOTORS EXP PCE,2244 PITTS SCHOOL RD,CONCORD,CABARRUS,35.38021,-80.68954,ON SCREEN PLACEMENT ON GEOREFERENCED MAP,ACMEMAPPER,FALSE,FALSE,https://edocs.deq.nc.gov/WasteManagement/Search.aspx?dbid=0&searchcommand=%7B%5BWM%5D:%5BProgram_ID%5D%20%3D%20%22*NONCD0001558*%22%7D,7/2/2026 12:00:00 AM,-80.68954,35.38021
49126,NONCD0001562,CRELLIN CORP.,PINE ST.,ALEXANDER MILLS,RUTHERFORD,35.312222,-81.849722,ON SCREEN PLACEMENT ON GEOREFERENCED MAP,ACMEMAPPER,FALSE,FALSE,https://edocs.deq.nc.gov/WasteManagement/Search.aspx?dbid=0&searchcommand=%7B%5BWM%5D:%5BProgram_ID%5D%20%3D%20%22*NONCD0001561*%22%7D,7/2/2026 12:00:00 AM,-81.849722,35.3122220000001
49127,NONCD0001563,CRESCENT EMC - CORNELIUS #2,18014 STATESVILLE ROAD,CORNELIUS,MECKLENBURG,35.45701,-80.84305,ON SCREEN PLACEMENT ON GEOREFERENCED MAP,ACMEMAPPER,FALSE,FALSE,https://edocs.deq.nc.gov/WasteManagement/Search.aspx?dbid=0&searchcommand=%7B%5BWM%5D:%5BProgram_ID%5D%20%3D%20%22*NONCD0001562*%22%7D,7/2/2026 12:00:00 AM,-80.8430499999999,35.45701
49128,NONCD0001569,CROWN HONDA & CAMCO,3633 W WENDOVER AVE,GREENSBORO,GUILFORD,36.060113,-79.869205,ON SCREEN PLACEMENT ON GEOREFERENCED MAP,ACMEMAPPER,FALSE,TRUE,https://edocs.deq.nc.gov/WasteManagement/Search.aspx?dbid=0&searchcommand=%7B%5BWM%5D:%5BProgram_ID%5D%20%3D%20%22*NONCD0001563*%22%7D,7/2/2026 12:00:00 AM,-79.869205,36.0601130000001
49129,NONCD0001572,CSX RAILROAD,SOUTH CEDAR STREET,CHARLOTTE,MECKLENBURG,35.2282,-80.85384,ON SCREEN PLACEMENT ON GEOREFERENCED MAP,ACMEMAPPER,FALSE,FALSE,https://edocs.deq.nc.gov/WasteManagement/Search.aspx?dbid=0&searchcommand=%7B%5BWM%5D:%5BProgram_ID%5D%20%3D%20%22*NONCD0001569*%22%7D,7/2/2026 12:00:00 AM,-80.8538399999999,35.2282000000001
49130,NONCD0001575,DOROTHEA DIX PROPERTY,UMSTEAD DR,RALEIGH,WAKE,35.76948,-78.65875,ON SCREEN PLACEMENT ON GEOREFERENCED MAP,ACMEMAPPER,FALSE,FALSE,https://edocs.deq.nc.gov/WasteManagement/Search.aspx?dbid=0&searchcommand=%7B%5BWM%5D:%5BProgram_ID%5D%20%3D%20%22*NONCD0001572*%22%7D,7/2/2026 12:00:00 AM,-78.6587499999999,35.76948
49131,NONCD0001576,CULP TICKING,7209 HWY 158,STOKESDALE,GUILFORD,36.235495,-79.950015,ON SCREEN PLACEMENT ON GEOREFERENCED MAP,ACMEMAPPER,FALSE,FALSE,https://edocs.deq.nc.gov/WasteManagement/Search.aspx?dbid=0&searchcommand=%7B%5BWM%5D:%5BProgram_ID%5D%20%3D%20%22*NONCD0001575*%22%7D,7/2/2026 12:00:00 AM,-79.950015,36.2354950000001
49132,NONCD0001577,"CULP, INC. (FORMERLY ARTEE INDUSTRIES)",1808 INDIAN CREEK ROAD,LINCOLNTON,LINCOLN,35.429166,-81.273055,ON SCREEN PLACEMENT ON GEOREFERENCED MAP,ACMEMAPPER,FALSE,FALSE,https://edocs.deq.nc.gov/WasteManagement/Search.aspx?dbid=0&searchcommand=%7B%5BWM%5D:%5BProgram_ID%5D%20%3D%20%22*NONCD0001576*%22%7D,7/2/2026 12:00:00 AM,-81.2730549999999,35.4291660000001
49133,NONCD0001579,CYPRESS GROVE SUBDIVISION,LEIUTENANT CONGLETON ROAD,WILMINGTON,NEW HANOVER,34.121203,-77.892842,ON SCREEN PLACEMENT ON GEOREFERENCED MAP,ESRI AGOL BASE MAP,FALSE,FALSE,https://edocs.deq.nc.gov/WasteManagement/Search.aspx?dbid=0&searchcommand=%7B%5BWM%5D:%5BProgram_ID%5D%20%3D%20%22*NONCD0001577*%22%7D,7/2/2026 12:00:00 AM,-77.892842,34.121203
49134,NONCD0001580,D&G MART SOLVENTS,792 BRAWLEY SCHOOL ROAD,MOORESVILLE,IREDELL,35.578517,-80.885815,ON SCREEN PLACEMENT ON GEOREFERENCED MAP,ACMEMAPPER,FALSE,FALSE,https://edocs.deq.nc.gov/WasteManagement/Search.aspx?dbid=0&searchcommand=%7B%5BWM%5D:%5BProgram_ID%5D%20%3D%20%22*NONCD0001579*%22%7D,7/2/2026 12:00:00 AM,-80.885815,35.578517
49135,NONCD0001584,DALE NORMAN TIRE COMPANY #2,3701 DALLAS-HIGH SHOALS RD,DALLAS,GASTON,35.33219,-81.20069,ON SCREEN PLACEMENT ON GEOREFERENCED MAP,ACMEMAPPER,FALSE,FALSE,https://edocs.deq.nc.gov/WasteManagement/Search.aspx?dbid=0&searchcommand=%7B%5BWM%5D:%5BProgram_ID%5D%20%3D%20%22*NONCD0001580*%22%7D,7/2/2026 12:00:00 AM,-81.20069,35.33219
49136,NONCD0001586,DANA TRANSPORT FACILITY (FORMER),7254 MT HOLLY RD,CHARLOTTE,MECKLENBURG,35.28144,-80.92857,ON SCREEN PLACEMENT ON GEOREFERENCED MAP,ACMEMAPPER,FALSE,FALSE,https://edocs.deq.nc.gov/WasteManagement/Search.aspx?dbid=0&searchcommand=%7B%5BWM%5D:%5BProgram_ID%5D%20%3D%20%22*NONCD0001584*%22%7D,7/2/2026 12:00:00 AM,-80.92857,35.28144
49137,NONCD0001587,DANALEX FACILITY,515 E ALABAMA AVE,BESSEMER CITY,GASTON,35.28192,-81.27113,ON SCREEN PLACEMENT ON GEOREFERENCED MAP,ACMEMAPPER,FALSE,FALSE,https://edocs.deq.nc.gov/WasteManagement/Search.aspx?dbid=0&searchcommand=%7B%5BWM%5D:%5BProgram_ID%5D%20%3D%20%22*NONCD0001586*%22%7D,7/2/2026 12:00:00 AM,-81.27113,35.2819200000001
49138,NONCD0001588,DAUGHERTY ROAD,DAUGHERTY ROAD,LANDIS,ROWAN,35.544601,-80.595191,ON SCREEN PLACEMENT ON GEOREFERENCED MAP,ACMEMAPPER,FALSE,FALSE,https://edocs.deq.nc.gov/WasteManagement/Search.aspx?dbid=0&searchcommand=%7B%5BWM%5D:%5BProgram_ID%5D%20%3D%20%22*NONCD0001587*%22%7D,7/2/2026 12:00:00 AM,-80.5951909999999,35.5446010000001
49139,NONCD0001594,DB PENNINGTON ESTATE,869 WEST C ST.,KANNAPOLIS,CABARRUS,35.50213,-80.63424,ON SCREEN PLACEMENT ON GEOREFERENCED MAP,ACMEMAPPER,FALSE,FALSE,https://edocs.deq.nc.gov/WasteManagement/Search.aspx?dbid=0&searchcommand=%7B%5BWM%5D:%5BProgram_ID%5D%20%3D%20%22*NONCD0001588*%22%7D,7/2/2026 12:00:00 AM,-80.63424,35.5021300000001
49140,NONCD0001595,"DEANS PICKLES, FMR CATES",354 N. FAISON AVE.,FAISON,DUPLIN,35.121388,-78.136111,GPS (2-5 METER),,FALSE,FALSE,https://edocs.deq.nc.gov/WasteManagement/Search.aspx?dbid=0&searchcommand=%7B%5BWM%5D:%5BProgram_ID%5D%20%3D%20%22*NONCD0001594*%22%7D,7/2/2026 12:00:00 AM,-78.136111,35.121388
49141,NONCD0001597,AVERY DENNISON (FMR PAXAR CORP),950 GERMAN ST,LENOIR,CALDWELL,35.91975,-81.55929,ON SCREEN PLACEMENT ON GEOREFERENCED MAP,ACMEMAPPER,FALSE,FALSE,https://edocs.deq.nc.gov/WasteManagement/Search.aspx?dbid=0&searchcommand=%7B%5BWM%5D:%5BProgram_ID%5D%20%3D%20%22*NONCD0001595*%22%7D,7/2/2026 12:00:00 AM,-81.55929,35.9197500000001
49142,NONCD0001598,DEHAVEN,413 AIRPORT BLVD.,MORRISVILLE,WAKE,35.843611,-78.83,ON SCREEN PLACEMENT ON GEOREFERENCED MAP,ACMEMAPPER,FALSE,FALSE,https://edocs.deq.nc.gov/WasteManagement/Search.aspx?dbid=0&searchcommand=%7B%5BWM%5D:%5BProgram_ID%5D%20%3D%20%22*NONCD0001597*%22%7D,7/2/2026 12:00:00 AM,-78.83,35.8436110000001
49143,NONCD0001599,A.E. VANDIFORD STORE,NC 903 & ORMANDSVILLE RD,ORMANDSVILLE,GREENE,35.47131,-77.5464,ON SCREEN PLACEMENT ON GEOREFERENCED MAP,ACMEMAPPER,FALSE,FALSE,https://edocs.deq.nc.gov/WasteManagement/Search.aspx?dbid=0&searchcommand=%7B%5BWM%5D:%5BProgram_ID%5D%20%3D%20%22*NONCD0001598*%22%7D,7/2/2026 12:00:00 AM,-77.5463999999999,35.4713100000001
49144,NONCD0001601,DERRICK TRUCK STOP #2,PEELER ROAD AND I-85,SALISBURY,ROWAN,35.608667,-80.516747,ON SCREEN PLACEMENT ON GEOREFERENCED MAP,ACMEMAPPER,FALSE,FALSE,https://edocs.deq.nc.gov/WasteManagement/Search.aspx?dbid=0&searchcommand=%7B%5BWM%5D:%5BProgram_ID%5D%20%3D%20%22*NONCD0001599*%22%7D,7/2/2026 12:00:00 AM,-80.516747,35.608667
49145,NONCD0001603,DIAMOND BRAND CANVAS PRODUCTS,HIGHWAY 25,NAPLES,HENDERSON,35.392222,-82.501388,ON SCREEN PLACEMENT ON GEOREFERENCED MAP,ACMEMAPPER,FALSE,FALSE,https://edocs.deq.nc.gov/WasteManagement/Search.aspx?dbid=0&searchcommand=%7B%5BWM%5D:%5BProgram_ID%5D%20%3D%20%22*NONCD0001601*%22%7D,7/2/2026 12:00:00 AM,-82.501388,35.3922220000001
49146,NONCD0001604,P-3800 CHARLOTTE RAIL MULTIMODAL STATION,511 W TRADE ST,CHARLOTTE,MECKLENBURG,35.2307,-80.84758,GEOCODE (ADDRESS MATCH),ACMEMAPPER,FALSE,FALSE,https://edocs.deq.nc.gov/WasteManagement/Search.aspx?dbid=0&searchcommand=%7B%5BWM%5D:%5BProgram_ID%5D%20%3D%20%22*NONCD0001603*%22%7D,7/2/2026 12:00:00 AM,-80.8475799999999,35.2307000000001
49147,NONCD0001607,DIRTY LAUNDRY CLEANERS (FORMER NIXON PRO,"511, 513, 515 WEST TRADE STREE",CHARLOTTE,MECKLENBURG,35.230277,-80.8475,ON SCREEN PLACEMENT ON GEOREFERENCED MAP,ACMEMAPPER,FALSE,FALSE,https://edocs.deq.nc.gov/WasteManagement/Search.aspx?dbid=0&searchcommand=%7B%5BWM%5D:%5BProgram_ID%5D%20%3D%20%22*NONCD0001604*%22%7D,7/2/2026 12:00:00 AM,-80.8475,35.2302770000001
49148,NONCD0001608,DISCOVERY PLACE,301 N. TRYON STREET,CHARLOTTE,MECKLENBURG,35.22934,-80.8408,ON SCREEN PLACEMENT ON GEOREFERENCED MAP,ACMEMAPPER,FALSE,FALSE,https://edocs.deq.nc.gov/WasteManagement/Search.aspx?dbid=0&searchcommand=%7B%5BWM%5D:%5BProgram_ID%5D%20%3D%20%22*NONCD0001607*%22%7D,7/2/2026 12:00:00 AM,-80.8407999999999,35.22934
49149,NONCD0001610,DIVERSEY WATER TECHNOLOGIES,1201 SOUTH GRAHAM STREET,CHARLOTTE,MECKLENBURG,35.22238,-80.857426,ON SCREEN PLACEMENT ON GEOREFERENCED MAP,ACMEMAPPER,FALSE,FALSE,https://edocs.deq.nc.gov/WasteManagement/Search.aspx?dbid=0&searchcommand=%7B%5BWM%5D:%5BProgram_ID%5D%20%3D%20%22*NONCD0001608*%22%7D,7/2/2026 12:00:00 AM,-80.857426,35.22238
49150,NONCD0001614,DIXIE CHEMICALS,13495 NC 55 HWY,ALLIANCE,PAMLICO,35.14509,-76.79699,ON SCREEN PLACEMENT ON GEOREFERENCED MAP,ACMEMAPPER,FALSE,FALSE,https://edocs.deq.nc.gov/WasteManagement/Search.aspx?dbid=0&searchcommand=%7B%5BWM%5D:%5BProgram_ID%5D%20%3D%20%22*NONCD0001610*%22%7D,7/2/2026 12:00:00 AM,-76.7969899999999,35.14509
49151,NONCD0001616,DIXIE SALES AUTO REPAIR - B,327 BATTLEGROUND AVE,GREENSBORO,GUILFORD,36.07625,-79.79224,ON SCREEN PLACEMENT ON GEOREFERENCED MAP,ACMEMAPPER,FALSE,FALSE,https://edocs.deq.nc.gov/WasteManagement/Search.aspx?dbid=0&searchcommand=%7B%5BWM%5D:%5BProgram_ID%5D%20%3D%20%22*NONCD0001614*%22%7D,7/2/2026 12:00:00 AM,-79.7922399999999,36.0762500000001
49152,NONCD0001617,DIXIE TRUCKING - SOLVENTS,3606 NORTH GRAHAM STREET,CHARLOTTE,MECKLENBURG,35.265277,-80.815555,ON SCREEN PLACEMENT ON GEOREFERENCED MAP,ACMEMAPPER,FALSE,FALSE,https://edocs.deq.nc.gov/WasteManagement/Search.aspx?dbid=0&searchcommand=%7B%5BWM%5D:%5BProgram_ID%5D%20%3D%20%22*NONCD0001616*%22%7D,7/2/2026 12:00:00 AM,-80.815555,35.265277
49153,NONCD0001619,DIXIE YARNS - NEWTON,101 EAST 11TH STREET,NEWTON,CATAWBA,35.67163,-81.21969,ON SCREEN PLACEMENT ON GEOREFERENCED MAP,ACMEMAPPER,FALSE,FALSE,https://edocs.deq.nc.gov/WasteManagement/Search.aspx?dbid=0&searchcommand=%7B%5BWM%5D:%5BProgram_ID%5D%20%3D%20%22*NONCD0001617*%22%7D,7/2/2026 12:00:00 AM,-81.21969,35.6716300000001
49154,NONCD0001625,DOMINION TEXTILES (USA),155 21ST STREET NW,HICKORY,CATAWBA,35.734417,-81.374545,ON SCREEN PLACEMENT ON GEOREFERENCED MAP,ACMEMAPPER,FALSE,FALSE,https://edocs.deq.nc.gov/WasteManagement/Search.aspx?dbid=0&searchcommand=%7B%5BWM%5D:%5BProgram_ID%5D%20%3D%20%22*NONCD0001619*%22%7D,7/2/2026 12:00:00 AM,-81.374545,35.7344170000001
49155,NONCD0001626,DOMINION YARN - CORLIN PLANT,414 NORTH MARIAH STREET,LANDIS,ROWAN,35.553345,-80.608939,ON SCREEN PLACEMENT ON GEOREFERENCED MAP,ACMEMAPPER,FALSE,FALSE,https://edocs.deq.nc.gov/WasteManagement/Search.aspx?dbid=0&searchcommand=%7B%5BWM%5D:%5BProgram_ID%5D%20%3D%20%22*NONCD0001625*%22%7D,7/2/2026 12:00:00 AM,-80.608939,35.553345
49156,NONCD0001630,DOT-ASPHALT TESTING SITE #18,SR 1377,DILLSBORO,JACKSON,35.36608,-83.26397,ON SCREEN PLACEMENT ON GEOREFERENCED MAP,ACMEMAPPER,FALSE,FALSE,https://edocs.deq.nc.gov/WasteManagement/Search.aspx?dbid=0&searchcommand=%7B%5BWM%5D:%5BProgram_ID%5D%20%3D%20%22*NONCD0001626*%22%7D,7/2/2026 12:00:00 AM,-83.26397,35.3660800000001
49157,NONCD0001631,DOUG WHITE AUTO MART,3351 HIGHWAY 70E,NEWTON,CATAWBA,35.69758,-81.26245,ON SCREEN PLACEMENT ON GEOREFERENCED MAP,ACMEMAPPER,FALSE,FALSE,https://edocs.deq.nc.gov/WasteManagement/Search.aspx?dbid=0&searchcommand=%7B%5BWM%5D:%5BProgram_ID%5D%20%3D%20%22*NONCD0001630*%22%7D,7/2/2026 12:00:00 AM,-81.2624499999999,35.6975800000001
49158,NONCD0001634,DOWNTOWN MIDDLE SCHOOL,280 SOUTH LIBERTY STREET,WINSTON-SALEM,FORSYTH,36.09226,-80.243914,ON SCREEN PLACEMENT ON GEOREFERENCED MAP,ACMEMAPPER,FALSE,FALSE,https://edocs.deq.nc.gov/WasteManagement/Search.aspx?dbid=0&searchcommand=%7B%5BWM%5D:%5BProgram_ID%5D%20%3D%20%22*NONCD0001631*%22%7D,7/2/2026 12:00:00 AM,-80.243914,36.0922600000001
49159,NONCD0001635,DRAPER CORPORATION - NONUST,5644 HORNADAY ROAD,GREENSBORO,GUILFORD,36.06166,-79.91722,ON SCREEN PLACEMENT ON GEOREFERENCED MAP,ACMEMAPPER,FALSE,FALSE,https://edocs.deq.nc.gov/WasteManagement/Search.aspx?dbid=0&searchcommand=%7B%5BWM%5D:%5BProgram_ID%5D%20%3D%20%22*NONCD0001634*%22%7D,7/2/2026 12:00:00 AM,-79.91722,36.0616600000001
49160,NONCD0001636,DUDE INC,117 SOUTH MCLIN CREEK ROAD,CONOVER,CATAWBA,35.699507,-81.188454,ON SCREEN PLACEMENT ON GEOREFERENCED MAP,ACMEMAPPER,FALSE,FALSE,https://edocs.deq.nc.gov/WasteManagement/Search.aspx?dbid=0&searchcommand=%7B%5BWM%5D:%5BProgram_ID%5D%20%3D%20%22*NONCD0001635*%22%7D,7/2/2026 12:00:00 AM,-81.188454,35.699507
49161,NONCD0001638,SOUTHERN STATES COOP,US 64 & TRAVIS RD,COLUMBIA,TYRRELL,35.90415,-76.31757,ON SCREEN PLACEMENT ON GEOREFERENCED MAP,UNKNOWN,FALSE,FALSE,https://edocs.deq.nc.gov/WasteManagement/Search.aspx?dbid=0&searchcommand=%7B%5BWM%5D:%5BProgram_ID%5D%20%3D%20%22*NONCD0001636*%22%7D,7/2/2026 12:00:00 AM,-76.31757,35.9041500000001
49162,NONCD0001639,DUKE MEDICAL CENTER (BELL BUILDING),TRENT DRIVE,DURHAM,DURHAM,36.0064,-78.9373,ON SCREEN PLACEMENT ON GEOREFERENCED MAP,ACMEMAPPER,FALSE,FALSE,https://edocs.deq.nc.gov/WasteManagement/Search.aspx?dbid=0&searchcommand=%7B%5BWM%5D:%5BProgram_ID%5D%20%3D%20%22*NONCD0001638*%22%7D,7/2/2026 12:00:00 AM,-78.9372999999999,36.0064
49163,NONCD0001643,DUNMORE FURNITURE,1245 3RD STREET NE,HICKORY,CATAWBA,35.75297,-81.33491,ON SCREEN PLACEMENT ON GEOREFERENCED MAP,ACMEMAPPER,FALSE,FALSE,https://edocs.deq.nc.gov/WasteManagement/Search.aspx?dbid=0&searchcommand=%7B%5BWM%5D:%5BProgram_ID%5D%20%3D%20%22*NONCD0001639*%22%7D,7/2/2026 12:00:00 AM,-81.33491,35.7529700000001
49164,NONCD0001649,"DWIGGINS PROPERTY, CHRISTOPHER",125 W. LEE STREET,GREENSBORO,GUILFORD,36.06443,-79.79187,ON SCREEN PLACEMENT ON GEOREFERENCED MAP,ACMEMAPPER,FALSE,FALSE,https://edocs.deq.nc.gov/WasteManagement/Search.aspx?dbid=0&searchcommand=%7B%5BWM%5D:%5BProgram_ID%5D%20%3D%20%22*NONCD0001643*%22%7D,7/2/2026 12:00:00 AM,-79.79187,36.0644300000001
49165,NONCD0001650,DYNEA,790 CORNITH ROAD,MONCURE,CHATHAM,35.60339,-79.04777,ON SCREEN PLACEMENT ON GEOREFERENCED MAP,ACMEMAPPER,FALSE,FALSE,https://edocs.deq.nc.gov/WasteManagement/Search.aspx?dbid=0&searchcommand=%7B%5BWM%5D:%5BProgram_ID%5D%20%3D%20%22*NONCD0001649*%22%7D,7/2/2026 12:00:00 AM,-79.04777,35.60339
49166,NONCD0001651,AMERICAN DEVELOPMENT CORP (FRMR),1456 STATE CAMP RD,VANCEBORO,CRAVEN,35.276332,-77.15825,ON SCREEN PLACEMENT ON GEOREFERENCED MAP,ACMEMAPPER,FALSE,FALSE,https://edocs.deq.nc.gov/WasteManagement/Search.aspx?dbid=0&searchcommand=%7B%5BWM%5D:%5BProgram_ID%5D%20%3D%20%22*NONCD0001650*%22%7D,7/2/2026 12:00:00 AM,-77.15825,35.276332
49167,NONCD0001652,"EAGLE PLANT (R.L. STOWE, JPS)",EAGLE MILL RD,CRAMERTON,GASTON,35.23346,-81.05966,ON SCREEN PLACEMENT ON GEOREFERENCED MAP,ACMEMAPPER,FALSE,FALSE,https://edocs.deq.nc.gov/WasteManagement/Search.aspx?dbid=0&searchcommand=%7B%5BWM%5D:%5BProgram_ID%5D%20%3D%20%22*NONCD0001651*%22%7D,7/2/2026 12:00:00 AM,-81.05966,35.23346
49168,NONCD0001654,DEAN'S 76,3390 US HWY 311 N,PINE HALL,STOKES,36.33887,-80.06448,ON SCREEN PLACEMENT ON GEOREFERENCED MAP,ACMEMAPPER,FALSE,FALSE,https://edocs.deq.nc.gov/WasteManagement/Search.aspx?dbid=0&searchcommand=%7B%5BWM%5D:%5BProgram_ID%5D%20%3D%20%22*NONCD0001652*%22%7D,7/2/2026 12:00:00 AM,-80.0644799999999,36.33887
49169,NONCD0001655,RENTAL TOWEL AND UNIFORM,610 WOODY DR,GRAHAM,ALAMANCE,36.05867,-79.38562,ON SCREEN PLACEMENT ON GEOREFERENCED MAP,ACMEMAPPER,FALSE,FALSE,https://edocs.deq.nc.gov/WasteManagement/Search.aspx?dbid=0&searchcommand=%7B%5BWM%5D:%5BProgram_ID%5D%20%3D%20%22*NONCD0001654*%22%7D,7/2/2026 12:00:00 AM,-79.38562,36.0586700000001
49170,NONCD0001656,EAST 11TH STREET,100 EAST 11TH STREET,NEWTON,CATAWBA,35.67166,-81.21994,ON SCREEN PLACEMENT ON GEOREFERENCED MAP,ACMEMAPPER,FALSE,FALSE,https://edocs.deq.nc.gov/WasteManagement/Search.aspx?dbid=0&searchcommand=%7B%5BWM%5D:%5BProgram_ID%5D%20%3D%20%22*NONCD0001655*%22%7D,7/2/2026 12:00:00 AM,-81.21994,35.67166
49171,NONCD0001657,EAST GIBBON ROAD,2727 AND 2731 EAST GIBBON ROAD,CHARLOTTE,MECKLENBURG,35.298378,-80.801907,ON SCREEN PLACEMENT ON GEOREFERENCED MAP,ACMEMAPPER,FALSE,FALSE,https://edocs.deq.nc.gov/WasteManagement/Search.aspx?dbid=0&searchcommand=%7B%5BWM%5D:%5BProgram_ID%5D%20%3D%20%22*NONCD0001656*%22%7D,7/2/2026 12:00:00 AM,-80.801907,35.2983780000001
49172,NONCD0001658,EAST RIDGE ROAD,155 EAST RIDGE ROAD,SALISBURY,ROWAN,35.7208,-80.49661,ON SCREEN PLACEMENT ON GEOREFERENCED MAP,ACMEMAPPER,FALSE,FALSE,https://edocs.deq.nc.gov/WasteManagement/Search.aspx?dbid=0&searchcommand=%7B%5BWM%5D:%5BProgram_ID%5D%20%3D%20%22*NONCD0001657*%22%7D,7/2/2026 12:00:00 AM,-80.49661,35.7208000000001
49173,NONCD0001659,POWERHOUSE SQUARE,JONES & WEST STREETS,RALEIGH,WAKE,35.78244,-78.64634,ON SCREEN PLACEMENT ON GEOREFERENCED MAP,ACMEMAPPER,FALSE,FALSE,https://edocs.deq.nc.gov/WasteManagement/Search.aspx?dbid=0&searchcommand=%7B%5BWM%5D:%5BProgram_ID%5D%20%3D%20%22*NONCD0001658*%22%7D,7/2/2026 12:00:00 AM,-78.64634,35.7824400000001
49174,NONCD0001661,EATON CORPORATION,HWY 401 BYPASS NORTH,LAURINBURG,SCOTLAND,34.7971,-79.46068,ON SCREEN PLACEMENT ON GEOREFERENCED MAP,ACMEMAPPER,FALSE,TRUE,https://edocs.deq.nc.gov/WasteManagement/Search.aspx?dbid=0&searchcommand=%7B%5BWM%5D:%5BProgram_ID%5D%20%3D%20%22*NONCD0001659*%22%7D,7/2/2026 12:00:00 AM,-79.46068,34.7971000000001
49175,NONCD0001662,EATON CORPORATION - SANFORD,3020 LEE AVENUE,SANFORD,LEE,35.44618,-79.1434,ON SCREEN PLACEMENT ON GEOREFERENCED MAP,ACMEMAPPER,FALSE,TRUE,https://edocs.deq.nc.gov/WasteManagement/Search.aspx?dbid=0&searchcommand=%7B%5BWM%5D:%5BProgram_ID%5D%20%3D%20%22*NONCD0001661*%22%7D,7/2/2026 12:00:00 AM,-79.1434,35.44618
49176,NONCD0001663,EATON FACILITY (FORMER),LANE CREEK INDUSTRIAL PK.,FLETCHER,HENDERSON,35.43354,-82.47647,ON SCREEN PLACEMENT ON GEOREFERENCED MAP,ACMEMAPPER,FALSE,FALSE,https://edocs.deq.nc.gov/WasteManagement/Search.aspx?dbid=0&searchcommand=%7B%5BWM%5D:%5BProgram_ID%5D%20%3D%20%22*NONCD0001662*%22%7D,7/2/2026 12:00:00 AM,-82.4764699999999,35.4335400000001
49177,NONCD0001664,EBENEZER LUTHERAN CHURCH,JCT OF OLD BEATTY FORD RD AND,ROCKWELL,ROWAN,35.521734,-80.531786,ON SCREEN PLACEMENT ON GEOREFERENCED MAP,ACMEMAPPER,FALSE,FALSE,https://edocs.deq.nc.gov/WasteManagement/Search.aspx?dbid=0&searchcommand=%7B%5BWM%5D:%5BProgram_ID%5D%20%3D%20%22*NONCD0001663*%22%7D,7/2/2026 12:00:00 AM,-80.531786,35.521734
49178,NONCD0001665,KMART AUTO SERVICE FACILITY (FRMER),2609 FREEDOM DR,CHARLOTTE,MECKLENBURG,35.23731,-80.88256,ON SCREEN PLACEMENT ON GEOREFERENCED MAP,ACMEMAPPER,FALSE,FALSE,https://edocs.deq.nc.gov/WasteManagement/Search.aspx?dbid=0&searchcommand=%7B%5BWM%5D:%5BProgram_ID%5D%20%3D%20%22*NONCD0001664*%22%7D,7/2/2026 12:00:00 AM,-80.88256,35.23731
49179,NONCD0001666,ECKERD DRUG STORE,1845 E. 10TH STREET,ROANOKE RAPIDS,HALIFAX,36.43753,-77.64438,ON SCREEN PLACEMENT ON GEOREFERENCED MAP,ACMEMAPPER,FALSE,FALSE,https://edocs.deq.nc.gov/WasteManagement/Search.aspx?dbid=0&searchcommand=%7B%5BWM%5D:%5BProgram_ID%5D%20%3D%20%22*NONCD0001665*%22%7D,7/2/2026 12:00:00 AM,-77.64438,36.43753
49180,NONCD0001667,MCGILL'S MUFFLER SHOP,5860 YADKIN RD,FAYETTEVILLE,CUMBERLAND,35.093813,-78.985006,ON SCREEN PLACEMENT ON GEOREFERENCED MAP,ESRI AGOL BASE MAP,FALSE,FALSE,https://edocs.deq.nc.gov/WasteManagement/Search.aspx?dbid=0&searchcommand=%7B%5BWM%5D:%5BProgram_ID%5D%20%3D%20%22*NONCD0001666*%22%7D,7/2/2026 12:00:00 AM,-78.9850059999999,35.0938130000001
49181,NONCD0001668,CORNER COTTON GIN,151 MINGO CHURCH RD,MINGO,SAMPSON,35.17495,-78.55337,ON SCREEN PLACEMENT ON GEOREFERENCED MAP,ACMEMAPPER,FALSE,FALSE,https://edocs.deq.nc.gov/WasteManagement/Search.aspx?dbid=0&searchcommand=%7B%5BWM%5D:%5BProgram_ID%5D%20%3D%20%22*NONCD0001667*%22%7D,7/2/2026 12:00:00 AM,-78.55337,35.17495
49182,NONCD0001670,EDMUNDS MANUFACTURING COMPANY,1016 BATTLEGROUND AVE.,GREENSBORO,GUILFORD,36.080863,-79.800602,ON SCREEN PLACEMENT ON GEOREFERENCED MAP,ACMEMAPPER,FALSE,FALSE,https://edocs.deq.nc.gov/WasteManagement/Search.aspx?dbid=0&searchcommand=%7B%5BWM%5D:%5BProgram_ID%5D%20%3D%20%22*NONCD0001668*%22%7D,7/2/2026 12:00:00 AM,-79.800602,36.0808630000001
49183,NONCD0001671,EDWARDS SEAT COVERS - SOLVENT,847 N. LIBERTY STREET,WINSTON-SALEM,FORSYTH,36.104631,-80.243047,ON SCREEN PLACEMENT ON GEOREFERENCED MAP,ACMEMAPPER,FALSE,FALSE,https://edocs.deq.nc.gov/WasteManagement/Search.aspx?dbid=0&searchcommand=%7B%5BWM%5D:%5BProgram_ID%5D%20%3D%20%22*NONCD0001670*%22%7D,7/2/2026 12:00:00 AM,-80.243047,36.104631
49184,NONCD0001676,ELECTO-MEK,1412 WEST CRAIGHEAD ROAD,CHARLOTTE,MECKLENBURG,36.2694,-80.81385,ON SCREEN PLACEMENT ON GEOREFERENCED MAP,ACMEMAPPER,FALSE,FALSE,https://edocs.deq.nc.gov/WasteManagement/Search.aspx?dbid=0&searchcommand=%7B%5BWM%5D:%5BProgram_ID%5D%20%3D%20%22*NONCD0001671*%22%7D,7/2/2026 12:00:00 AM,-80.8138499999999,36.2694000000001
49185,NONCD0001677,ELECTRIC MOTOR SERVICE,2103 US HYW 13 SOUTH,AHOSKIE,HERTFORD,36.27052,-76.96774,ON SCREEN PLACEMENT ON GEOREFERENCED MAP,ACMEMAPPER,FALSE,FALSE,https://edocs.deq.nc.gov/WasteManagement/Search.aspx?dbid=0&searchcommand=%7B%5BWM%5D:%5BProgram_ID%5D%20%3D%20%22*NONCD0001676*%22%7D,7/2/2026 12:00:00 AM,-76.9677399999999,36.27052
49186,NONCD0001678,ELMWOOD CIRCLE,ELMWOOD CIRCLE,CHARLOTTE,MECKLENBURG,35.265833,-80.934166,ON SCREEN PLACEMENT ON GEOREFERENCED MAP,ACMEMAPPER,FALSE,FALSE,https://edocs.deq.nc.gov/WasteManagement/Search.aspx?dbid=0&searchcommand=%7B%5BWM%5D:%5BProgram_ID%5D%20%3D%20%22*NONCD0001677*%22%7D,7/2/2026 12:00:00 AM,-80.9341659999999,35.265833
49187,NONCD0001679,ELOX CORPORATION FACILITY,GRIFFITH STREET,DAVIDSON,MECKLENBURG,35.50166,-80.85888,ON SCREEN PLACEMENT ON GEOREFERENCED MAP,ACMEMAPPER,FALSE,FALSE,https://edocs.deq.nc.gov/WasteManagement/Search.aspx?dbid=0&searchcommand=%7B%5BWM%5D:%5BProgram_ID%5D%20%3D%20%22*NONCD0001678*%22%7D,7/2/2026 12:00:00 AM,-80.8588799999999,35.5016600000001
49188,NONCD0001680,EMERSON LEATHER (FORMER),816 13TH STREET NE,HICKORY,CATAWBA,35.74027,-81.3126,ON SCREEN PLACEMENT ON GEOREFERENCED MAP,ACMEMAPPER,TRUE,FALSE,https://edocs.deq.nc.gov/WasteManagement/Search.aspx?dbid=0&searchcommand=%7B%5BWM%5D:%5BProgram_ID%5D%20%3D%20%22*NONCD0001679*%22%7D,7/2/2026 12:00:00 AM,-81.3126,35.7402700000001
49189,NONCD0001681,EMPIRE BRUSH FACILITY,105 STATON ROAD,GREENVILLE,PITT,35.65335,-77.36267,ON SCREEN PLACEMENT ON GEOREFERENCED MAP,ACMEMAPPER,FALSE,TRUE,https://edocs.deq.nc.gov/WasteManagement/Search.aspx?dbid=0&searchcommand=%7B%5BWM%5D:%5BProgram_ID%5D%20%3D%20%22*NONCD0001680*%22%7D,7/2/2026 12:00:00 AM,-77.36267,35.65335
49190,NONCD0001683,ENERGY CONVERSION SYSTEMS,1 MORGANITE DRIVE,DUNN,HARNETT,35.31901,-78.62216,ON SCREEN PLACEMENT ON GEOREFERENCED MAP,ACMEMAPPER,TRUE,FALSE,https://edocs.deq.nc.gov/WasteManagement/Search.aspx?dbid=0&searchcommand=%7B%5BWM%5D:%5BProgram_ID%5D%20%3D%20%22*NONCD0001681*%22%7D,7/2/2026 12:00:00 AM,-78.62216,35.31901
49191,NONCD0001685,EAST MAIN STREET PCE,EAST MAIN ST,MURFREESBORO,HERTFORD,36.44211,-77.09756,ON SCREEN PLACEMENT ON GEOREFERENCED MAP,ACMEMAPPER,FALSE,FALSE,https://edocs.deq.nc.gov/WasteManagement/Search.aspx?dbid=0&searchcommand=%7B%5BWM%5D:%5BProgram_ID%5D%20%3D%20%22*NONCD0001683*%22%7D,7/2/2026 12:00:00 AM,-77.09756,36.4421100000001
49192,NONCD0001687,ERWIN MILLS/BURLINGTON IND.,SOUTH BURLINGTON ST.,ERWIN,HARNETT,35.32268,-78.6936,ON SCREEN PLACEMENT ON GEOREFERENCED MAP,ACMEMAPPER,FALSE,FALSE,https://edocs.deq.nc.gov/WasteManagement/Search.aspx?dbid=0&searchcommand=%7B%5BWM%5D:%5BProgram_ID%5D%20%3D%20%22*NONCD0001685*%22%7D,7/2/2026 12:00:00 AM,-78.6935999999999,35.32268
49193,NONCD0001689,ETHAN ALLEN FACILITY (FORMER),1185 DREXEL RD.,VALDESE,BURKE,35.73153,-81.61636,ON SCREEN PLACEMENT ON GEOREFERENCED MAP,ACMEMAPPER,FALSE,FALSE,https://edocs.deq.nc.gov/WasteManagement/Search.aspx?dbid=0&searchcommand=%7B%5BWM%5D:%5BProgram_ID%5D%20%3D%20%22*NONCD0001687*%22%7D,7/2/2026 12:00:00 AM,-81.61636,35.7315300000001
49194,NONCD0001690,CITY OF GOLDSBORO MAINTENANCE COMPLEX,1601 N CLINGMAN ST,GOLDSBORO,WAYNE,35.39729,-77.98035,ON SCREEN PLACEMENT ON GEOREFERENCED MAP,ACMEMAPPER,FALSE,FALSE,https://edocs.deq.nc.gov/WasteManagement/Search.aspx?dbid=0&searchcommand=%7B%5BWM%5D:%5BProgram_ID%5D%20%3D%20%22*NONCD0001689*%22%7D,7/2/2026 12:00:00 AM,-77.98035,35.3972900000001
49195,NONCD0001691,PARKWAY SHELL STATION-QUALITY OIL,1630 SILAS CREEK PKWY,WINSTON-SALEM,FORSYTH,36.0673367,-80.2622818,GPS (2-5 METER),,FALSE,FALSE,https://edocs.deq.nc.gov/WasteManagement/Search.aspx?dbid=0&searchcommand=%7B%5BWM%5D:%5BProgram_ID%5D%20%3D%20%22*NONCD0001690*%22%7D,7/2/2026 12:00:00 AM,-80.2622818,36.0673367000001
49196,NONCD0001696,EXXON 4-3524 SOLVENTS,11208 INDEPENDENCE BLVD,CHARLOTTE,MECKLENBURG,35.11844,-80.69818,ON SCREEN PLACEMENT ON GEOREFERENCED MAP,ACMEMAPPER,FALSE,FALSE,https://edocs.deq.nc.gov/WasteManagement/Search.aspx?dbid=0&searchcommand=%7B%5BWM%5D:%5BProgram_ID%5D%20%3D%20%22*NONCD0001691*%22%7D,7/2/2026 12:00:00 AM,-80.69818,35.1184400000001
49197,NONCD0001697,EXXON CORPORATION,3340 RIVER ROAD,WILMINGTON,NEW HANOVER,34.177222,-77.95,GPS (2-5 METER),,FALSE,FALSE,https://edocs.deq.nc.gov/WasteManagement/Search.aspx?dbid=0&searchcommand=%7B%5BWM%5D:%5BProgram_ID%5D%20%3D%20%22*NONCD0001696*%22%7D,7/2/2026 12:00:00 AM,-77.95,34.177222
49198,NONCD0001698,F T WILLIAMS TRUCKING FACILITY,3001/3009 ROZZELLES FERRY ROAD,CHARLOTTE,MECKLENBURG,35.25279,-80.87195,ON SCREEN PLACEMENT ON GEOREFERENCED MAP,ACMEMAPPER,FALSE,FALSE,https://edocs.deq.nc.gov/WasteManagement/Search.aspx?dbid=0&searchcommand=%7B%5BWM%5D:%5BProgram_ID%5D%20%3D%20%22*NONCD0001697*%22%7D,7/2/2026 12:00:00 AM,-80.87195,35.2527900000001
49199,NONCD0001700,FAIRCHILD INDUSTRIAL PRODUCTS CO.,3920 WESTPOINT BLVD.,WINSTON-SALEM,FORSYTH,36.03806,-80.32573,ON SCREEN PLACEMENT ON GEOREFERENCED MAP,ACMEMAPPER,FALSE,TRUE,https://edocs.deq.nc.gov/WasteManagement/Search.aspx?dbid=0&searchcommand=%7B%5BWM%5D:%5BProgram_ID%5D%20%3D%20%22*NONCD0001698*%22%7D,7/2/2026 12:00:00 AM,-80.32573,36.03806
49200,NONCD0001702,FAIRFAX PROPERTIES(FORMER REEVES),8900 RESEARCH DRIVE,CHARLOTTE,MECKLENBURG,35.31667,-80.75833,ON SCREEN PLACEMENT ON GEOREFERENCED MAP,ACMEMAPPER,FALSE,FALSE,https://edocs.deq.nc.gov/WasteManagement/Search.aspx?dbid=0&searchcommand=%7B%5BWM%5D:%5BProgram_ID%5D%20%3D%20%22*NONCD0001700*%22%7D,7/2/2026 12:00:00 AM,-80.7583299999999,35.31667
49201,NONCD0001703,FAIRLAND LANE,125 FAIRLAND LANE,LINCOLNTON,LINCOLN,35.4731,-81.17935,ON SCREEN PLACEMENT ON GEOREFERENCED MAP,ACMEMAPPER,FALSE,FALSE,https://edocs.deq.nc.gov/WasteManagement/Search.aspx?dbid=0&searchcommand=%7B%5BWM%5D:%5BProgram_ID%5D%20%3D%20%22*NONCD0001702*%22%7D,7/2/2026 12:00:00 AM,-81.1793499999999,35.4731
49202,NONCD0001704,FAIRVIEW 66 SOLVENT CONTAMINATION,HWY 74 CHARLOTTE HIGHWAY,FAIRVIEW,BUNCOMBE,35.5107,-82.39227,ON SCREEN PLACEMENT ON GEOREFERENCED MAP,ACMEMAPPER,FALSE,FALSE,https://edocs.deq.nc.gov/WasteManagement/Search.aspx?dbid=0&searchcommand=%7B%5BWM%5D:%5BProgram_ID%5D%20%3D%20%22*NONCD0001703*%22%7D,7/2/2026 12:00:00 AM,-82.3922699999999,35.5107
49203,NONCD0001705,WEST DAVIDSON AVE CONTAMINATION,EDISON DR AND W DAVIDSON AVE,GASTONIA,GASTON,35.28158,-81.20858,ON SCREEN PLACEMENT ON GEOREFERENCED MAP,ACMEMAPPER,FALSE,FALSE,https://edocs.deq.nc.gov/WasteManagement/Search.aspx?dbid=0&searchcommand=%7B%5BWM%5D:%5BProgram_ID%5D%20%3D%20%22*NONCD0001704*%22%7D,7/2/2026 12:00:00 AM,-81.20858,35.2815800000001
49204,NONCD0001706,FALLIES DRY CLEANING,SOUTH MAIN ST. @ SALISBURY ST.,MOCKSVILLE,DAVIE,35.88153,-80.56119,ON SCREEN PLACEMENT ON GEOREFERENCED MAP,ACMEMAPPER,FALSE,FALSE,https://edocs.deq.nc.gov/WasteManagement/Search.aspx?dbid=0&searchcommand=%7B%5BWM%5D:%5BProgram_ID%5D%20%3D%20%22*NONCD0001705*%22%7D,7/2/2026 12:00:00 AM,-80.56119,35.8815300000001
49205,NONCD0001709,FAST FARE 581,2721 MCNEIL STREET,RALEIGH,WAKE,35.81417,-78.62701,ON SCREEN PLACEMENT ON GEOREFERENCED MAP,ACMEMAPPER,FALSE,FALSE,https://edocs.deq.nc.gov/WasteManagement/Search.aspx?dbid=0&searchcommand=%7B%5BWM%5D:%5BProgram_ID%5D%20%3D%20%22*NONCD0001706*%22%7D,7/2/2026 12:00:00 AM,-78.62701,35.81417
49206,NONCD0001711,"FAWLKES, R. - FENNEL ST.",FENNEL ST.,KERNERSVILLE,FORSYTH,36.13478,-80.10467,ON SCREEN PLACEMENT ON GEOREFERENCED MAP,ESRI AGOL BASE MAP,FALSE,FALSE,https://edocs.deq.nc.gov/WasteManagement/Search.aspx?dbid=0&searchcommand=%7B%5BWM%5D:%5BProgram_ID%5D%20%3D%20%22*NONCD0001709*%22%7D,7/2/2026 12:00:00 AM,-80.1046699999999,36.13478
49207,NONCD0001715,FIELDCREST BLANKET MILL,WAREHOUSE STREET,EDEN,ROCKINGHAM,36.50814,-79.757388,ON SCREEN PLACEMENT ON GEOREFERENCED MAP,ESRI AGOL BASE MAP,FALSE,FALSE,https://edocs.deq.nc.gov/WasteManagement/Search.aspx?dbid=0&searchcommand=%7B%5BWM%5D:%5BProgram_ID%5D%20%3D%20%22*NONCD0001711*%22%7D,7/2/2026 12:00:00 AM,-79.7573879999999,36.50814
49208,NONCD0001716,FIRST BANK PROPERTY-OLD DUMP,OFF HWY 211,PINEHURST,MOORE,35.20133,-79.46921,ON SCREEN PLACEMENT ON GEOREFERENCED MAP,ACMEMAPPER,FALSE,FALSE,https://edocs.deq.nc.gov/WasteManagement/Search.aspx?dbid=0&searchcommand=%7B%5BWM%5D:%5BProgram_ID%5D%20%3D%20%22*NONCD0001715*%22%7D,7/2/2026 12:00:00 AM,-79.46921,35.20133
49209,NONCD0001717,FIRST CITIZENS BANK,2743 W. ROOSEVELT BLVD,MONROE,UNION,35.019078,-80.577,ON SCREEN PLACEMENT ON GEOREFERENCED MAP,ACMEMAPPER,FALSE,FALSE,https://edocs.deq.nc.gov/WasteManagement/Search.aspx?dbid=0&searchcommand=%7B%5BWM%5D:%5BProgram_ID%5D%20%3D%20%22*NONCD0001716*%22%7D,7/2/2026 12:00:00 AM,-80.5769999999999,35.019078
49210,NONCD0001719,FLAVOR-O-RICH,1607 WEST PINE STREET,MT. AIRY,SURRY,36.50052,-80.63986,ON SCREEN PLACEMENT ON GEOREFERENCED MAP,ACMEMAPPER,FALSE,FALSE,https://edocs.deq.nc.gov/WasteManagement/Search.aspx?dbid=0&searchcommand=%7B%5BWM%5D:%5BProgram_ID%5D%20%3D%20%22*NONCD0001717*%22%7D,7/2/2026 12:00:00 AM,-80.6398599999999,36.5005200000001
49211,NONCD0001720,FLEET SUPPLY COMPANY - NONUST,2744 W. MOUNTAIN ST.,WINSTON-SALEM,FORSYTH,36.113438,-80.162113,ON SCREEN PLACEMENT ON GEOREFERENCED MAP,ACMEMAPPER,FALSE,FALSE,https://edocs.deq.nc.gov/WasteManagement/Search.aspx?dbid=0&searchcommand=%7B%5BWM%5D:%5BProgram_ID%5D%20%3D%20%22*NONCD0001719*%22%7D,7/2/2026 12:00:00 AM,-80.162113,36.113438
49212,NONCD0001722,FLETCHER PUBLIC WORKS SITE,21 HOWARD GAP RD.,FLETCHER,HENDERSON,35.42747,-82.50067,ON SCREEN PLACEMENT ON GEOREFERENCED MAP,ACMEMAPPER,FALSE,FALSE,https://edocs.deq.nc.gov/WasteManagement/Search.aspx?dbid=0&searchcommand=%7B%5BWM%5D:%5BProgram_ID%5D%20%3D%20%22*NONCD0001720*%22%7D,7/2/2026 12:00:00 AM,-82.50067,35.42747
49213,NONCD0001723,FLINT HILLS RESOURCES-CMT SITE,3330 RIVER ROAD,WILMINGTON,NEW HANOVER,34.18584,-77.95271,ON SCREEN PLACEMENT ON GEOREFERENCED MAP,ACMEMAPPER,FALSE,FALSE,https://edocs.deq.nc.gov/WasteManagement/Search.aspx?dbid=0&searchcommand=%7B%5BWM%5D:%5BProgram_ID%5D%20%3D%20%22*NONCD0001722*%22%7D,7/2/2026 12:00:00 AM,-77.95271,34.18584
49214,NONCD0001726,FLOWLINE CORP.,164 INDUSTRIAL DRIVE,WHITEVILLE,COLUMBUS,34.33416,-78.71861,ON SCREEN PLACEMENT ON GEOREFERENCED MAP,ACMEMAPPER,TRUE,FALSE,https://edocs.deq.nc.gov/WasteManagement/Search.aspx?dbid=0&searchcommand=%7B%5BWM%5D:%5BProgram_ID%5D%20%3D%20%22*NONCD0001723*%22%7D,7/2/2026 12:00:00 AM,-78.71861,34.3341600000001
49215,NONCD0001727,"FOAM TECH, INC.",117 CEDAR LANE DRIVE,LEXINGTON,DAVIDSON,35.770086,-80.263377,ON SCREEN PLACEMENT ON GEOREFERENCED MAP,ESRI AGOL BASE MAP,FALSE,FALSE,https://edocs.deq.nc.gov/WasteManagement/Search.aspx?dbid=0&searchcommand=%7B%5BWM%5D:%5BProgram_ID%5D%20%3D%20%22*NONCD0001726*%22%7D,7/2/2026 12:00:00 AM,-80.2633769999999,35.770086
49216,NONCD0001728,FOAMEX LP I - CONOVER,408 SOUTH MCLIN CREEK ROAD,CONOVER,CATAWBA,35.69732,-81.18819,ON SCREEN PLACEMENT ON GEOREFERENCED MAP,ACMEMAPPER,FALSE,FALSE,https://edocs.deq.nc.gov/WasteManagement/Search.aspx?dbid=0&searchcommand=%7B%5BWM%5D:%5BProgram_ID%5D%20%3D%20%22*NONCD0001727*%22%7D,7/2/2026 12:00:00 AM,-81.18819,35.69732
49217,NONCD0001730,FONTAINE FIFTH WHEEL (FORMER),3883 SOUTH CHURCH STREET,ROCKY MOUNT,NASH,35.89829,-77.81441,ON SCREEN PLACEMENT ON GEOREFERENCED MAP,ACMEMAPPER,TRUE,FALSE,https://edocs.deq.nc.gov/WasteManagement/Search.aspx?dbid=0&searchcommand=%7B%5BWM%5D:%5BProgram_ID%5D%20%3D%20%22*NONCD0001728*%22%7D,7/2/2026 12:00:00 AM,-77.81441,35.89829
49218,NONCD0001731,FOREST CITY TOOL,620 23RD ST NW,LONG VIEW,CATAWBA,35.740499,-81.375516,ON SCREEN PLACEMENT ON GEOREFERENCED MAP,ACMEMAPPER,FALSE,FALSE,https://edocs.deq.nc.gov/WasteManagement/Search.aspx?dbid=0&searchcommand=%7B%5BWM%5D:%5BProgram_ID%5D%20%3D%20%22*NONCD0001730*%22%7D,7/2/2026 12:00:00 AM,-81.3755159999999,35.7404990000001
49219,NONCD0001735,FOSTER FORBES GLASS,2200 FIRESTONE PARKWAY,WILSON,WILSON,35.761666,-77.884444,ON SCREEN PLACEMENT ON GEOREFERENCED MAP,ACMEMAPPER,FALSE,FALSE,https://edocs.deq.nc.gov/WasteManagement/Search.aspx?dbid=0&searchcommand=%7B%5BWM%5D:%5BProgram_ID%5D%20%3D%20%22*NONCD0001731*%22%7D,7/2/2026 12:00:00 AM,-77.884444,35.761666
49220,NONCD0001737,FRANKLIN QUARRY-NCDOT-SITE #15,HIGHWAY 64,FRANKLIN,MACON,35.16216,-83.42786,ON SCREEN PLACEMENT ON GEOREFERENCED MAP,ACMEMAPPER,FALSE,FALSE,https://edocs.deq.nc.gov/WasteManagement/Search.aspx?dbid=0&searchcommand=%7B%5BWM%5D:%5BProgram_ID%5D%20%3D%20%22*NONCD0001735*%22%7D,7/2/2026 12:00:00 AM,-83.42786,35.16216
49221,NONCD0001741,FULTON WELL,8501 OLD CONCORD ROAD,CHARLOTTE,MECKLENBURG,35.28341,-80.73341,ON SCREEN PLACEMENT ON GEOREFERENCED MAP,ACMEMAPPER,FALSE,FALSE,https://edocs.deq.nc.gov/WasteManagement/Search.aspx?dbid=0&searchcommand=%7B%5BWM%5D:%5BProgram_ID%5D%20%3D%20%22*NONCD0001737*%22%7D,7/2/2026 12:00:00 AM,-80.7334099999999,35.2834100000001
49222,NONCD0001745,GAINES CORPORATION,4001 BATTLEGROUND AVE.,GREENSBORO,GUILFORD,36.14705,-79.86929,ON SCREEN PLACEMENT ON GEOREFERENCED MAP,ACMEMAPPER,FALSE,FALSE,https://edocs.deq.nc.gov/WasteManagement/Search.aspx?dbid=0&searchcommand=%7B%5BWM%5D:%5BProgram_ID%5D%20%3D%20%22*NONCD0001741*%22%7D,7/2/2026 12:00:00 AM,-79.86929,36.14705
49223,NONCD0001747,GAMBLE PALLET CO. (FORMER),3320 GIBBON ROAD (FORMER ADDRE,CHARLOTTE,MECKLENBURG,35.30069,-80.8065,ON SCREEN PLACEMENT ON GEOREFERENCED MAP,ACMEMAPPER,FALSE,FALSE,https://edocs.deq.nc.gov/WasteManagement/Search.aspx?dbid=0&searchcommand=%7B%5BWM%5D:%5BProgram_ID%5D%20%3D%20%22*NONCD0001745*%22%7D,7/2/2026 12:00:00 AM,-80.8065,35.30069
49224,NONCD0001748,"GANT STATION, FORMER",102 WEST LEBANON STREET,MOUNT AIRY,SURRY,36.510576,-80.609454,ON SCREEN PLACEMENT ON GEOREFERENCED MAP,ACMEMAPPER,FALSE,FALSE,https://edocs.deq.nc.gov/WasteManagement/Search.aspx?dbid=0&searchcommand=%7B%5BWM%5D:%5BProgram_ID%5D%20%3D%20%22*NONCD0001747*%22%7D,7/2/2026 12:00:00 AM,-80.609454,36.5105760000001
49225,NONCD0001751,GASTON COUNTY DEVELOPMENT CORPORATION,COURT DR.,GASTONIA,GASTON,35.27621,-81.14393,ON SCREEN PLACEMENT ON GEOREFERENCED MAP,ACMEMAPPER,FALSE,FALSE,https://edocs.deq.nc.gov/WasteManagement/Search.aspx?dbid=0&searchcommand=%7B%5BWM%5D:%5BProgram_ID%5D%20%3D%20%22*NONCD0001748*%22%7D,7/2/2026 12:00:00 AM,-81.14393,35.27621
49226,NONCD0001752,GASTON COUNTY PUBLIC WORKS - SOLVENTS,MARIETTA STREET AND LONG AVENU,GASTONIA,GASTON,35.26564,-81.18176,ON SCREEN PLACEMENT ON GEOREFERENCED MAP,ACMEMAPPER,FALSE,FALSE,https://edocs.deq.nc.gov/WasteManagement/Search.aspx?dbid=0&searchcommand=%7B%5BWM%5D:%5BProgram_ID%5D%20%3D%20%22*NONCD0001751*%22%7D,7/2/2026 12:00:00 AM,-81.1817599999999,35.2656400000001
49227,NONCD0001753,GASTON SHELL,279 W. FRANKLIN BLVD,GASTONIA,GASTON,35.261666,-81.185555,ON SCREEN PLACEMENT ON GEOREFERENCED MAP,ACMEMAPPER,FALSE,FALSE,https://edocs.deq.nc.gov/WasteManagement/Search.aspx?dbid=0&searchcommand=%7B%5BWM%5D:%5BProgram_ID%5D%20%3D%20%22*NONCD0001752*%22%7D,7/2/2026 12:00:00 AM,-81.185555,35.261666
49228,NONCD0001754,GUILFORD PLATING,3318 N CHURCH ST,GREENSBORO,GUILFORD,36.12399,-79.78681,ON SCREEN PLACEMENT ON GEOREFERENCED MAP,ACMEMAPPER,FALSE,FALSE,https://edocs.deq.nc.gov/WasteManagement/Search.aspx?dbid=0&searchcommand=%7B%5BWM%5D:%5BProgram_ID%5D%20%3D%20%22*NONCD0001753*%22%7D,7/2/2026 12:00:00 AM,-79.7868099999999,36.12399
49229,NONCD0001755,GATEWAY VILLAGE,WEST TRADE STREET & N CEDAR,CHARLOTTE,MECKLENBURG,35.23311,-80.84961,ON SCREEN PLACEMENT ON GEOREFERENCED MAP,ACMEMAPPER,FALSE,FALSE,https://edocs.deq.nc.gov/WasteManagement/Search.aspx?dbid=0&searchcommand=%7B%5BWM%5D:%5BProgram_ID%5D%20%3D%20%22*NONCD0001754*%22%7D,7/2/2026 12:00:00 AM,-80.84961,35.2331100000001
49230,NONCD0001757,"GB LABELS, INC.",1070 S RIVERVIEW DR,BURLINGTON,ALAMANCE,36.130337,-79.46158,ON SCREEN PLACEMENT ON GEOREFERENCED MAP,ESRI AGOL BASE MAP,FALSE,FALSE,https://edocs.deq.nc.gov/WasteManagement/Search.aspx?dbid=0&searchcommand=%7B%5BWM%5D:%5BProgram_ID%5D%20%3D%20%22*NONCD0001755*%22%7D,7/2/2026 12:00:00 AM,-79.46158,36.1303370000001
49231,NONCD0001758,GEE'S FOOD STORE - SOLVENTS,3600 TUCKASEEGEE ROAD,CHARLOTTE,MECKLENBURG,35.24566,-80.88569,ON SCREEN PLACEMENT ON GEOREFERENCED MAP,ACMEMAPPER,FALSE,FALSE,https://edocs.deq.nc.gov/WasteManagement/Search.aspx?dbid=0&searchcommand=%7B%5BWM%5D:%5BProgram_ID%5D%20%3D%20%22*NONCD0001757*%22%7D,7/2/2026 12:00:00 AM,-80.88569,35.24566
49232,NONCD0001759,GELTMAN CORPORATION,"1703 PINEVIEW ST, SE",CONOVER,CATAWBA,35.70124,-81.191625,ON SCREEN PLACEMENT ON GEOREFERENCED MAP,ACMEMAPPER,FALSE,FALSE,https://edocs.deq.nc.gov/WasteManagement/Search.aspx?dbid=0&searchcommand=%7B%5BWM%5D:%5BProgram_ID%5D%20%3D%20%22*NONCD0001758*%22%7D,7/2/2026 12:00:00 AM,-81.191625,35.70124
49233,NONCD0001761,GENERAL STORE SOLVENTS,849 OAKRIDGE FARM ROAD,MOORESVILLE,IREDELL,35.60854,-80.79512,ON SCREEN PLACEMENT ON GEOREFERENCED MAP,ACMEMAPPER,FALSE,FALSE,https://edocs.deq.nc.gov/WasteManagement/Search.aspx?dbid=0&searchcommand=%7B%5BWM%5D:%5BProgram_ID%5D%20%3D%20%22*NONCD0001759*%22%7D,7/2/2026 12:00:00 AM,-80.7951199999999,35.6085400000001
49234,NONCD0001762,GENTEX PRINTING,1021 THORPE ROAD,ROCKY MOUNT,NASH,35.96763,-77.79977,ON SCREEN PLACEMENT ON GEOREFERENCED MAP,ACMEMAPPER,FALSE,FALSE,https://edocs.deq.nc.gov/WasteManagement/Search.aspx?dbid=0&searchcommand=%7B%5BWM%5D:%5BProgram_ID%5D%20%3D%20%22*NONCD0001761*%22%7D,7/2/2026 12:00:00 AM,-77.79977,35.96763
49235,NONCD0001764,GENUINE PARTS COMPANY 1,124 ATANDO AVENUE,CHARLOTTE,MECKLENBURG,35.25327,-80.81076,ON SCREEN PLACEMENT ON GEOREFERENCED MAP,ACMEMAPPER,FALSE,FALSE,https://edocs.deq.nc.gov/WasteManagement/Search.aspx?dbid=0&searchcommand=%7B%5BWM%5D:%5BProgram_ID%5D%20%3D%20%22*NONCD0001762*%22%7D,7/2/2026 12:00:00 AM,-80.81076,35.25327
49236,NONCD0001766,GEO HILDEBRAND ELEM. SCHOOL,GEORGE HILDEBRAND SCH. RD.,CONNELLY SPRINGS,BURKE,35.63697,-81.51313,ON SCREEN PLACEMENT ON GEOREFERENCED MAP,ACMEMAPPER,FALSE,FALSE,https://edocs.deq.nc.gov/WasteManagement/Search.aspx?dbid=0&searchcommand=%7B%5BWM%5D:%5BProgram_ID%5D%20%3D%20%22*NONCD0001764*%22%7D,7/2/2026 12:00:00 AM,-81.51313,35.6369700000001
49237,NONCD0001767,GEORGE MATTHEWS PCE SITE,2101 DALLAS/STANLEY HIGHWAY,STANLEY,GASTON,35.340809,-81.109266,ON SCREEN PLACEMENT ON GEOREFERENCED MAP,ACMEMAPPER,FALSE,FALSE,https://edocs.deq.nc.gov/WasteManagement/Search.aspx?dbid=0&searchcommand=%7B%5BWM%5D:%5BProgram_ID%5D%20%3D%20%22*NONCD0001766*%22%7D,7/2/2026 12:00:00 AM,-81.1092659999999,35.340809
49238,NONCD0001769,GERRARD TIRE,11252 LAWYERS ROAD,CHARLOTTE,MECKLENBURG,35.17375,-80.657379,ON SCREEN PLACEMENT ON GEOREFERENCED MAP,ACMEMAPPER,FALSE,FALSE,https://edocs.deq.nc.gov/WasteManagement/Search.aspx?dbid=0&searchcommand=%7B%5BWM%5D:%5BProgram_ID%5D%20%3D%20%22*NONCD0001767*%22%7D,7/2/2026 12:00:00 AM,-80.6573789999999,35.17375
49239,NONCD0001770,"GIBSONVILLE, CITY OF",E JOYNER ST,GIBSONVILLE,ALAMANCE,36.107161,-79.532072,ON SCREEN PLACEMENT ON GEOREFERENCED MAP,ESRI AGOL BASE MAP,FALSE,FALSE,https://edocs.deq.nc.gov/WasteManagement/Search.aspx?dbid=0&searchcommand=%7B%5BWM%5D:%5BProgram_ID%5D%20%3D%20%22*NONCD0001769*%22%7D,7/2/2026 12:00:00 AM,-79.532072,36.1071610000001
49240,NONCD0001772,GIRMES - FORMERLY SKF,US 74,ASHEVILLE,BUNCOMBE,35.5714,-82.49835,ON SCREEN PLACEMENT ON GEOREFERENCED MAP,ACMEMAPPER,FALSE,FALSE,https://edocs.deq.nc.gov/WasteManagement/Search.aspx?dbid=0&searchcommand=%7B%5BWM%5D:%5BProgram_ID%5D%20%3D%20%22*NONCD0001770*%22%7D,7/2/2026 12:00:00 AM,-82.49835,35.5714
49241,NONCD0001775,DURWOOD GROCERY,23585 US HWY 421,WILLARD,PENDER,34.65127,-78.1217,ON SCREEN PLACEMENT ON GEOREFERENCED MAP,ACMEMAPPER,FALSE,FALSE,https://edocs.deq.nc.gov/WasteManagement/Search.aspx?dbid=0&searchcommand=%7B%5BWM%5D:%5BProgram_ID%5D%20%3D%20%22*NONCD0001772*%22%7D,7/2/2026 12:00:00 AM,-78.1217,34.6512700000001
49242,NONCD0001777,GLEN RAVEN MILLS - CONSUMER PROD DIV - C,3726 ALTAHAMAW UNION RIDGE RD,ALTAMAHAW,ALAMANCE,36.18327,-79.50638,ON SCREEN PLACEMENT ON GEOREFERENCED MAP,ACMEMAPPER,FALSE,FALSE,https://edocs.deq.nc.gov/WasteManagement/Search.aspx?dbid=0&searchcommand=%7B%5BWM%5D:%5BProgram_ID%5D%20%3D%20%22*NONCD0001775*%22%7D,7/2/2026 12:00:00 AM,-79.50638,36.1832700000001
49243,NONCD0001778,GLEN RAVEN MILLS (FORMER),142 GLEN RAVEN ROAD,GLEN RAVEN,ALAMANCE,36.11397,-79.46325,ON SCREEN PLACEMENT ON GEOREFERENCED MAP,ACMEMAPPER,FALSE,FALSE,https://edocs.deq.nc.gov/WasteManagement/Search.aspx?dbid=0&searchcommand=%7B%5BWM%5D:%5BProgram_ID%5D%20%3D%20%22*NONCD0001777*%22%7D,7/2/2026 12:00:00 AM,-79.46325,36.1139700000001
49244,NONCD0001779,GLENN MANUFACTURING/DECORATIVE HOME ACCE,HWY 52 & RATLIFF GIN ROAD,MORVEN,ANSON,34.85387,-79.99573,ON SCREEN PLACEMENT ON GEOREFERENCED MAP,ACMEMAPPER,FALSE,TRUE,https://edocs.deq.nc.gov/WasteManagement/Search.aspx?dbid=0&searchcommand=%7B%5BWM%5D:%5BProgram_ID%5D%20%3D%20%22*NONCD0001778*%22%7D,7/2/2026 12:00:00 AM,-79.99573,34.85387
49245,NONCD0001780,GLENWOOD AVENUE,413 SOUTH GLENWOOD AVENUE,RALEIGH,WAKE,35.785495,-78.647428,ON SCREEN PLACEMENT ON GEOREFERENCED MAP,ACMEMAPPER,FALSE,FALSE,https://edocs.deq.nc.gov/WasteManagement/Search.aspx?dbid=0&searchcommand=%7B%5BWM%5D:%5BProgram_ID%5D%20%3D%20%22*NONCD0001779*%22%7D,7/2/2026 12:00:00 AM,-78.6474279999999,35.785495
49246,NONCD0001782,GM TRAINING CENTER,5500 N TRYON STREET,CHARLOTTE,MECKLENBURG,35.26077,-80.77355,ON SCREEN PLACEMENT ON GEOREFERENCED MAP,ACMEMAPPER,FALSE,FALSE,https://edocs.deq.nc.gov/WasteManagement/Search.aspx?dbid=0&searchcommand=%7B%5BWM%5D:%5BProgram_ID%5D%20%3D%20%22*NONCD0001780*%22%7D,7/2/2026 12:00:00 AM,-80.7735499999999,35.26077
49247,NONCD0001785,SOUTHERN STATES COOP,3648 SOUTH FIELDS ST,FARMVILLE,PITT,35.593357,-77.599382,ON SCREEN PLACEMENT ON GEOREFERENCED MAP,GOOGLE MAPS,FALSE,FALSE,https://edocs.deq.nc.gov/WasteManagement/Search.aspx?dbid=0&searchcommand=%7B%5BWM%5D:%5BProgram_ID%5D%20%3D%20%22*NONCD0001782*%22%7D,7/2/2026 12:00:00 AM,-77.5993819999999,35.593357
49248,NONCD0001786,WATT STEVENS,4461 NC HWY 8 N,DANBURY,STOKES,36.48395,-80.22761,ON SCREEN PLACEMENT ON GEOREFERENCED MAP,GOOGLE MAPS,FALSE,FALSE,https://edocs.deq.nc.gov/WasteManagement/Search.aspx?dbid=0&searchcommand=%7B%5BWM%5D:%5BProgram_ID%5D%20%3D%20%22*NONCD0001785*%22%7D,7/2/2026 12:00:00 AM,-80.22761,36.48395
49249,NONCD0001790,GRADY FARM SERVICE,WARREN RD(NCSR 1301),FAISON,DUPLIN,35.065555,-78.142222,ON SCREEN PLACEMENT ON GEOREFERENCED MAP,ACMEMAPPER,FALSE,FALSE,https://edocs.deq.nc.gov/WasteManagement/Search.aspx?dbid=0&searchcommand=%7B%5BWM%5D:%5BProgram_ID%5D%20%3D%20%22*NONCD0001786*%22%7D,7/2/2026 12:00:00 AM,-78.1422219999999,35.0655550000001
49250,NONCD0001791,GRAHAM DIXON PROPERTY,2100 HIGHWAY 17 NORTH,BRIDGETON,CRAVEN,35.15615,-77.0361,ON SCREEN PLACEMENT ON GEOREFERENCED MAP,ESRI AGOL BASE MAP,FALSE,FALSE,https://edocs.deq.nc.gov/WasteManagement/Search.aspx?dbid=0&searchcommand=%7B%5BWM%5D:%5BProgram_ID%5D%20%3D%20%22*NONCD0001790*%22%7D,7/2/2026 12:00:00 AM,-77.0361,35.15615
49251,NONCD0001792,GRANITEVILLE TWO SITE,2508 LUCENA STREET,CHARLOTTE,MECKLENBURG,35.25349,-80.82676,ON SCREEN PLACEMENT ON GEOREFERENCED MAP,ACMEMAPPER,FALSE,FALSE,https://edocs.deq.nc.gov/WasteManagement/Search.aspx?dbid=0&searchcommand=%7B%5BWM%5D:%5BProgram_ID%5D%20%3D%20%22*NONCD0001791*%22%7D,7/2/2026 12:00:00 AM,-80.82676,35.2534900000001
49252,NONCD0001794,PATTERSON AVE SOLVENTS,PATTERSON AVE,WINSTON-SALEM,FORSYTH,36.13049,-80.24178,ON SCREEN PLACEMENT ON GEOREFERENCED MAP,ACMEMAPPER,FALSE,FALSE,https://edocs.deq.nc.gov/WasteManagement/Search.aspx?dbid=0&searchcommand=%7B%5BWM%5D:%5BProgram_ID%5D%20%3D%20%22*NONCD0001792*%22%7D,7/2/2026 12:00:00 AM,-80.2417799999999,36.1304900000001
49253,NONCD0001796,"GREENSBORO AUTO AUCTION, INC",3802 W WENDOVER AVE,GREENSBORO,GUILFORD,36.06342,-79.87557,ON SCREEN PLACEMENT ON GEOREFERENCED MAP,ACMEMAPPER,FALSE,FALSE,https://edocs.deq.nc.gov/WasteManagement/Search.aspx?dbid=0&searchcommand=%7B%5BWM%5D:%5BProgram_ID%5D%20%3D%20%22*NONCD0001794*%22%7D,7/2/2026 12:00:00 AM,-79.87557,36.0634200000001
49254,NONCD0001798,"GREENSBORO, CITY OF - CITY GARAGE - B",401 PATTON AVE,GREENSBORO,GUILFORD,36.04211,-79.78251,ON SCREEN PLACEMENT ON GEOREFERENCED MAP,ACMEMAPPER,FALSE,FALSE,https://edocs.deq.nc.gov/WasteManagement/Search.aspx?dbid=0&searchcommand=%7B%5BWM%5D:%5BProgram_ID%5D%20%3D%20%22*NONCD0001796*%22%7D,7/2/2026 12:00:00 AM,-79.7825099999999,36.04211
49255,NONCD0001801,COLLEGE STREET SOLVENT RELEASE,COLLEGE ST  AND GREEN ST,CLARKTON,BLADEN,34.4875,-78.65602,ON SCREEN PLACEMENT ON GEOREFERENCED MAP,ACMEMAPPER,FALSE,FALSE,https://edocs.deq.nc.gov/WasteManagement/Search.aspx?dbid=0&searchcommand=%7B%5BWM%5D:%5BProgram_ID%5D%20%3D%20%22*NONCD0001798*%22%7D,7/2/2026 12:00:00 AM,-78.65602,34.4875000000001
49256,NONCD0001803,GRINNELL SUPPLY SALES 2,1431 W MOREHEAD ST,CHARLOTTE,MECKLENBURG,35.228888,-80.864444,ON SCREEN PLACEMENT ON GEOREFERENCED MAP,ACMEMAPPER,FALSE,FALSE,https://edocs.deq.nc.gov/WasteManagement/Search.aspx?dbid=0&searchcommand=%7B%5BWM%5D:%5BProgram_ID%5D%20%3D%20%22*NONCD0001801*%22%7D,7/2/2026 12:00:00 AM,-80.8644439999999,35.228888
49257,NONCD0001806,SHERRILLS FORD RD CONTAMINATION,SHERRILLS FORD ROAD,SHERRILLS FORD,CATAWBA,35.632205,-80.991448,ON SCREEN PLACEMENT ON GEOREFERENCED MAP,ACMEMAPPER,FALSE,FALSE,https://edocs.deq.nc.gov/WasteManagement/Search.aspx?dbid=0&searchcommand=%7B%5BWM%5D:%5BProgram_ID%5D%20%3D%20%22*NONCD0001803*%22%7D,7/2/2026 12:00:00 AM,-80.9914479999999,35.6322050000001
49258,NONCD0001807,GUILFORD MILLS - FISHMAN SOLVENTS,4925 WEST MARKET ST,GREENSBORO,GUILFORD,36.068249,-79.874789,ON SCREEN PLACEMENT ON GEOREFERENCED MAP,ACMEMAPPER,FALSE,FALSE,https://edocs.deq.nc.gov/WasteManagement/Search.aspx?dbid=0&searchcommand=%7B%5BWM%5D:%5BProgram_ID%5D%20%3D%20%22*NONCD0001806*%22%7D,7/2/2026 12:00:00 AM,-79.874789,36.068249
49259,NONCD0001813,HALL WELL,908 PIERCE ROAD,MT. HOLLY,GASTON,35.321383,-81.055841,ON SCREEN PLACEMENT ON GEOREFERENCED MAP,ACMEMAPPER,FALSE,FALSE,https://edocs.deq.nc.gov/WasteManagement/Search.aspx?dbid=0&searchcommand=%7B%5BWM%5D:%5BProgram_ID%5D%20%3D%20%22*NONCD0001807*%22%7D,7/2/2026 12:00:00 AM,-81.055841,35.321383
49260,NONCD0001814,HAMILTON BEACH/PROCTOR SILEX,"OFF SR 1509, NEAR WASHINGTON A",WASHINGTON,BEAUFORT,35.578333,-77.062222,ON SCREEN PLACEMENT ON GEOREFERENCED MAP,ACMEMAPPER,FALSE,FALSE,https://edocs.deq.nc.gov/WasteManagement/Search.aspx?dbid=0&searchcommand=%7B%5BWM%5D:%5BProgram_ID%5D%20%3D%20%22*NONCD0001813*%22%7D,7/2/2026 12:00:00 AM,-77.062222,35.578333
49261,NONCD0001815,HAMILTON BEACH-PROCTOR SILEX,100-A FONTANA STREET,CLINTON,SAMPSON,34.99474,-78.30111,ON SCREEN PLACEMENT ON GEOREFERENCED MAP,ACMEMAPPER,FALSE,FALSE,https://edocs.deq.nc.gov/WasteManagement/Search.aspx?dbid=0&searchcommand=%7B%5BWM%5D:%5BProgram_ID%5D%20%3D%20%22*NONCD0001814*%22%7D,7/2/2026 12:00:00 AM,-78.3011099999999,34.99474
49262,NONCD0001821,HANNA SHOEMAKER RESIDENCE,194 ARARAT LONGHILL ROAD,PILOT MOUNTAIN,SURRY,36.438934,-80.550817,ON SCREEN PLACEMENT ON GEOREFERENCED MAP,ACMEMAPPER,FALSE,FALSE,https://edocs.deq.nc.gov/WasteManagement/Search.aspx?dbid=0&searchcommand=%7B%5BWM%5D:%5BProgram_ID%5D%20%3D%20%22*NONCD0001815*%22%7D,7/2/2026 12:00:00 AM,-80.5508169999999,36.4389340000001
49263,NONCD0001823,HANSARD DRIVE,132 HANSARD DRIVE & 109 LEE DR,CHARLOTTE,MECKLENBURG,35.28577,-80.95439,ON SCREEN PLACEMENT ON GEOREFERENCED MAP,ACMEMAPPER,FALSE,FALSE,https://edocs.deq.nc.gov/WasteManagement/Search.aspx?dbid=0&searchcommand=%7B%5BWM%5D:%5BProgram_ID%5D%20%3D%20%22*NONCD0001821*%22%7D,7/2/2026 12:00:00 AM,-80.95439,35.2857700000001
49264,NONCD0001824,COMPONENT REMANUFACTURING SPECIALISTS,1224 ISLEY DR,GASTONIA,GASTON,35.28437,-81.23803,ON SCREEN PLACEMENT ON GEOREFERENCED MAP,ACMEMAPPER,FALSE,FALSE,https://edocs.deq.nc.gov/WasteManagement/Search.aspx?dbid=0&searchcommand=%7B%5BWM%5D:%5BProgram_ID%5D%20%3D%20%22*NONCD0001823*%22%7D,7/2/2026 12:00:00 AM,-81.23803,35.28437
49265,NONCD0001825,"HARMON RESIDENCE, LARRY",5195 OLD HIGHWAY 321,SUGAR GROVE,WATAUGA,36.25556,-81.84716,ON SCREEN PLACEMENT ON GEOREFERENCED MAP,ACMEMAPPER,FALSE,FALSE,https://edocs.deq.nc.gov/WasteManagement/Search.aspx?dbid=0&searchcommand=%7B%5BWM%5D:%5BProgram_ID%5D%20%3D%20%22*NONCD0001824*%22%7D,7/2/2026 12:00:00 AM,-81.84716,36.2555600000001
49266,NONCD0001826,HARRIS SEMICONDUCTOR FACILITY(SEE COMMEN,3026 CORNWALLIS RD,RTP,DURHAM,35.917124,-78.873022,ON SCREEN PLACEMENT ON GEOREFERENCED MAP,ACMEMAPPER,FALSE,FALSE,https://edocs.deq.nc.gov/WasteManagement/Search.aspx?dbid=0&searchcommand=%7B%5BWM%5D:%5BProgram_ID%5D%20%3D%20%22*NONCD0001825*%22%7D,7/2/2026 12:00:00 AM,-78.8730219999999,35.9171240000001
49267,NONCD0001827,ABERNETHY TEXACO PCE,5781 E HWY 150,LINCOLNTON,LINCOLN,35.54096,-81.11809,ON SCREEN PLACEMENT ON GEOREFERENCED MAP,ACMEMAPPER,FALSE,FALSE,https://edocs.deq.nc.gov/WasteManagement/Search.aspx?dbid=0&searchcommand=%7B%5BWM%5D:%5BProgram_ID%5D%20%3D%20%22*NONCD0001826*%22%7D,7/2/2026 12:00:00 AM,-81.1180899999999,35.54096
49268,NONCD0001830,HAWTHORNE ROAD PCE SITE,HAWTHORN AND MILL STREET,BELMONT,GASTON,35.241334,-81.037072,ON SCREEN PLACEMENT ON GEOREFERENCED MAP,ACMEMAPPER,FALSE,FALSE,https://edocs.deq.nc.gov/WasteManagement/Search.aspx?dbid=0&searchcommand=%7B%5BWM%5D:%5BProgram_ID%5D%20%3D%20%22*NONCD0001827*%22%7D,7/2/2026 12:00:00 AM,-81.037072,35.2413340000001
49269,NONCD0001832,HB FULLER CO.,3005 HOLTS CHAPEL ROAD,GREENSBORO,GUILFORD,36.0764,-79.751686,ON SCREEN PLACEMENT ON GEOREFERENCED MAP,ACMEMAPPER,FALSE,FALSE,https://edocs.deq.nc.gov/WasteManagement/Search.aspx?dbid=0&searchcommand=%7B%5BWM%5D:%5BProgram_ID%5D%20%3D%20%22*NONCD0001830*%22%7D,7/2/2026 12:00:00 AM,-79.7516859999999,36.0764
49270,NONCD0001835,HEATH WELL,2231 BELLMEADE ROAD,CHARLOTTE,MECKLENBURG,35.284325,-80.979856,ON SCREEN PLACEMENT ON GEOREFERENCED MAP,ACMEMAPPER,FALSE,FALSE,https://edocs.deq.nc.gov/WasteManagement/Search.aspx?dbid=0&searchcommand=%7B%5BWM%5D:%5BProgram_ID%5D%20%3D%20%22*NONCD0001832*%22%7D,7/2/2026 12:00:00 AM,-80.979856,35.284325
49271,NONCD0001836,HEFNER WELL,509 W. SUGAR CREEK,CHARLOTTE,MECKLENBURG,35.26662,-80.79469,ON SCREEN PLACEMENT ON GEOREFERENCED MAP,ACMEMAPPER,FALSE,FALSE,https://edocs.deq.nc.gov/WasteManagement/Search.aspx?dbid=0&searchcommand=%7B%5BWM%5D:%5BProgram_ID%5D%20%3D%20%22*NONCD0001835*%22%7D,7/2/2026 12:00:00 AM,-80.7946899999999,35.26662
49272,NONCD0001838,HELMER WELL,5420 BIG CREEK HOLLAR,ALEXIS,LINCOLN,35.42404,-81.07651,ON SCREEN PLACEMENT ON GEOREFERENCED MAP,ACMEMAPPER,FALSE,FALSE,https://edocs.deq.nc.gov/WasteManagement/Search.aspx?dbid=0&searchcommand=%7B%5BWM%5D:%5BProgram_ID%5D%20%3D%20%22*NONCD0001836*%22%7D,7/2/2026 12:00:00 AM,-81.07651,35.42404
49273,NONCD0001839,HENDERSON WELL,9744 IDLEWILD ROAD,CHARLOTTE,MECKLENBURG,35.17328,-80.70714,ON SCREEN PLACEMENT ON GEOREFERENCED MAP,ACMEMAPPER,FALSE,FALSE,https://edocs.deq.nc.gov/WasteManagement/Search.aspx?dbid=0&searchcommand=%7B%5BWM%5D:%5BProgram_ID%5D%20%3D%20%22*NONCD0001838*%22%7D,7/2/2026 12:00:00 AM,-80.70714,35.17328
49274,NONCD0001843,HERCULES,9 DAVIS DRIVE,DURHAM,DURHAM,35.897941,-78.858105,ON SCREEN PLACEMENT ON GEOREFERENCED MAP,ACMEMAPPER,FALSE,FALSE,https://edocs.deq.nc.gov/WasteManagement/Search.aspx?dbid=0&searchcommand=%7B%5BWM%5D:%5BProgram_ID%5D%20%3D%20%22*NONCD0001839*%22%7D,7/2/2026 12:00:00 AM,-78.858105,35.8979410000001
49275,NONCD0001849,BRIDGE NO. 116 REPLACEMENT @ CSX RR,HILLSBORO ST,FAYETTEVILLE,CUMBERLAND,35.06048,-78.88561,ON SCREEN PLACEMENT ON GEOREFERENCED MAP,ACMEMAPPER,FALSE,FALSE,https://edocs.deq.nc.gov/WasteManagement/Search.aspx?dbid=0&searchcommand=%7B%5BWM%5D:%5BProgram_ID%5D%20%3D%20%22*NONCD0001843*%22%7D,7/2/2026 12:00:00 AM,-78.88561,35.06048
49276,NONCD0001851,ALCATEL,510 COMMERCE ST,CLINTON,SAMPSON,34.99083,-78.30456,ON SCREEN PLACEMENT ON GEOREFERENCED MAP,ACMEMAPPER,FALSE,FALSE,https://edocs.deq.nc.gov/WasteManagement/Search.aspx?dbid=0&searchcommand=%7B%5BWM%5D:%5BProgram_ID%5D%20%3D%20%22*NONCD0001849*%22%7D,7/2/2026 12:00:00 AM,-78.30456,34.9908300000001
49277,NONCD0001852,HIGHWAY 26 EAST MILE MARKER 45.75,HIGHWAY 26 EAST,HENDERSONVILLE,HENDERSON,35.380404,-82.484533,ON SCREEN PLACEMENT ON GEOREFERENCED MAP,ESRI AGOL BASE MAP,FALSE,FALSE,https://edocs.deq.nc.gov/WasteManagement/Search.aspx?dbid=0&searchcommand=%7B%5BWM%5D:%5BProgram_ID%5D%20%3D%20%22*NONCD0001851*%22%7D,7/2/2026 12:00:00 AM,-82.4845329999999,35.3804040000001
49278,NONCD0001857,"KURTZ PROPERTY, STEPHEN",7000 KIVETTE HOUSE RD,GIBSONVILLE,GUILFORD,36.090295,-79.577525,ON SCREEN PLACEMENT ON GEOREFERENCED MAP,ACMEMAPPER,FALSE,FALSE,https://edocs.deq.nc.gov/WasteManagement/Search.aspx?dbid=0&searchcommand=%7B%5BWM%5D:%5BProgram_ID%5D%20%3D%20%22*NONCD0001852*%22%7D,7/2/2026 12:00:00 AM,-79.577525,36.090295
49279,NONCD0001859,HODGSTON TEXTILE CHEMICALS,235 TUCKASEEGEE ROAD,MT. HOLLY,GASTON,35.2814,-81.01502,ON SCREEN PLACEMENT ON GEOREFERENCED MAP,ACMEMAPPER,FALSE,FALSE,https://edocs.deq.nc.gov/WasteManagement/Search.aspx?dbid=0&searchcommand=%7B%5BWM%5D:%5BProgram_ID%5D%20%3D%20%22*NONCD0001857*%22%7D,7/2/2026 12:00:00 AM,-81.0150199999999,35.2814000000001
49280,NONCD0001860,I85 & HWY73 CHLORINATED SOLVENTS,4662 DAVIDSON HWY,CONCORD,CABARRUS,35.43526,-80.65481,ON SCREEN PLACEMENT ON GEOREFERENCED MAP,ACMEMAPPER,FALSE,FALSE,https://edocs.deq.nc.gov/WasteManagement/Search.aspx?dbid=0&searchcommand=%7B%5BWM%5D:%5BProgram_ID%5D%20%3D%20%22*NONCD0001859*%22%7D,7/2/2026 12:00:00 AM,-80.6548099999999,35.43526
49281,NONCD0001862,LUMBERTON DYE CO,FIRST AND TOWN COMMON STS,LUMBERTON,ROBESON,34.616103,-79.001255,ON SCREEN PLACEMENT ON GEOREFERENCED MAP,GOOGLE MAPS,FALSE,FALSE,https://edocs.deq.nc.gov/WasteManagement/Search.aspx?dbid=0&searchcommand=%7B%5BWM%5D:%5BProgram_ID%5D%20%3D%20%22*NONCD0001860*%22%7D,7/2/2026 12:00:00 AM,-79.001255,34.6161030000001
49282,NONCD0001863,HOME SOLUTIONS (FORMER),1625 PATTON AVENUE,ASHEVILLE,BUNCOMBE,35.57213,-82.61825,ON SCREEN PLACEMENT ON GEOREFERENCED MAP,ACMEMAPPER,FALSE,FALSE,https://edocs.deq.nc.gov/WasteManagement/Search.aspx?dbid=0&searchcommand=%7B%5BWM%5D:%5BProgram_ID%5D%20%3D%20%22*NONCD0001862*%22%7D,7/2/2026 12:00:00 AM,-82.61825,35.5721300000001
49283,NONCD0001864,HOMESTEAD,OLD MT HOLLY RD/WEST AVE,CHARLOTTE,MECKLENBURG,35.281666,-80.913055,ON SCREEN PLACEMENT ON GEOREFERENCED MAP,ACMEMAPPER,FALSE,FALSE,https://edocs.deq.nc.gov/WasteManagement/Search.aspx?dbid=0&searchcommand=%7B%5BWM%5D:%5BProgram_ID%5D%20%3D%20%22*NONCD0001863*%22%7D,7/2/2026 12:00:00 AM,-80.913055,35.281666
49284,NONCD0001866,HOMETOWN CASH AND CARRY,3011 SPRING GARDEN,GREENSBORO,GUILFORD,36.061907,-79.842805,ON SCREEN PLACEMENT ON GEOREFERENCED MAP,ACMEMAPPER,FALSE,FALSE,https://edocs.deq.nc.gov/WasteManagement/Search.aspx?dbid=0&searchcommand=%7B%5BWM%5D:%5BProgram_ID%5D%20%3D%20%22*NONCD0001864*%22%7D,7/2/2026 12:00:00 AM,-79.8428049999999,36.0619070000001
49285,NONCD0001869,HOOVER ROAD CONTAMINATION,211 SOUTH HOOVER ROAD,DURHAM,DURHAM,35.98721,-78.86035,ON SCREEN PLACEMENT ON GEOREFERENCED MAP,ACMEMAPPER,FALSE,FALSE,https://edocs.deq.nc.gov/WasteManagement/Search.aspx?dbid=0&searchcommand=%7B%5BWM%5D:%5BProgram_ID%5D%20%3D%20%22*NONCD0001866*%22%7D,7/2/2026 12:00:00 AM,-78.86035,35.9872100000001
49286,NONCD0001872,HOT SPOT SOLVENTS,MIDWAY DRIVE AND SOUTH MAIN ST,SALISBURY,ROWAN,35.60505,-80.54252,ON SCREEN PLACEMENT ON GEOREFERENCED MAP,ACMEMAPPER,FALSE,FALSE,https://edocs.deq.nc.gov/WasteManagement/Search.aspx?dbid=0&searchcommand=%7B%5BWM%5D:%5BProgram_ID%5D%20%3D%20%22*NONCD0001869*%22%7D,7/2/2026 12:00:00 AM,-80.54252,35.6050500000001
49287,NONCD0001873,HOWARD STREET WELL,165 HOWARD STREET,BOONVILLE,YADKIN,36.230469,-80.715015,ON SCREEN PLACEMENT ON GEOREFERENCED MAP,ACMEMAPPER,FALSE,FALSE,https://edocs.deq.nc.gov/WasteManagement/Search.aspx?dbid=0&searchcommand=%7B%5BWM%5D:%5BProgram_ID%5D%20%3D%20%22*NONCD0001872*%22%7D,7/2/2026 12:00:00 AM,-80.7150149999999,36.230469
49288,NONCD0001875,NCDOT MAINTENANCE STATION (FRMR),124 DIVISION DR,WILMINGTON,NEW HANOVER,34.26206,-77.93221,ON SCREEN PLACEMENT ON GEOREFERENCED MAP,ACMEMAPPER,FALSE,FALSE,https://edocs.deq.nc.gov/WasteManagement/Search.aspx?dbid=0&searchcommand=%7B%5BWM%5D:%5BProgram_ID%5D%20%3D%20%22*NONCD0001873*%22%7D,7/2/2026 12:00:00 AM,-77.9322099999999,34.2620600000001
49289,NONCD0001877,HUGH D. WALLER-TRAVELERS,224 E WASHINGTON ST,LA GRANGE,LENOIR,35.303304,-77.78417,ON SCREEN PLACEMENT ON GEOREFERENCED MAP,UNKNOWN,FALSE,FALSE,https://edocs.deq.nc.gov/WasteManagement/Search.aspx?dbid=0&searchcommand=%7B%5BWM%5D:%5BProgram_ID%5D%20%3D%20%22*NONCD0001875*%22%7D,7/2/2026 12:00:00 AM,-77.78417,35.303304
49290,NONCD0001878,HUGHS SUPPLY #0939,1927 SOUTH TRYON STREET,CHARLOTTE,MECKLENBURG,35.21222,-80.86394,ON SCREEN PLACEMENT ON GEOREFERENCED MAP,ACMEMAPPER,FALSE,FALSE,https://edocs.deq.nc.gov/WasteManagement/Search.aspx?dbid=0&searchcommand=%7B%5BWM%5D:%5BProgram_ID%5D%20%3D%20%22*NONCD0001877*%22%7D,7/2/2026 12:00:00 AM,-80.86394,35.2122200000001
49291,NONCD0001880,HUNSUCKER WELL,111 FIELDCREST DRIVE,STANLEY,GASTON,35.39407,-81.00697,ON SCREEN PLACEMENT ON GEOREFERENCED MAP,ACMEMAPPER,FALSE,FALSE,https://edocs.deq.nc.gov/WasteManagement/Search.aspx?dbid=0&searchcommand=%7B%5BWM%5D:%5BProgram_ID%5D%20%3D%20%22*NONCD0001878*%22%7D,7/2/2026 12:00:00 AM,-81.00697,35.3940700000001
49292,NONCD0001881,HUNTER AVENUE,HUNTER AVENUE,CHARLOTTE,MECKLENBURG,35.29728,-80.797,ON SCREEN PLACEMENT ON GEOREFERENCED MAP,ACMEMAPPER,FALSE,FALSE,https://edocs.deq.nc.gov/WasteManagement/Search.aspx?dbid=0&searchcommand=%7B%5BWM%5D:%5BProgram_ID%5D%20%3D%20%22*NONCD0001880*%22%7D,7/2/2026 12:00:00 AM,-80.797,35.2972800000001
49293,NONCD0001883,ASPEN STREET PCE,N ASPEN ST,LINCOLNTON,LINCOLN,35.49323,-81.24903,ON SCREEN PLACEMENT ON GEOREFERENCED MAP,ACMEMAPPER,FALSE,FALSE,https://edocs.deq.nc.gov/WasteManagement/Search.aspx?dbid=0&searchcommand=%7B%5BWM%5D:%5BProgram_ID%5D%20%3D%20%22*NONCD0001881*%22%7D,7/2/2026 12:00:00 AM,-81.2490299999999,35.49323
49294,NONCD0001884,HWY 23 ACETIC ACID SPILL,HIGHWAY 23,MARS HILL,MADISON,35.908333,-82.527222,ON SCREEN PLACEMENT ON GEOREFERENCED MAP,ACMEMAPPER,FALSE,FALSE,https://edocs.deq.nc.gov/WasteManagement/Search.aspx?dbid=0&searchcommand=%7B%5BWM%5D:%5BProgram_ID%5D%20%3D%20%22*NONCD0001883*%22%7D,7/2/2026 12:00:00 AM,-82.5272219999999,35.908333
49295,NONCD0001885,"HWY 601 AND HWY 24/27, MIDLAND",HWY 601 AND HWY 24/27,MIDLAND,CABARRUS,35.251114,-80.500148,ON SCREEN PLACEMENT ON GEOREFERENCED MAP,ACMEMAPPER,FALSE,FALSE,https://edocs.deq.nc.gov/WasteManagement/Search.aspx?dbid=0&searchcommand=%7B%5BWM%5D:%5BProgram_ID%5D%20%3D%20%22*NONCD0001884*%22%7D,7/2/2026 12:00:00 AM,-80.500148,35.251114
49296,NONCD0001886,HYDE COUNTY COURTHOUSE,30 OYSTER CREEK RD,SWAN QUARTER,HYDE,35.40588,-76.32893,ON SCREEN PLACEMENT ON GEOREFERENCED MAP,ACMEMAPPER,FALSE,FALSE,https://edocs.deq.nc.gov/WasteManagement/Search.aspx?dbid=0&searchcommand=%7B%5BWM%5D:%5BProgram_ID%5D%20%3D%20%22*NONCD0001885*%22%7D,7/2/2026 12:00:00 AM,-76.32893,35.40588
49297,NONCD0001888,"HYDROLABS, INC. (ALLIED COLLOIDS)",2028 KINGSLEY DRIVE,ALBEMARLE,STANLY,35.352164,-80.220142,ON SCREEN PLACEMENT ON GEOREFERENCED MAP,ACMEMAPPER,FALSE,TRUE,https://edocs.deq.nc.gov/WasteManagement/Search.aspx?dbid=0&searchcommand=%7B%5BWM%5D:%5BProgram_ID%5D%20%3D%20%22*NONCD0001886*%22%7D,7/2/2026 12:00:00 AM,-80.220142,35.3521640000001
49298,NONCD0001890,CHRISTIAN CREEK RD PCE,124 CHRISTIAN CREEK RD,SWANNANOA,BUNCOMBE,35.58982,-82.43241,ON SCREEN PLACEMENT ON GEOREFERENCED MAP,ACMEMAPPER,FALSE,FALSE,https://edocs.deq.nc.gov/WasteManagement/Search.aspx?dbid=0&searchcommand=%7B%5BWM%5D:%5BProgram_ID%5D%20%3D%20%22*NONCD0001888*%22%7D,7/2/2026 12:00:00 AM,-82.4324099999999,35.58982
49299,NONCD0001892,ICI/DUPONT,HWY 53 EAST (CEDAR CREEK),FAYETTEVILLE,CUMBERLAND,34.982741,-78.787129,ON SCREEN PLACEMENT ON GEOREFERENCED MAP,ACMEMAPPER,FALSE,FALSE,https://edocs.deq.nc.gov/WasteManagement/Search.aspx?dbid=0&searchcommand=%7B%5BWM%5D:%5BProgram_ID%5D%20%3D%20%22*NONCD0001890*%22%7D,7/2/2026 12:00:00 AM,-78.7871289999999,34.982741
49300,NONCD0001893,INDUSTRIAL & TEXTILE SUPPLY,1300 S. MINT STREET,CHARLOTTE,MECKLENBURG,35.22108,-80.85815,ON SCREEN PLACEMENT ON GEOREFERENCED MAP,ACMEMAPPER,FALSE,FALSE,https://edocs.deq.nc.gov/WasteManagement/Search.aspx?dbid=0&searchcommand=%7B%5BWM%5D:%5BProgram_ID%5D%20%3D%20%22*NONCD0001892*%22%7D,7/2/2026 12:00:00 AM,-80.85815,35.22108
49301,NONCD0001894,INDUSTRIAL DRIVE,1100 INDUSTRIAL DR,MATTHEWS,MECKLENBURG,35.126484,-80.726782,ON SCREEN PLACEMENT ON GEOREFERENCED MAP,ESRI AGOL BASE MAP,FALSE,FALSE,https://edocs.deq.nc.gov/WasteManagement/Search.aspx?dbid=0&searchcommand=%7B%5BWM%5D:%5BProgram_ID%5D%20%3D%20%22*NONCD0001893*%22%7D,7/2/2026 12:00:00 AM,-80.726782,35.1264840000001
49302,NONCD0001895,INDUSTRIAL DYNAMICS CORP. (IDC),536 JETTON ST,DAVIDSON,MECKLENBURG,35.50034,-80.86075,ON SCREEN PLACEMENT ON GEOREFERENCED MAP,ACMEMAPPER,FALSE,FALSE,https://edocs.deq.nc.gov/WasteManagement/Search.aspx?dbid=0&searchcommand=%7B%5BWM%5D:%5BProgram_ID%5D%20%3D%20%22*NONCD0001894*%22%7D,7/2/2026 12:00:00 AM,-80.8607499999999,35.5003400000001
49303,NONCD0001896,INDUSTRIAL ELECTRIC/HALE,HWY 97 W.,ROCKY MOUNT,NASH,35.918333,-77.825555,ON SCREEN PLACEMENT ON GEOREFERENCED MAP,ACMEMAPPER,FALSE,FALSE,https://edocs.deq.nc.gov/WasteManagement/Search.aspx?dbid=0&searchcommand=%7B%5BWM%5D:%5BProgram_ID%5D%20%3D%20%22*NONCD0001895*%22%7D,7/2/2026 12:00:00 AM,-77.825555,35.9183330000001
49304,NONCD0001897,INDUSTRIAL ELECTRICAL SALES & SERV,2051 ANDREW JACKSON HWY,LELAND,BRUNSWICK,34.2575,-78.074166,ON SCREEN PLACEMENT ON GEOREFERENCED MAP,ACMEMAPPER,FALSE,FALSE,https://edocs.deq.nc.gov/WasteManagement/Search.aspx?dbid=0&searchcommand=%7B%5BWM%5D:%5BProgram_ID%5D%20%3D%20%22*NONCD0001896*%22%7D,7/2/2026 12:00:00 AM,-78.0741659999999,34.2575000000001
49305,NONCD0001899,INESCO SITE,800 WHITFIELD RD.,FAYETTEVILLE,CUMBERLAND,35.03879,-78.89614,ON SCREEN PLACEMENT ON GEOREFERENCED MAP,ACMEMAPPER,FALSE,FALSE,https://edocs.deq.nc.gov/WasteManagement/Search.aspx?dbid=0&searchcommand=%7B%5BWM%5D:%5BProgram_ID%5D%20%3D%20%22*NONCD0001897*%22%7D,7/2/2026 12:00:00 AM,-78.8961399999999,35.0387900000001
49306,NONCD0001901,CROWN FORD FAYETTEVILLE,256 SWAIN ST,FAYETTEVILLE,CUMBERLAND,35.0842,-78.95052,ON SCREEN PLACEMENT ON GEOREFERENCED MAP,ACMEMAPPER,FALSE,TRUE,https://edocs.deq.nc.gov/WasteManagement/Search.aspx?dbid=0&searchcommand=%7B%5BWM%5D:%5BProgram_ID%5D%20%3D%20%22*NONCD0001899*%22%7D,7/2/2026 12:00:00 AM,-78.95052,35.0842000000001
49307,NONCD0001903,REGAL MANUFACTURING,212 12TH AVE,HICKORY,CATAWBA,35.74872,-81.33338,ON SCREEN PLACEMENT ON GEOREFERENCED MAP,ACMEMAPPER,FALSE,FALSE,https://edocs.deq.nc.gov/WasteManagement/Search.aspx?dbid=0&searchcommand=%7B%5BWM%5D:%5BProgram_ID%5D%20%3D%20%22*NONCD0001901*%22%7D,7/2/2026 12:00:00 AM,-81.33338,35.74872
49308,NONCD0001904,BAZEMORE GROCERY,730 MT OLIVE RD,REPUBLICAN,BERTIE,36.08223,-77.0598,ON SCREEN PLACEMENT ON GEOREFERENCED MAP,ACMEMAPPER,FALSE,FALSE,https://edocs.deq.nc.gov/WasteManagement/Search.aspx?dbid=0&searchcommand=%7B%5BWM%5D:%5BProgram_ID%5D%20%3D%20%22*NONCD0001903*%22%7D,7/2/2026 12:00:00 AM,-77.0597999999999,36.08223
49309,NONCD0001907,INTERNATIONAL RESISTIVE CORP.,736 GREENWAY RD.,BOONE,WATAUGA,36.197892,-81.667041,ON SCREEN PLACEMENT ON GEOREFERENCED MAP,ACMEMAPPER,FALSE,TRUE,https://edocs.deq.nc.gov/WasteManagement/Search.aspx?dbid=0&searchcommand=%7B%5BWM%5D:%5BProgram_ID%5D%20%3D%20%22*NONCD0001904*%22%7D,7/2/2026 12:00:00 AM,-81.667041,36.197892
49310,NONCD0001908,INTERPANE GLASS COMPANY,520 EAST RAILROAD ST,CLINTON,SAMPSON,34.993457,-78.304947,ON SCREEN PLACEMENT ON GEOREFERENCED MAP,ACMEMAPPER,FALSE,FALSE,https://edocs.deq.nc.gov/WasteManagement/Search.aspx?dbid=0&searchcommand=%7B%5BWM%5D:%5BProgram_ID%5D%20%3D%20%22*NONCD0001907*%22%7D,7/2/2026 12:00:00 AM,-78.304947,34.993457
49311,NONCD0001909,INTERSTATE N. BUS. PRK,2200 & 2233 INTERSTATE N. DRIV,CHARLOTTE,MECKLENBURG,35.2737,-80.82698,ON SCREEN PLACEMENT ON GEOREFERENCED MAP,ACMEMAPPER,FALSE,FALSE,https://edocs.deq.nc.gov/WasteManagement/Search.aspx?dbid=0&searchcommand=%7B%5BWM%5D:%5BProgram_ID%5D%20%3D%20%22*NONCD0001908*%22%7D,7/2/2026 12:00:00 AM,-80.8269799999999,35.2737000000001
49312,NONCD0001910,ALLEN BRADLEY CO,5925 SUMMIT AVE,GREENSBORO,GUILFORD,36.17602,-79.71627,ON SCREEN PLACEMENT ON GEOREFERENCED MAP,ACMEMAPPER,FALSE,FALSE,https://edocs.deq.nc.gov/WasteManagement/Search.aspx?dbid=0&searchcommand=%7B%5BWM%5D:%5BProgram_ID%5D%20%3D%20%22*NONCD0001909*%22%7D,7/2/2026 12:00:00 AM,-79.71627,36.1760200000001
49313,NONCD0001912,J&G BROKERS - SOLVENTS,750 18TH STREET NE,HICKORY,CATAWBA,35.73655,-81.30248,ON SCREEN PLACEMENT ON GEOREFERENCED MAP,UNKNOWN,FALSE,FALSE,https://edocs.deq.nc.gov/WasteManagement/Search.aspx?dbid=0&searchcommand=%7B%5BWM%5D:%5BProgram_ID%5D%20%3D%20%22*NONCD0001910*%22%7D,7/2/2026 12:00:00 AM,-81.3024799999999,35.7365500000001
49314,NONCD0001915,JACKSONLEA-TOLUENE AST,1701 HIGHWAY 70 EAST,CONOVER,CATAWBA,35.70373,-81.18802,ON SCREEN PLACEMENT ON GEOREFERENCED MAP,ACMEMAPPER,FALSE,FALSE,https://edocs.deq.nc.gov/WasteManagement/Search.aspx?dbid=0&searchcommand=%7B%5BWM%5D:%5BProgram_ID%5D%20%3D%20%22*NONCD0001912*%22%7D,7/2/2026 12:00:00 AM,-81.1880199999999,35.7037300000001
49315,NONCD0001917,JAMGOTCH WELL,4640 RANDOLPH ROAD,CHARLOTTE,MECKLENBURG,35.17565,-80.79846,ON SCREEN PLACEMENT ON GEOREFERENCED MAP,ACMEMAPPER,FALSE,FALSE,https://edocs.deq.nc.gov/WasteManagement/Search.aspx?dbid=0&searchcommand=%7B%5BWM%5D:%5BProgram_ID%5D%20%3D%20%22*NONCD0001915*%22%7D,7/2/2026 12:00:00 AM,-80.79846,35.1756500000001
49316,NONCD0001918,JANTZEN WELL- G.L.WILSON,WILSON PARK ROAD,STATESVILLE,IREDELL,35.81479,-80.83776,ON SCREEN PLACEMENT ON GEOREFERENCED MAP,ACMEMAPPER,FALSE,FALSE,https://edocs.deq.nc.gov/WasteManagement/Search.aspx?dbid=0&searchcommand=%7B%5BWM%5D:%5BProgram_ID%5D%20%3D%20%22*NONCD0001917*%22%7D,7/2/2026 12:00:00 AM,-80.8377599999999,35.8147900000001
49317,NONCD0001922,ALKALI SCREEN PRINTING,6420 AMSTERDAM WAY,WILMINGTON,NEW HANOVER,34.26036,-77.84536,ON SCREEN PLACEMENT ON GEOREFERENCED MAP,ACMEMAPPER,FALSE,FALSE,https://edocs.deq.nc.gov/WasteManagement/Search.aspx?dbid=0&searchcommand=%7B%5BWM%5D:%5BProgram_ID%5D%20%3D%20%22*NONCD0001918*%22%7D,7/2/2026 12:00:00 AM,-77.84536,34.26036
49318,NONCD0001923,JENKINS FOODS #2,2119 NEW HOUSE ROAD,SHELBY,CLEVELAND,35.390401,-81.691228,ON SCREEN PLACEMENT ON GEOREFERENCED MAP,ACMEMAPPER,FALSE,FALSE,https://edocs.deq.nc.gov/WasteManagement/Search.aspx?dbid=0&searchcommand=%7B%5BWM%5D:%5BProgram_ID%5D%20%3D%20%22*NONCD0001922*%22%7D,7/2/2026 12:00:00 AM,-81.691228,35.3904010000001
49319,NONCD0001924,JENKINS METAL CORPORATION,936 / 1001 NORTH MARIETTA STRE,GASTONIA,GASTON,35.277826,-81.182031,ON SCREEN PLACEMENT ON GEOREFERENCED MAP,ACMEMAPPER,FALSE,FALSE,https://edocs.deq.nc.gov/WasteManagement/Search.aspx?dbid=0&searchcommand=%7B%5BWM%5D:%5BProgram_ID%5D%20%3D%20%22*NONCD0001923*%22%7D,7/2/2026 12:00:00 AM,-81.1820309999999,35.2778260000001
49320,NONCD0001927,TENNECO ALBEMARLE & LAWYERS RD CT/PCE,7008 ALBEMARLE RD,CHARLOTTE,MECKLENBURG,35.20273,-80.72416,ON SCREEN PLACEMENT ON GEOREFERENCED MAP,ACMEMAPPER,FALSE,FALSE,https://edocs.deq.nc.gov/WasteManagement/Search.aspx?dbid=0&searchcommand=%7B%5BWM%5D:%5BProgram_ID%5D%20%3D%20%22*NONCD0001924*%22%7D,7/2/2026 12:00:00 AM,-80.72416,35.20273
49321,NONCD0001928,JIMMYS QUICKIE MART,6883 OLD HIGHWAY 86,PROVIDENCE,CASWELL,36.502774,-79.371047,ON SCREEN PLACEMENT ON GEOREFERENCED MAP,ESRI AGOL BASE MAP,FALSE,FALSE,https://edocs.deq.nc.gov/WasteManagement/Search.aspx?dbid=0&searchcommand=%7B%5BWM%5D:%5BProgram_ID%5D%20%3D%20%22*NONCD0001927*%22%7D,7/2/2026 12:00:00 AM,-79.371047,36.502774
49322,NONCD0001930,PANTRY 141,771 BLOWING ROCK RD,BOONE,WATAUGA,36.20791,-81.6722,ON SCREEN PLACEMENT ON GEOREFERENCED MAP,TERRASERVER,FALSE,FALSE,https://edocs.deq.nc.gov/WasteManagement/Search.aspx?dbid=0&searchcommand=%7B%5BWM%5D:%5BProgram_ID%5D%20%3D%20%22*NONCD0001928*%22%7D,7/2/2026 12:00:00 AM,-81.6722,36.20791
49323,NONCD0001931,JOHN BOYLE FACILITY,STATESVILLE,STATESVILLE,IREDELL,35.765507,-80.845345,ON SCREEN PLACEMENT ON GEOREFERENCED MAP,ACMEMAPPER,FALSE,FALSE,https://edocs.deq.nc.gov/WasteManagement/Search.aspx?dbid=0&searchcommand=%7B%5BWM%5D:%5BProgram_ID%5D%20%3D%20%22*NONCD0001930*%22%7D,7/2/2026 12:00:00 AM,-80.845345,35.7655070000001
49324,NONCD0001932,JOHN PLUMIDES,4642 SHARON VIEW ROAD,CHARLOTTE,MECKLENBURG,35.138109,-80.804188,ON SCREEN PLACEMENT ON GEOREFERENCED MAP,ACMEMAPPER,FALSE,FALSE,https://edocs.deq.nc.gov/WasteManagement/Search.aspx?dbid=0&searchcommand=%7B%5BWM%5D:%5BProgram_ID%5D%20%3D%20%22*NONCD0001931*%22%7D,7/2/2026 12:00:00 AM,-80.804188,35.138109
49325,NONCD0001933,JOHNSON CONCRETE/PIEDMONT BLOCK,106 OLD DAVIDSON PLACE NW,CONCORD,CABARRUS,35.43299,-80.60772,ON SCREEN PLACEMENT ON GEOREFERENCED MAP,ACMEMAPPER,FALSE,FALSE,https://edocs.deq.nc.gov/WasteManagement/Search.aspx?dbid=0&searchcommand=%7B%5BWM%5D:%5BProgram_ID%5D%20%3D%20%22*NONCD0001932*%22%7D,7/2/2026 12:00:00 AM,-80.60772,35.4329900000001
49326,NONCD0001934,BRP US INC (FRMR),3750 AIRPORT RD,ANDREWS,CHEROKEE,35.185892,-83.896689,ON SCREEN PLACEMENT ON GEOREFERENCED MAP,GOOGLE MAPS,FALSE,FALSE,https://edocs.deq.nc.gov/WasteManagement/Search.aspx?dbid=0&searchcommand=%7B%5BWM%5D:%5BProgram_ID%5D%20%3D%20%22*NONCD0001933*%22%7D,7/2/2026 12:00:00 AM,-83.896689,35.185892
49327,NONCD0001936,JOHNSON WELL,135 DILLON STREET,CHINA GROVE,ROWAN,35.555634,-80.597988,ON SCREEN PLACEMENT ON GEOREFERENCED MAP,ACMEMAPPER,FALSE,FALSE,https://edocs.deq.nc.gov/WasteManagement/Search.aspx?dbid=0&searchcommand=%7B%5BWM%5D:%5BProgram_ID%5D%20%3D%20%22*NONCD0001934*%22%7D,7/2/2026 12:00:00 AM,-80.597988,35.5556340000001
49328,NONCD0001937,PATRICIAN FURNITURE-RAVINE,1105-1107 W MARKET CENTER DR,HIGH POINT,GUILFORD,35.93023,-80.01601,ON SCREEN PLACEMENT ON GEOREFERENCED MAP,UNKNOWN,TRUE,FALSE,https://edocs.deq.nc.gov/WasteManagement/Search.aspx?dbid=0&searchcommand=%7B%5BWM%5D:%5BProgram_ID%5D%20%3D%20%22*NONCD0001936*%22%7D,7/2/2026 12:00:00 AM,-80.0160099999999,35.9302300000001
49329,NONCD0001938,JONES ELECTRIC REPAIR CO,4251 GOLF ACRES DR,CHARLOTTE,MECKLENBURG,35.223333,-80.915277,ON SCREEN PLACEMENT ON GEOREFERENCED MAP,ACMEMAPPER,FALSE,FALSE,https://edocs.deq.nc.gov/WasteManagement/Search.aspx?dbid=0&searchcommand=%7B%5BWM%5D:%5BProgram_ID%5D%20%3D%20%22*NONCD0001937*%22%7D,7/2/2026 12:00:00 AM,-80.9152769999999,35.223333
49330,NONCD0001939,PETRO EXPRESS NO. 56,225 CLEVELAND AVE,KINGS MOUNTAIN,CLEVELAND,35.2453,-81.3313,ON SCREEN PLACEMENT ON GEOREFERENCED MAP,ACMEMAPPER,FALSE,TRUE,https://edocs.deq.nc.gov/WasteManagement/Search.aspx?dbid=0&searchcommand=%7B%5BWM%5D:%5BProgram_ID%5D%20%3D%20%22*NONCD0001938*%22%7D,7/2/2026 12:00:00 AM,-81.3312999999999,35.2453
49331,NONCD0001942,JR HEATH PROPERTY,2146 OLD STAGE HWY (HWY87),RIEGELWOOD,COLUMBUS,34.32936,-78.21864,ON SCREEN PLACEMENT ON GEOREFERENCED MAP,ACMEMAPPER,FALSE,FALSE,https://edocs.deq.nc.gov/WasteManagement/Search.aspx?dbid=0&searchcommand=%7B%5BWM%5D:%5BProgram_ID%5D%20%3D%20%22*NONCD0001939*%22%7D,7/2/2026 12:00:00 AM,-78.2186399999999,34.3293600000001
49332,NONCD0001943,ELECTROLUX/WHITE CONSOLIDATED,MERRIMAN AVE,CHARLOTTE,MECKLENBURG,35.220666,-80.864237,ON SCREEN PLACEMENT ON GEOREFERENCED MAP,ACMEMAPPER,FALSE,FALSE,https://edocs.deq.nc.gov/WasteManagement/Search.aspx?dbid=0&searchcommand=%7B%5BWM%5D:%5BProgram_ID%5D%20%3D%20%22*NONCD0001942*%22%7D,7/2/2026 12:00:00 AM,-80.8642369999999,35.2206660000001
49333,NONCD0001945,COMAR INDUSTRIES/MELVILLE KNITWARE,915 CURTIS ST,MONROE,UNION,34.9811,-80.53414,ON SCREEN PLACEMENT ON GEOREFERENCED MAP,ACMEMAPPER,FALSE,FALSE,https://edocs.deq.nc.gov/WasteManagement/Search.aspx?dbid=0&searchcommand=%7B%5BWM%5D:%5BProgram_ID%5D%20%3D%20%22*NONCD0001943*%22%7D,7/2/2026 12:00:00 AM,-80.53414,34.9811
49334,NONCD0001946,KAISER FLUID TECHNOLOGIES,530 EAST SUGAR CREEK ROAD,CHARLOTTE,MECKLENBURG,35.252689,-80.792515,ON SCREEN PLACEMENT ON GEOREFERENCED MAP,ACMEMAPPER,FALSE,FALSE,https://edocs.deq.nc.gov/WasteManagement/Search.aspx?dbid=0&searchcommand=%7B%5BWM%5D:%5BProgram_ID%5D%20%3D%20%22*NONCD0001945*%22%7D,7/2/2026 12:00:00 AM,-80.792515,35.252689
49335,NONCD0001947,KAYSER-ROTH,3707 W. 5TH ST,LUMBERTON,ROBESON,34.6132,-79.06838,ON SCREEN PLACEMENT ON GEOREFERENCED MAP,ACMEMAPPER,FALSE,TRUE,https://edocs.deq.nc.gov/WasteManagement/Search.aspx?dbid=0&searchcommand=%7B%5BWM%5D:%5BProgram_ID%5D%20%3D%20%22*NONCD0001946*%22%7D,7/2/2026 12:00:00 AM,-79.0683799999999,34.6132000000001
49336,NONCD0001948,KAYSER-ROTH - ASHEBORO,515 W. BALFOUR AVE.,ASHEBORO,RANDOLPH,35.746667,-79.81695,ON SCREEN PLACEMENT ON GEOREFERENCED MAP,GOOGLE MAPS,FALSE,TRUE,https://edocs.deq.nc.gov/WasteManagement/Search.aspx?dbid=0&searchcommand=%7B%5BWM%5D:%5BProgram_ID%5D%20%3D%20%22*NONCD0001947*%22%7D,7/2/2026 12:00:00 AM,-79.81695,35.7466670000001
49337,NONCD0001949,KAYSER-ROTH - GRAHAM-C,219 W. HARDEN ST.,GRAHAM,ALAMANCE,36.071027,-79.403805,ON SCREEN PLACEMENT ON GEOREFERENCED MAP,ESRI AGOL BASE MAP,FALSE,FALSE,https://edocs.deq.nc.gov/WasteManagement/Search.aspx?dbid=0&searchcommand=%7B%5BWM%5D:%5BProgram_ID%5D%20%3D%20%22*NONCD0001948*%22%7D,7/2/2026 12:00:00 AM,-79.403805,36.0710270000001
49338,NONCD0001950,KEN DUNCAN HEATING & COOLING #2,5002 HICKORY GROVE RD,MT. HOLLY,GASTON,35.326891,-81.084863,ON SCREEN PLACEMENT ON GEOREFERENCED MAP,ACMEMAPPER,FALSE,FALSE,https://edocs.deq.nc.gov/WasteManagement/Search.aspx?dbid=0&searchcommand=%7B%5BWM%5D:%5BProgram_ID%5D%20%3D%20%22*NONCD0001949*%22%7D,7/2/2026 12:00:00 AM,-81.084863,35.326891
49339,NONCD0001951,KERN POLYMERIC,465 AIRPORT ROAD,SALISBURY,ROWAN,35.63598,-80.52398,ON SCREEN PLACEMENT ON GEOREFERENCED MAP,ACMEMAPPER,FALSE,TRUE,https://edocs.deq.nc.gov/WasteManagement/Search.aspx?dbid=0&searchcommand=%7B%5BWM%5D:%5BProgram_ID%5D%20%3D%20%22*NONCD0001950*%22%7D,7/2/2026 12:00:00 AM,-80.5239799999999,35.6359800000001
49340,NONCD0001952,KERR FACILITY - AHOSKIE,228 JOHNNY MITCHELL RD,AHOSKIE,HERTFORD,36.26834,-77.0027,ON SCREEN PLACEMENT ON GEOREFERENCED MAP,ACMEMAPPER,FALSE,FALSE,https://edocs.deq.nc.gov/WasteManagement/Search.aspx?dbid=0&searchcommand=%7B%5BWM%5D:%5BProgram_ID%5D%20%3D%20%22*NONCD0001951*%22%7D,7/2/2026 12:00:00 AM,-77.0026999999999,36.2683400000001
49341,NONCD0001953,KEYSTONE POWDERED METAL COMPANY,100 COMMERCE DRIVE,CHERRYVILLE,GASTON,35.39357,-81.34223,ON SCREEN PLACEMENT ON GEOREFERENCED MAP,ACMEMAPPER,FALSE,TRUE,https://edocs.deq.nc.gov/WasteManagement/Search.aspx?dbid=0&searchcommand=%7B%5BWM%5D:%5BProgram_ID%5D%20%3D%20%22*NONCD0001952*%22%7D,7/2/2026 12:00:00 AM,-81.34223,35.3935700000001
49342,NONCD0001954,KFC - UNIVERSITY PARK SHOPPING CENTER,2121 BEATTIES FORD ROAD,CHARLOTTE,MECKLENBURG,35.26392,-80.85491,ON SCREEN PLACEMENT ON GEOREFERENCED MAP,ACMEMAPPER,FALSE,FALSE,https://edocs.deq.nc.gov/WasteManagement/Search.aspx?dbid=0&searchcommand=%7B%5BWM%5D:%5BProgram_ID%5D%20%3D%20%22*NONCD0001953*%22%7D,7/2/2026 12:00:00 AM,-80.85491,35.26392
49343,NONCD0001955,KIKER HOSIERY,BROWNS HILL RD,LOCUST,STANLY,35.24401,-80.45801,ON SCREEN PLACEMENT ON GEOREFERENCED MAP,ACMEMAPPER,FALSE,FALSE,https://edocs.deq.nc.gov/WasteManagement/Search.aspx?dbid=0&searchcommand=%7B%5BWM%5D:%5BProgram_ID%5D%20%3D%20%22*NONCD0001954*%22%7D,7/2/2026 12:00:00 AM,-80.4580099999999,35.2440100000001
49344,NONCD0001956,KILDARE DRIVE SITE,KILDARE DRIVE,CHARLOTTE,MECKLENBURG,35.24848,-80.75411,ON SCREEN PLACEMENT ON GEOREFERENCED MAP,ACMEMAPPER,FALSE,FALSE,https://edocs.deq.nc.gov/WasteManagement/Search.aspx?dbid=0&searchcommand=%7B%5BWM%5D:%5BProgram_ID%5D%20%3D%20%22*NONCD0001955*%22%7D,7/2/2026 12:00:00 AM,-80.75411,35.24848
49345,NONCD0001958,BELTON STREET SOLVENTS,BELTON ST & GREYSTONE RD,CHARLOTTE,MECKLENBURG,35.19669,-80.86852,ON SCREEN PLACEMENT ON GEOREFERENCED MAP,ACMEMAPPER,FALSE,FALSE,https://edocs.deq.nc.gov/WasteManagement/Search.aspx?dbid=0&searchcommand=%7B%5BWM%5D:%5BProgram_ID%5D%20%3D%20%22*NONCD0001956*%22%7D,7/2/2026 12:00:00 AM,-80.86852,35.19669
49346,NONCD0001959,KINGS MOUNTAIN SMARTWAY,U.S. 74 AND N.C. 161,KINGS MOUNTAIN,CLEVELAND,35.241272,-81.332726,ON SCREEN PLACEMENT ON GEOREFERENCED MAP,ACMEMAPPER,FALSE,FALSE,https://edocs.deq.nc.gov/WasteManagement/Search.aspx?dbid=0&searchcommand=%7B%5BWM%5D:%5BProgram_ID%5D%20%3D%20%22*NONCD0001958*%22%7D,7/2/2026 12:00:00 AM,-81.332726,35.241272
49347,NONCD0001961,"KIRSCHNER, GEORGE PROPERTY",6806 MILLHOUSE ROAD,CHAPEL HILL,ORANGE,35.97936,-79.07688,ON SCREEN PLACEMENT ON GEOREFERENCED MAP,ACMEMAPPER,FALSE,FALSE,https://edocs.deq.nc.gov/WasteManagement/Search.aspx?dbid=0&searchcommand=%7B%5BWM%5D:%5BProgram_ID%5D%20%3D%20%22*NONCD0001959*%22%7D,7/2/2026 12:00:00 AM,-79.07688,35.97936
49348,NONCD0001962,KITTY DRIVE,4126 KITTY DRIVE,CHARLOTTE,MECKLENBURG,35.307434,-80.8579,ON SCREEN PLACEMENT ON GEOREFERENCED MAP,ACMEMAPPER,FALSE,FALSE,https://edocs.deq.nc.gov/WasteManagement/Search.aspx?dbid=0&searchcommand=%7B%5BWM%5D:%5BProgram_ID%5D%20%3D%20%22*NONCD0001961*%22%7D,7/2/2026 12:00:00 AM,-80.8579,35.3074340000001
49349,NONCD0001964,"KLUTTZ FOUNDRY, FORMER",711 EAST FRANKLIN BLVD,GASTONIA,GASTON,35.26222,-81.17138,ON SCREEN PLACEMENT ON GEOREFERENCED MAP,ACMEMAPPER,FALSE,FALSE,https://edocs.deq.nc.gov/WasteManagement/Search.aspx?dbid=0&searchcommand=%7B%5BWM%5D:%5BProgram_ID%5D%20%3D%20%22*NONCD0001962*%22%7D,7/2/2026 12:00:00 AM,-81.1713799999999,35.2622200000001
49350,NONCD0001966,28TH STREET TCE CONTAMINATION,2500 BLOCK OF STOKES AVE,WINSTON-SALEM,FORSYTH,36.12275,-80.23817,ON SCREEN PLACEMENT ON GEOREFERENCED MAP,ACMEMAPPER,FALSE,FALSE,https://edocs.deq.nc.gov/WasteManagement/Search.aspx?dbid=0&searchcommand=%7B%5BWM%5D:%5BProgram_ID%5D%20%3D%20%22*NONCD0001964*%22%7D,7/2/2026 12:00:00 AM,-80.23817,36.1227500000001
49351,NONCD0001967,"AMERICAN DISTILLATION, INC",1690 NE ROYSTER RD,LELAND,BRUNSWICK,34.27005,-78.00383,ON SCREEN PLACEMENT ON GEOREFERENCED MAP,ACMEMAPPER,FALSE,FALSE,https://edocs.deq.nc.gov/WasteManagement/Search.aspx?dbid=0&searchcommand=%7B%5BWM%5D:%5BProgram_ID%5D%20%3D%20%22*NONCD0001966*%22%7D,7/2/2026 12:00:00 AM,-78.0038299999999,34.27005
49352,NONCD0001968,MEREDITH-WEBB PRINTING COMPANY,334 N MAIN STREET,BURLINGTON,ALAMANCE,36.09734,-79.43243,ON SCREEN PLACEMENT ON GEOREFERENCED MAP,ACMEMAPPER,FALSE,FALSE,https://edocs.deq.nc.gov/WasteManagement/Search.aspx?dbid=0&searchcommand=%7B%5BWM%5D:%5BProgram_ID%5D%20%3D%20%22*NONCD0001967*%22%7D,7/2/2026 12:00:00 AM,-79.43243,36.09734
49353,NONCD0001973,KYSOR-MICH. FLEET DIVISION,5019 HOVIS ROAD,CHARLOTTE,MECKLENBURG,35.269036,-80.899176,ON SCREEN PLACEMENT ON GEOREFERENCED MAP,ACMEMAPPER,FALSE,FALSE,https://edocs.deq.nc.gov/WasteManagement/Search.aspx?dbid=0&searchcommand=%7B%5BWM%5D:%5BProgram_ID%5D%20%3D%20%22*NONCD0001968*%22%7D,7/2/2026 12:00:00 AM,-80.899176,35.269036
49354,NONCD0001974,LACY ALLRED FARM SUBDIVISION,ANITA LANE,GREENSBORO,GUILFORD,36.16633,-79.71579,ON SCREEN PLACEMENT ON GEOREFERENCED MAP,ACMEMAPPER,FALSE,FALSE,https://edocs.deq.nc.gov/WasteManagement/Search.aspx?dbid=0&searchcommand=%7B%5BWM%5D:%5BProgram_ID%5D%20%3D%20%22*NONCD0001973*%22%7D,7/2/2026 12:00:00 AM,-79.71579,36.1663300000001
49355,NONCD0001977,LAKE RIM SOLVENTS,RIM ROAD & SANDRA STREET,FAYETTEVILLE,CUMBERLAND,35.03035,-79.04921,ON SCREEN PLACEMENT ON GEOREFERENCED MAP,ACMEMAPPER,FALSE,FALSE,https://edocs.deq.nc.gov/WasteManagement/Search.aspx?dbid=0&searchcommand=%7B%5BWM%5D:%5BProgram_ID%5D%20%3D%20%22*NONCD0001974*%22%7D,7/2/2026 12:00:00 AM,-79.04921,35.0303500000001
49356,NONCD0001980,"LAN-O-SHEEN, INC.",201 DICKENS RD,FUQUAY-VARINA,WAKE,35.61558,-78.80656,ON SCREEN PLACEMENT ON GEOREFERENCED MAP,ACMEMAPPER,FALSE,FALSE,https://edocs.deq.nc.gov/WasteManagement/Search.aspx?dbid=0&searchcommand=%7B%5BWM%5D:%5BProgram_ID%5D%20%3D%20%22*NONCD0001977*%22%7D,7/2/2026 12:00:00 AM,-78.8065599999999,35.6155800000001
49357,NONCD0001982,LAWYERS ROAD WELLS,12315 LAWYERS ROAD,CHARLOTTE,MECKLENBURG,35.16124,-80.64876,ON SCREEN PLACEMENT ON GEOREFERENCED MAP,ACMEMAPPER,FALSE,FALSE,https://edocs.deq.nc.gov/WasteManagement/Search.aspx?dbid=0&searchcommand=%7B%5BWM%5D:%5BProgram_ID%5D%20%3D%20%22*NONCD0001980*%22%7D,7/2/2026 12:00:00 AM,-80.64876,35.1612400000001
49358,NONCD0001983,LB FOSTER (FORMER),1625 & 1701 STARITA ROAD,CHARLOTTE,MECKLENBURG,35.268673,-80.816455,ON SCREEN PLACEMENT ON GEOREFERENCED MAP,ACMEMAPPER,FALSE,FALSE,https://edocs.deq.nc.gov/WasteManagement/Search.aspx?dbid=0&searchcommand=%7B%5BWM%5D:%5BProgram_ID%5D%20%3D%20%22*NONCD0001982*%22%7D,7/2/2026 12:00:00 AM,-80.816455,35.268673
49359,NONCD0001985,LEBANON CHEMICAL CORPORATION,1665 HIGHWAY 64 E,PLYMOUTH,WASHINGTON,35.86907,-76.71876,ON SCREEN PLACEMENT ON GEOREFERENCED MAP,ACMEMAPPER,FALSE,FALSE,https://edocs.deq.nc.gov/WasteManagement/Search.aspx?dbid=0&searchcommand=%7B%5BWM%5D:%5BProgram_ID%5D%20%3D%20%22*NONCD0001983*%22%7D,7/2/2026 12:00:00 AM,-76.71876,35.8690700000001
49360,NONCD0001986,LEBANON UNLOADING STATION,VANCE STREET,ROCKY MOUNT,EDGECOMBE,35.92342,-77.79756,ON SCREEN PLACEMENT ON GEOREFERENCED MAP,ACMEMAPPER,FALSE,FALSE,https://edocs.deq.nc.gov/WasteManagement/Search.aspx?dbid=0&searchcommand=%7B%5BWM%5D:%5BProgram_ID%5D%20%3D%20%22*NONCD0001985*%22%7D,7/2/2026 12:00:00 AM,-77.79756,35.9234200000001
49361,NONCD0001987,FAIRWAY ONE STOP NO. 5,1253 N LIBERTY ST,WINSTON-SALEM,FORSYTH,36.11086,-80.23436,ON SCREEN PLACEMENT ON GEOREFERENCED MAP,ESRI AGOL BASE MAP,FALSE,FALSE,https://edocs.deq.nc.gov/WasteManagement/Search.aspx?dbid=0&searchcommand=%7B%5BWM%5D:%5BProgram_ID%5D%20%3D%20%22*NONCD0001986*%22%7D,7/2/2026 12:00:00 AM,-80.23436,36.1108600000001
49362,NONCD0001988,LEE PAVING / NCDOT SITE #31,SR 1179 (ROCKY FORK CH.RD.),SANFORD,LEE,35.39465,-79.22014,ON SCREEN PLACEMENT ON GEOREFERENCED MAP,ACMEMAPPER,FALSE,FALSE,https://edocs.deq.nc.gov/WasteManagement/Search.aspx?dbid=0&searchcommand=%7B%5BWM%5D:%5BProgram_ID%5D%20%3D%20%22*NONCD0001987*%22%7D,7/2/2026 12:00:00 AM,-79.22014,35.3946500000001
49363,NONCD0001989,"PEDEN FAMILY, LLC",1859 CAPITAL BLVD,RALEIGH,WAKE,35.80813,-78.6182,ON SCREEN PLACEMENT ON GEOREFERENCED MAP,ACMEMAPPER,FALSE,FALSE,https://edocs.deq.nc.gov/WasteManagement/Search.aspx?dbid=0&searchcommand=%7B%5BWM%5D:%5BProgram_ID%5D%20%3D%20%22*NONCD0001988*%22%7D,7/2/2026 12:00:00 AM,-78.6181999999999,35.8081300000001
49364,NONCD0001990,LEE PAVING/NCDOT #48,SUGAR LAKE RD. [SR 1714],GRIFFINS CROSSROADS,CHATHAM,35.746944,-79.090555,ON SCREEN PLACEMENT ON GEOREFERENCED MAP,ACMEMAPPER,FALSE,FALSE,https://edocs.deq.nc.gov/WasteManagement/Search.aspx?dbid=0&searchcommand=%7B%5BWM%5D:%5BProgram_ID%5D%20%3D%20%22*NONCD0001989*%22%7D,7/2/2026 12:00:00 AM,-79.0905549999999,35.746944
49365,NONCD0001991,LEESONA - ALAMANCE CO PLANT - NONUST,2727 TUCKER ST. EXT,BURLINGTON,ALAMANCE,36.059668,-79.456404,ON SCREEN PLACEMENT ON GEOREFERENCED MAP,ACMEMAPPER,FALSE,FALSE,https://edocs.deq.nc.gov/WasteManagement/Search.aspx?dbid=0&searchcommand=%7B%5BWM%5D:%5BProgram_ID%5D%20%3D%20%22*NONCD0001990*%22%7D,7/2/2026 12:00:00 AM,-79.456404,36.059668
49366,NONCD0001992,ATANDO AVE SOLVENT CONTAMINATION,527 ATANDO AVE,CHARLOTTE,MECKLENBURG,35.25825,-80.81686,ON SCREEN PLACEMENT ON GEOREFERENCED MAP,ACMEMAPPER,FALSE,FALSE,https://edocs.deq.nc.gov/WasteManagement/Search.aspx?dbid=0&searchcommand=%7B%5BWM%5D:%5BProgram_ID%5D%20%3D%20%22*NONCD0001991*%22%7D,7/2/2026 12:00:00 AM,-80.81686,35.25825
49367,NONCD0001994,SOUTH BOULEVARD SOLVENT CONTAMINATION,3000 BLOCK SOUTH BOULEVARD,CHARLOTTE,MECKLENBURG,35.19477,-80.87052,GEOCODE (ADDRESS MATCH),ACMEMAPPER,FALSE,FALSE,https://edocs.deq.nc.gov/WasteManagement/Search.aspx?dbid=0&searchcommand=%7B%5BWM%5D:%5BProgram_ID%5D%20%3D%20%22*NONCD0001992*%22%7D,7/2/2026 12:00:00 AM,-80.8705199999999,35.1947700000001
49368,NONCD0001996,AMERICAN SKIN FOOD GROUP,140 INDUSTRIAL DR,BURGAW,PENDER,34.54327,-77.91965,ON SCREEN PLACEMENT ON GEOREFERENCED MAP,ACMEMAPPER,TRUE,FALSE,https://edocs.deq.nc.gov/WasteManagement/Search.aspx?dbid=0&searchcommand=%7B%5BWM%5D:%5BProgram_ID%5D%20%3D%20%22*NONCD0001994*%22%7D,7/2/2026 12:00:00 AM,-77.9196499999999,34.5432700000001
49369,NONCD0001997,HICKORY-LINCOLNTON HWY WELLS (SWINKS),HICKORY-LINCOLNTON HWY & ROCKY,NEWTON,CATAWBA,35.61107,-81.31612,ON SCREEN PLACEMENT ON GEOREFERENCED MAP,ACMEMAPPER,FALSE,FALSE,https://edocs.deq.nc.gov/WasteManagement/Search.aspx?dbid=0&searchcommand=%7B%5BWM%5D:%5BProgram_ID%5D%20%3D%20%22*NONCD0001996*%22%7D,7/2/2026 12:00:00 AM,-81.31612,35.61107
49370,NONCD0001998,LEONARD THOMPSON (GROVES SALVAGE),T C JONES ROAD,RAEFORD,HOKE,34.95847,-79.08027,ON SCREEN PLACEMENT ON GEOREFERENCED MAP,ACMEMAPPER,FALSE,FALSE,https://edocs.deq.nc.gov/WasteManagement/Search.aspx?dbid=0&searchcommand=%7B%5BWM%5D:%5BProgram_ID%5D%20%3D%20%22*NONCD0001997*%22%7D,7/2/2026 12:00:00 AM,-79.08027,34.95847
49371,NONCD0002001,"LEWIS PROPERTY, MAE",7182 SOCKWELL ROAD,ELON COLLEGE,GUILFORD,36.174315,-79.540125,ON SCREEN PLACEMENT ON GEOREFERENCED MAP,ACMEMAPPER,FALSE,FALSE,https://edocs.deq.nc.gov/WasteManagement/Search.aspx?dbid=0&searchcommand=%7B%5BWM%5D:%5BProgram_ID%5D%20%3D%20%22*NONCD0001998*%22%7D,7/2/2026 12:00:00 AM,-79.540125,36.174315
49372,NONCD0002004,COLONIAL ICE COMPANY (FRMR),405 E KING ST,KINSTON,LENOIR,35.258463,-77.574892,ON SCREEN PLACEMENT ON GEOREFERENCED MAP,ACMEMAPPER,FALSE,FALSE,https://edocs.deq.nc.gov/WasteManagement/Search.aspx?dbid=0&searchcommand=%7B%5BWM%5D:%5BProgram_ID%5D%20%3D%20%22*NONCD0002001*%22%7D,7/2/2026 12:00:00 AM,-77.574892,35.2584630000001
49373,NONCD0002006,INDEPENDENCE PROPERTY,3030 E INDEPENDENCE BLVD,CHARLOTTE,MECKLENBURG,35.20298,-80.79135,ON SCREEN PLACEMENT ON GEOREFERENCED MAP,ACMEMAPPER,FALSE,FALSE,https://edocs.deq.nc.gov/WasteManagement/Search.aspx?dbid=0&searchcommand=%7B%5BWM%5D:%5BProgram_ID%5D%20%3D%20%22*NONCD0002004*%22%7D,7/2/2026 12:00:00 AM,-80.79135,35.20298
49374,NONCD0002009,"LINDE GASES, FORMER",2810 WEST TRADE STREET,CHARLOTTE,MECKLENBURG,35.251765,-80.867927,ON SCREEN PLACEMENT ON GEOREFERENCED MAP,ACMEMAPPER,FALSE,FALSE,https://edocs.deq.nc.gov/WasteManagement/Search.aspx?dbid=0&searchcommand=%7B%5BWM%5D:%5BProgram_ID%5D%20%3D%20%22*NONCD0002006*%22%7D,7/2/2026 12:00:00 AM,-80.867927,35.251765
49375,NONCD0002010,LINK ROAD SITE,1725 LINK ROAD,WINSTON-SALEM,FORSYTH,36.07144,-80.26238,ON SCREEN PLACEMENT ON GEOREFERENCED MAP,ACMEMAPPER,FALSE,FALSE,https://edocs.deq.nc.gov/WasteManagement/Search.aspx?dbid=0&searchcommand=%7B%5BWM%5D:%5BProgram_ID%5D%20%3D%20%22*NONCD0002009*%22%7D,7/2/2026 12:00:00 AM,-80.26238,36.0714400000001
49376,NONCD0002011,LITTON-AIRTRON,1201 CONTINENTAL BLVD.,CHARLOTTE,MECKLENBURG,35.119338,-80.922101,ON SCREEN PLACEMENT ON GEOREFERENCED MAP,ACMEMAPPER,FALSE,FALSE,https://edocs.deq.nc.gov/WasteManagement/Search.aspx?dbid=0&searchcommand=%7B%5BWM%5D:%5BProgram_ID%5D%20%3D%20%22*NONCD0002010*%22%7D,7/2/2026 12:00:00 AM,-80.9221009999999,35.119338
49377,NONCD0002012,LIVINGSTONE COATINGS CORPORATION,240 RHYNE ROAD,CHARLOTTE,MECKLENBURG,35.28881,-80.97012,ON SCREEN PLACEMENT ON GEOREFERENCED MAP,ACMEMAPPER,FALSE,FALSE,https://edocs.deq.nc.gov/WasteManagement/Search.aspx?dbid=0&searchcommand=%7B%5BWM%5D:%5BProgram_ID%5D%20%3D%20%22*NONCD0002011*%22%7D,7/2/2026 12:00:00 AM,-80.97012,35.2888100000001
49378,NONCD0002013,LOCK ON,1506 LANDIS STREET,SANFORD,LEE,35.50018,-79.17782,ON SCREEN PLACEMENT ON GEOREFERENCED MAP,ACMEMAPPER,FALSE,FALSE,https://edocs.deq.nc.gov/WasteManagement/Search.aspx?dbid=0&searchcommand=%7B%5BWM%5D:%5BProgram_ID%5D%20%3D%20%22*NONCD0002012*%22%7D,7/2/2026 12:00:00 AM,-79.1778199999999,35.5001800000001
49379,NONCD0002016,LONGVIEW GOLF COURSE,6321 BALLINGER ROAD,GREENSBORO,GUILFORD,36.100858,-79.908277,ON SCREEN PLACEMENT ON GEOREFERENCED MAP,ACMEMAPPER,FALSE,FALSE,https://edocs.deq.nc.gov/WasteManagement/Search.aspx?dbid=0&searchcommand=%7B%5BWM%5D:%5BProgram_ID%5D%20%3D%20%22*NONCD0002013*%22%7D,7/2/2026 12:00:00 AM,-79.9082769999999,36.1008580000001
49380,NONCD0002018,LOVE LUMBER COMPANY #3,301 WEST STANLY STREET,STANFIELD,STANLY,35.232686,-80.428558,ON SCREEN PLACEMENT ON GEOREFERENCED MAP,ACMEMAPPER,FALSE,FALSE,https://edocs.deq.nc.gov/WasteManagement/Search.aspx?dbid=0&searchcommand=%7B%5BWM%5D:%5BProgram_ID%5D%20%3D%20%22*NONCD0002016*%22%7D,7/2/2026 12:00:00 AM,-80.428558,35.2326860000001
49381,NONCD0002019,AZALEA LANE CONTAMINATION,HARTLEY ST & AZALEA LN,CHARLOTTE,MECKLENBURG,35.26893,-80.82047,ON SCREEN PLACEMENT ON GEOREFERENCED MAP,ACMEMAPPER,FALSE,FALSE,https://edocs.deq.nc.gov/WasteManagement/Search.aspx?dbid=0&searchcommand=%7B%5BWM%5D:%5BProgram_ID%5D%20%3D%20%22*NONCD0002018*%22%7D,7/2/2026 12:00:00 AM,-80.8204699999999,35.2689300000001
49382,NONCD0002020,NORTHWEST BLVD PCE CONTAMINATION,2950 NORTHWEST BLVD,NEWTON,CATAWBA,35.69459,-81.22602,ON SCREEN PLACEMENT ON GEOREFERENCED MAP,ACMEMAPPER,FALSE,FALSE,https://edocs.deq.nc.gov/WasteManagement/Search.aspx?dbid=0&searchcommand=%7B%5BWM%5D:%5BProgram_ID%5D%20%3D%20%22*NONCD0002019*%22%7D,7/2/2026 12:00:00 AM,-81.2260199999999,35.6945900000001
49383,NONCD0002022,LYONS RESIDENCE,3800 GLENWOOD DRIVE,CHARLOTTE,MECKLENBURG,35.24904,-80.88553,ON SCREEN PLACEMENT ON GEOREFERENCED MAP,ACMEMAPPER,FALSE,FALSE,https://edocs.deq.nc.gov/WasteManagement/Search.aspx?dbid=0&searchcommand=%7B%5BWM%5D:%5BProgram_ID%5D%20%3D%20%22*NONCD0002020*%22%7D,7/2/2026 12:00:00 AM,-80.88553,35.24904
49384,NONCD0002024,MAGLA PRODUCTS 1,404 NORTH CHURCH STREET,HUNTERSVILLE,MECKLENBURG,35.41656,-80.83993,ON SCREEN PLACEMENT ON GEOREFERENCED MAP,ACMEMAPPER,FALSE,FALSE,https://edocs.deq.nc.gov/WasteManagement/Search.aspx?dbid=0&searchcommand=%7B%5BWM%5D:%5BProgram_ID%5D%20%3D%20%22*NONCD0002022*%22%7D,7/2/2026 12:00:00 AM,-80.83993,35.4165600000001
49385,NONCD0002025,ANDREA DRIVE CONTAMINATION,101 ANDREA DR,JAMESTOWN,GUILFORD,36.04007,-79.91215,ON SCREEN PLACEMENT ON GEOREFERENCED MAP,ACMEMAPPER,FALSE,FALSE,https://edocs.deq.nc.gov/WasteManagement/Search.aspx?dbid=0&searchcommand=%7B%5BWM%5D:%5BProgram_ID%5D%20%3D%20%22*NONCD0002024*%22%7D,7/2/2026 12:00:00 AM,-79.9121499999999,36.0400700000001
49386,NONCD0002026,MAIN STREET SOLVENT SITE,WEST MAIN STREET,LOCUST,STANLY,35.25452,-80.44151,ON SCREEN PLACEMENT ON GEOREFERENCED MAP,ACMEMAPPER,FALSE,FALSE,https://edocs.deq.nc.gov/WasteManagement/Search.aspx?dbid=0&searchcommand=%7B%5BWM%5D:%5BProgram_ID%5D%20%3D%20%22*NONCD0002025*%22%7D,7/2/2026 12:00:00 AM,-80.4415099999999,35.2545200000001
49387,NONCD0002027,MAKEPEACE PROPERTY,1214 HAWKINS AVENUE,SANFORD,LEE,35.49674,-79.17966,ON SCREEN PLACEMENT ON GEOREFERENCED MAP,ACMEMAPPER,FALSE,FALSE,https://edocs.deq.nc.gov/WasteManagement/Search.aspx?dbid=0&searchcommand=%7B%5BWM%5D:%5BProgram_ID%5D%20%3D%20%22*NONCD0002026*%22%7D,7/2/2026 12:00:00 AM,-79.17966,35.49674
49388,NONCD0002028,MALLARD GRIFFIN LUMBER,1304 W VERNON AVE,KINSTON,LENOIR,35.268888,-77.599444,ON SCREEN PLACEMENT ON GEOREFERENCED MAP,ACMEMAPPER,FALSE,TRUE,https://edocs.deq.nc.gov/WasteManagement/Search.aspx?dbid=0&searchcommand=%7B%5BWM%5D:%5BProgram_ID%5D%20%3D%20%22*NONCD0002027*%22%7D,7/2/2026 12:00:00 AM,-77.5994439999999,35.2688880000001
49389,NONCD0002030,MYERS BROTHERS RECYCLING (FORMER),3303 SPRING GARDEN ST,GREENSBORO,GUILFORD,36.05926,-79.84763,ON SCREEN PLACEMENT ON GEOREFERENCED MAP,ACMEMAPPER,FALSE,FALSE,https://edocs.deq.nc.gov/WasteManagement/Search.aspx?dbid=0&searchcommand=%7B%5BWM%5D:%5BProgram_ID%5D%20%3D%20%22*NONCD0002028*%22%7D,7/2/2026 12:00:00 AM,-79.84763,36.0592600000001
49390,NONCD0002031,OLD MOUNTAIN & BUFFALO SHOALS RDS WELLS,BUFFALO SHOALS & OLD MOUNTAIN,STATESVILLE,IREDELL,35.73516,-80.94384,ON SCREEN PLACEMENT ON GEOREFERENCED MAP,ACMEMAPPER,FALSE,FALSE,https://edocs.deq.nc.gov/WasteManagement/Search.aspx?dbid=0&searchcommand=%7B%5BWM%5D:%5BProgram_ID%5D%20%3D%20%22*NONCD0002030*%22%7D,7/2/2026 12:00:00 AM,-80.94384,35.7351600000001
49391,NONCD0002032,MARION KULICK - FORMER CATTLE DIP VAT,JUNIOR ROAD,FRISCO,DARE,35.234722,-75.631666,ON SCREEN PLACEMENT ON GEOREFERENCED MAP,ACMEMAPPER,FALSE,FALSE,https://edocs.deq.nc.gov/WasteManagement/Search.aspx?dbid=0&searchcommand=%7B%5BWM%5D:%5BProgram_ID%5D%20%3D%20%22*NONCD0002031*%22%7D,7/2/2026 12:00:00 AM,-75.6316659999999,35.234722
49392,NONCD0002033,MARKET BASKET - SOLVENTS,6593 HIGHWAY 16,CONOVER,CATAWBA,35.812861,-81.190739,ON SCREEN PLACEMENT ON GEOREFERENCED MAP,ACMEMAPPER,FALSE,FALSE,https://edocs.deq.nc.gov/WasteManagement/Search.aspx?dbid=0&searchcommand=%7B%5BWM%5D:%5BProgram_ID%5D%20%3D%20%22*NONCD0002032*%22%7D,7/2/2026 12:00:00 AM,-81.190739,35.8128610000001
49393,NONCD0002034,MARTIN PROPERTY #2,2328 DAVIE AVE,STATESVILLE,IREDELL,35.80744,-80.84964,ON SCREEN PLACEMENT ON GEOREFERENCED MAP,ACMEMAPPER,FALSE,FALSE,https://edocs.deq.nc.gov/WasteManagement/Search.aspx?dbid=0&searchcommand=%7B%5BWM%5D:%5BProgram_ID%5D%20%3D%20%22*NONCD0002033*%22%7D,7/2/2026 12:00:00 AM,-80.84964,35.80744
49394,NONCD0002035,MARTINS FOOD CENTER - SOLVENTS,"7150 NC HIGHWAY 10 WEST, BANOA",VALE,CATAWBA,35.59389,-81.40128,ON SCREEN PLACEMENT ON GEOREFERENCED MAP,ACMEMAPPER,FALSE,FALSE,https://edocs.deq.nc.gov/WasteManagement/Search.aspx?dbid=0&searchcommand=%7B%5BWM%5D:%5BProgram_ID%5D%20%3D%20%22*NONCD0002034*%22%7D,7/2/2026 12:00:00 AM,-81.40128,35.59389
49395,NONCD0002038,SILVERMAN PROPERTY,48 SWANNANOA RIVER RD,ASHEVILLE,BUNCOMBE,35.57026,-82.54015,ON SCREEN PLACEMENT ON GEOREFERENCED MAP,ACMEMAPPER,FALSE,FALSE,https://edocs.deq.nc.gov/WasteManagement/Search.aspx?dbid=0&searchcommand=%7B%5BWM%5D:%5BProgram_ID%5D%20%3D%20%22*NONCD0002035*%22%7D,7/2/2026 12:00:00 AM,-82.54015,35.5702600000001
49396,NONCD0002039,MASON RESIDENCE,409 BIVENS RD,MONROE,UNION,34.9905,-80.4837,ON SCREEN PLACEMENT ON GEOREFERENCED MAP,ACMEMAPPER,FALSE,FALSE,https://edocs.deq.nc.gov/WasteManagement/Search.aspx?dbid=0&searchcommand=%7B%5BWM%5D:%5BProgram_ID%5D%20%3D%20%22*NONCD0002038*%22%7D,7/2/2026 12:00:00 AM,-80.4836999999999,34.9905000000001
49397,NONCD0002040,HWY 70 PCE (HICKORY 66 SERVICE),1727 HWY 70 SW,HICKORY,CATAWBA,35.72215,-81.3698,ON SCREEN PLACEMENT ON GEOREFERENCED MAP,ACMEMAPPER,FALSE,FALSE,https://edocs.deq.nc.gov/WasteManagement/Search.aspx?dbid=0&searchcommand=%7B%5BWM%5D:%5BProgram_ID%5D%20%3D%20%22*NONCD0002039*%22%7D,7/2/2026 12:00:00 AM,-81.3697999999999,35.7221500000001
49398,NONCD0002041,"MASSEY RESIDENCE, GLEN",540 TROLLINGWOOD ROAD,HAW RIVER,ALAMANCE,36.081339,-79.344597,ON SCREEN PLACEMENT ON GEOREFERENCED MAP,ESRI AGOL BASE MAP,FALSE,FALSE,https://edocs.deq.nc.gov/WasteManagement/Search.aspx?dbid=0&searchcommand=%7B%5BWM%5D:%5BProgram_ID%5D%20%3D%20%22*NONCD0002040*%22%7D,7/2/2026 12:00:00 AM,-79.344597,36.0813390000001
49399,NONCD0002044,KAPP ST FERTILIZER SPILL,515 W KAPP ST,DOBSON,SURRY,36.39638,-80.72842,ON SCREEN PLACEMENT ON GEOREFERENCED MAP,ACMEMAPPER,FALSE,FALSE,https://edocs.deq.nc.gov/WasteManagement/Search.aspx?dbid=0&searchcommand=%7B%5BWM%5D:%5BProgram_ID%5D%20%3D%20%22*NONCD0002041*%22%7D,7/2/2026 12:00:00 AM,-80.72842,36.3963800000001
49400,NONCD0002046,MATTHEWS COUNTRY CLUB,465 SAM NEWELL ROAD,MATTHEWS,MECKLENBURG,35.12293,-80.71893,ON SCREEN PLACEMENT ON GEOREFERENCED MAP,ACMEMAPPER,FALSE,FALSE,https://edocs.deq.nc.gov/WasteManagement/Search.aspx?dbid=0&searchcommand=%7B%5BWM%5D:%5BProgram_ID%5D%20%3D%20%22*NONCD0002044*%22%7D,7/2/2026 12:00:00 AM,-80.7189299999999,35.1229300000001
49401,NONCD0002047,"MATTHEWS, VC RESIDENCE",3426 HIGHWAY 55,DURHAM,DURHAM,35.93004,-78.88925,ON SCREEN PLACEMENT ON GEOREFERENCED MAP,ACMEMAPPER,FALSE,FALSE,https://edocs.deq.nc.gov/WasteManagement/Search.aspx?dbid=0&searchcommand=%7B%5BWM%5D:%5BProgram_ID%5D%20%3D%20%22*NONCD0002046*%22%7D,7/2/2026 12:00:00 AM,-78.8892499999999,35.9300400000001
49402,NONCD0002048,MAULDIN WELL,310 MITCHELL ST,BELMONT,GASTON,35.181989,-81.020229,ON SCREEN PLACEMENT ON GEOREFERENCED MAP,ACMEMAPPER,FALSE,FALSE,https://edocs.deq.nc.gov/WasteManagement/Search.aspx?dbid=0&searchcommand=%7B%5BWM%5D:%5BProgram_ID%5D%20%3D%20%22*NONCD0002047*%22%7D,7/2/2026 12:00:00 AM,-81.020229,35.181989
49403,NONCD0002049,MAXTON OIL & FERT. CO. - PLANT,207 N MCNAIR ST,MAXTON,ROBESON,34.74084,-79.35257,ON SCREEN PLACEMENT ON GEOREFERENCED MAP,ACMEMAPPER,FALSE,FALSE,https://edocs.deq.nc.gov/WasteManagement/Search.aspx?dbid=0&searchcommand=%7B%5BWM%5D:%5BProgram_ID%5D%20%3D%20%22*NONCD0002048*%22%7D,7/2/2026 12:00:00 AM,-79.35257,34.74084
49404,NONCD0002050,MAXTON OIL & FERT. CO. - SHAW FARM,SR 1424,WAGRAM,SCOTLAND,34.871329,-79.418488,ON SCREEN PLACEMENT ON GEOREFERENCED MAP,ACMEMAPPER,FALSE,FALSE,https://edocs.deq.nc.gov/WasteManagement/Search.aspx?dbid=0&searchcommand=%7B%5BWM%5D:%5BProgram_ID%5D%20%3D%20%22*NONCD0002049*%22%7D,7/2/2026 12:00:00 AM,-79.418488,34.8713290000001
49405,NONCD0002053,"MCDONALD RESIDENCE, ELIZABETH",3560 MT. HERMAN ROCK CREEK RD,GRAHAM,ALAMANCE,35.98938,-79.394599,ON SCREEN PLACEMENT ON GEOREFERENCED MAP,ACMEMAPPER,FALSE,FALSE,https://edocs.deq.nc.gov/WasteManagement/Search.aspx?dbid=0&searchcommand=%7B%5BWM%5D:%5BProgram_ID%5D%20%3D%20%22*NONCD0002050*%22%7D,7/2/2026 12:00:00 AM,-79.394599,35.98938
49406,NONCD0002054,PINETOPS JENKINS CLEANERS,106 S 2ND ST,PINETOPS,EDGECOMBE,35.79026,-77.63692,ON SCREEN PLACEMENT ON GEOREFERENCED MAP,ACMEMAPPER,FALSE,FALSE,https://edocs.deq.nc.gov/WasteManagement/Search.aspx?dbid=0&searchcommand=%7B%5BWM%5D:%5BProgram_ID%5D%20%3D%20%22*NONCD0002053*%22%7D,7/2/2026 12:00:00 AM,-77.63692,35.79026
49407,NONCD0002055,MCKELVEY NITRATES,6148 ST JOHNS LANE,CHARLOTTE,MECKLENBURG,35.125801,-80.841154,ON SCREEN PLACEMENT ON GEOREFERENCED MAP,ACMEMAPPER,FALSE,FALSE,https://edocs.deq.nc.gov/WasteManagement/Search.aspx?dbid=0&searchcommand=%7B%5BWM%5D:%5BProgram_ID%5D%20%3D%20%22*NONCD0002054*%22%7D,7/2/2026 12:00:00 AM,-80.841154,35.125801
49408,NONCD0002056,MCLEAN ROAD,2532 MCLEAN ROAD,CHARLOTTE,MECKLENBURG,35.284994,-80.716447,ON SCREEN PLACEMENT ON GEOREFERENCED MAP,ACMEMAPPER,FALSE,FALSE,https://edocs.deq.nc.gov/WasteManagement/Search.aspx?dbid=0&searchcommand=%7B%5BWM%5D:%5BProgram_ID%5D%20%3D%20%22*NONCD0002055*%22%7D,7/2/2026 12:00:00 AM,-80.716447,35.284994
49409,NONCD0002063,EDENTON DYEING & FINISHING (FRMR),125 DYE PLANT RD,EDENTON,CHOWAN,36.20562,-76.71274,ON SCREEN PLACEMENT ON GEOREFERENCED MAP,ACMEMAPPER,FALSE,FALSE,https://edocs.deq.nc.gov/WasteManagement/Search.aspx?dbid=0&searchcommand=%7B%5BWM%5D:%5BProgram_ID%5D%20%3D%20%22*NONCD0002056*%22%7D,7/2/2026 12:00:00 AM,-76.7127399999999,36.2056200000001
49410,NONCD0002066,METPRO PROP.(FOR. DRY CLEANER),1030 PATTON AVE.,ASHEVILLE,BUNCOMBE,35.58644,-82.59255,ON SCREEN PLACEMENT ON GEOREFERENCED MAP,ACMEMAPPER,FALSE,FALSE,https://edocs.deq.nc.gov/WasteManagement/Search.aspx?dbid=0&searchcommand=%7B%5BWM%5D:%5BProgram_ID%5D%20%3D%20%22*NONCD0002063*%22%7D,7/2/2026 12:00:00 AM,-82.59255,35.58644
49411,NONCD0002068,MICROMATIC/TEXTRON FACILITY,105 LYTLE COVE ROAD,SWANNANOA,BUNCOMBE,35.601508,-82.367452,ON SCREEN PLACEMENT ON GEOREFERENCED MAP,ACMEMAPPER,FALSE,FALSE,https://edocs.deq.nc.gov/WasteManagement/Search.aspx?dbid=0&searchcommand=%7B%5BWM%5D:%5BProgram_ID%5D%20%3D%20%22*NONCD0002066*%22%7D,7/2/2026 12:00:00 AM,-82.367452,35.601508
49412,NONCD0002073,MILFORD HILLS PCE SITE,SPRING AND COLONIAL DRIVES,SALISBURY,ROWAN,35.688574,-80.508077,ON SCREEN PLACEMENT ON GEOREFERENCED MAP,ACMEMAPPER,FALSE,FALSE,https://edocs.deq.nc.gov/WasteManagement/Search.aspx?dbid=0&searchcommand=%7B%5BWM%5D:%5BProgram_ID%5D%20%3D%20%22*NONCD0002068*%22%7D,7/2/2026 12:00:00 AM,-80.508077,35.6885740000001
49413,NONCD0002077,"MILLS YARN, INC.",1125 7TH AVE N.W,HICKORY,CATAWBA,35.741972,-81.360565,ON SCREEN PLACEMENT ON GEOREFERENCED MAP,ACMEMAPPER,FALSE,FALSE,https://edocs.deq.nc.gov/WasteManagement/Search.aspx?dbid=0&searchcommand=%7B%5BWM%5D:%5BProgram_ID%5D%20%3D%20%22*NONCD0002073*%22%7D,7/2/2026 12:00:00 AM,-81.360565,35.741972
49414,NONCD0002078,ROCHELLE STREET WELLS,2505 ROCHELLE ST,DURHAM,DURHAM,35.99133,-78.8573,ON SCREEN PLACEMENT ON GEOREFERENCED MAP,ACMEMAPPER,FALSE,FALSE,https://edocs.deq.nc.gov/WasteManagement/Search.aspx?dbid=0&searchcommand=%7B%5BWM%5D:%5BProgram_ID%5D%20%3D%20%22*NONCD0002077*%22%7D,7/2/2026 12:00:00 AM,-78.8573,35.9913300000001
49415,NONCD0002079,MINI-MART,1250 OLD CHARLOTTE RD.,CONCORD,CABARRUS,35.37087,-80.597888,ON SCREEN PLACEMENT ON GEOREFERENCED MAP,ACMEMAPPER,FALSE,FALSE,https://edocs.deq.nc.gov/WasteManagement/Search.aspx?dbid=0&searchcommand=%7B%5BWM%5D:%5BProgram_ID%5D%20%3D%20%22*NONCD0002078*%22%7D,7/2/2026 12:00:00 AM,-80.597888,35.37087
49416,NONCD0002085,MITSUBISHI ELECTRONICS,THREE DIAMOND LANE,DURHAM,DURHAM,36.05286,-78.86904,ON SCREEN PLACEMENT ON GEOREFERENCED MAP,ACMEMAPPER,FALSE,TRUE,https://edocs.deq.nc.gov/WasteManagement/Search.aspx?dbid=0&searchcommand=%7B%5BWM%5D:%5BProgram_ID%5D%20%3D%20%22*NONCD0002079*%22%7D,7/2/2026 12:00:00 AM,-78.86904,36.0528600000001
49417,NONCD0002087,ROXOBEL TEXACO,102 N MAIN ST,ROXOBEL,BERTIE,36.20342,-77.24498,ON SCREEN PLACEMENT ON GEOREFERENCED MAP,ACMEMAPPER,FALSE,FALSE,https://edocs.deq.nc.gov/WasteManagement/Search.aspx?dbid=0&searchcommand=%7B%5BWM%5D:%5BProgram_ID%5D%20%3D%20%22*NONCD0002085*%22%7D,7/2/2026 12:00:00 AM,-77.2449799999999,36.2034200000001
49418,NONCD0002088,MODEL LINEN SERVICE - B,120 W. LEWIS STREET,GREENSBORO,GUILFORD,36.06664,-79.79146,ON SCREEN PLACEMENT ON GEOREFERENCED MAP,ACMEMAPPER,FALSE,FALSE,https://edocs.deq.nc.gov/WasteManagement/Search.aspx?dbid=0&searchcommand=%7B%5BWM%5D:%5BProgram_ID%5D%20%3D%20%22*NONCD0002087*%22%7D,7/2/2026 12:00:00 AM,-79.79146,36.0666400000001
49419,NONCD0002090,MOEN - SANFORD,2609 COX MILL RD.,SANFORD,LEE,35.45651,-79.10514,ON SCREEN PLACEMENT ON GEOREFERENCED MAP,ACMEMAPPER,TRUE,FALSE,https://edocs.deq.nc.gov/WasteManagement/Search.aspx?dbid=0&searchcommand=%7B%5BWM%5D:%5BProgram_ID%5D%20%3D%20%22*NONCD0002088*%22%7D,7/2/2026 12:00:00 AM,-79.1051399999999,35.45651
49420,NONCD0002092,MONROE ICE AND FUEL (SOLVENTS),601 NORTH CHARLOTTE AVE,MONROE,UNION,34.98641,-80.55348,ON SCREEN PLACEMENT ON GEOREFERENCED MAP,ACMEMAPPER,FALSE,FALSE,https://edocs.deq.nc.gov/WasteManagement/Search.aspx?dbid=0&searchcommand=%7B%5BWM%5D:%5BProgram_ID%5D%20%3D%20%22*NONCD0002090*%22%7D,7/2/2026 12:00:00 AM,-80.55348,34.98641
49421,NONCD0002093,MONROE MUNICIPAL SERVICE,2401 WALKUP AVE,MONROE,UNION,34.99044,-80.50833,ON SCREEN PLACEMENT ON GEOREFERENCED MAP,ACMEMAPPER,FALSE,FALSE,https://edocs.deq.nc.gov/WasteManagement/Search.aspx?dbid=0&searchcommand=%7B%5BWM%5D:%5BProgram_ID%5D%20%3D%20%22*NONCD0002092*%22%7D,7/2/2026 12:00:00 AM,-80.5083299999999,34.99044
49422,NONCD0002094,BEASLEY AVE WELLS,3034-3036 HOLLOWAY STREET,DURHAM,DURHAM,35.98552,-78.83996,ON SCREEN PLACEMENT ON GEOREFERENCED MAP,ACMEMAPPER,FALSE,FALSE,https://edocs.deq.nc.gov/WasteManagement/Search.aspx?dbid=0&searchcommand=%7B%5BWM%5D:%5BProgram_ID%5D%20%3D%20%22*NONCD0002093*%22%7D,7/2/2026 12:00:00 AM,-78.83996,35.9855200000001
49423,NONCD0002095,MOORES RENTAL #2,625 NORTH MAIN STREET,SALISBURY,ROWAN,35.67215,-80.46301,ON SCREEN PLACEMENT ON GEOREFERENCED MAP,ACMEMAPPER,FALSE,FALSE,https://edocs.deq.nc.gov/WasteManagement/Search.aspx?dbid=0&searchcommand=%7B%5BWM%5D:%5BProgram_ID%5D%20%3D%20%22*NONCD0002094*%22%7D,7/2/2026 12:00:00 AM,-80.4630099999999,35.67215
49424,NONCD0002098,MORGAN MILLS (DAWSON PLANT #6),200 HWY 24/27,ALBEMARLE,STANLY,35.340296,-80.201393,ON SCREEN PLACEMENT ON GEOREFERENCED MAP,ACMEMAPPER,FALSE,FALSE,https://edocs.deq.nc.gov/WasteManagement/Search.aspx?dbid=0&searchcommand=%7B%5BWM%5D:%5BProgram_ID%5D%20%3D%20%22*NONCD0002095*%22%7D,7/2/2026 12:00:00 AM,-80.2013929999999,35.3402960000001
49425,NONCD0002100,MORTON RESIDENCE,"HWY 200, S OF STANFIELD",STANFIELD,STANLY,35.194361,-80.399208,ON SCREEN PLACEMENT ON GEOREFERENCED MAP,ACMEMAPPER,FALSE,FALSE,https://edocs.deq.nc.gov/WasteManagement/Search.aspx?dbid=0&searchcommand=%7B%5BWM%5D:%5BProgram_ID%5D%20%3D%20%22*NONCD0002098*%22%7D,7/2/2026 12:00:00 AM,-80.399208,35.1943610000001
49426,NONCD0002103,MOUNTAIN VIEW MARKETPLACE,2341 ROCKSHIRE LANE (OFF 127 S,HICKORY,CATAWBA,35.69274,-81.35794,ON SCREEN PLACEMENT ON GEOREFERENCED MAP,ACMEMAPPER,FALSE,FALSE,https://edocs.deq.nc.gov/WasteManagement/Search.aspx?dbid=0&searchcommand=%7B%5BWM%5D:%5BProgram_ID%5D%20%3D%20%22*NONCD0002100*%22%7D,7/2/2026 12:00:00 AM,-81.35794,35.6927400000001
49427,NONCD0002105,MTE HYDRAULICS,108 CHICKASAW ROAD @ JCT W/ PE,GASTONIA,GASTON,35.184819,-81.203618,ON SCREEN PLACEMENT ON GEOREFERENCED MAP,ACMEMAPPER,FALSE,FALSE,https://edocs.deq.nc.gov/WasteManagement/Search.aspx?dbid=0&searchcommand=%7B%5BWM%5D:%5BProgram_ID%5D%20%3D%20%22*NONCD0002103*%22%7D,7/2/2026 12:00:00 AM,-81.2036179999999,35.1848190000001
49428,NONCD0002106,MULLINEX GROCERY,3079 HIGHWAY 109,TROY,MONTGOMERY,35.41464,-80.00378,ON SCREEN PLACEMENT ON GEOREFERENCED MAP,ACMEMAPPER,FALSE,FALSE,https://edocs.deq.nc.gov/WasteManagement/Search.aspx?dbid=0&searchcommand=%7B%5BWM%5D:%5BProgram_ID%5D%20%3D%20%22*NONCD0002105*%22%7D,7/2/2026 12:00:00 AM,-80.0037799999999,35.4146400000001
49429,NONCD0002109,MYATT PROPERTY,1822 ENGLISH RD.,HIGH POINT,GUILFORD,35.94374,-80.02433,ON SCREEN PLACEMENT ON GEOREFERENCED MAP,ACMEMAPPER,FALSE,FALSE,https://edocs.deq.nc.gov/WasteManagement/Search.aspx?dbid=0&searchcommand=%7B%5BWM%5D:%5BProgram_ID%5D%20%3D%20%22*NONCD0002106*%22%7D,7/2/2026 12:00:00 AM,-80.02433,35.94374
49430,NONCD0002110,MYERS BROTHERS GIN SOLVENTS,3165 WOODLEAF ROAD,SALISBURY,ROWAN,35.70861,-80.525,ON SCREEN PLACEMENT ON GEOREFERENCED MAP,ACMEMAPPER,FALSE,FALSE,https://edocs.deq.nc.gov/WasteManagement/Search.aspx?dbid=0&searchcommand=%7B%5BWM%5D:%5BProgram_ID%5D%20%3D%20%22*NONCD0002109*%22%7D,7/2/2026 12:00:00 AM,-80.525,35.7086100000001
49431,NONCD0002111,MYERS WELL,14217 SPRINGWATER DRIVE,MATTHEWS,MECKLENBURG,35.130288,-80.669333,ON SCREEN PLACEMENT ON GEOREFERENCED MAP,ACMEMAPPER,FALSE,FALSE,https://edocs.deq.nc.gov/WasteManagement/Search.aspx?dbid=0&searchcommand=%7B%5BWM%5D:%5BProgram_ID%5D%20%3D%20%22*NONCD0002110*%22%7D,7/2/2026 12:00:00 AM,-80.6693329999999,35.1302880000001
49432,NONCD0002112,N. TRYON MALL (CLEANING),451 E SUGAR CREEK RD,CHARLOTTE,MECKLENBURG,35.25384,-80.79213,ON SCREEN PLACEMENT ON GEOREFERENCED MAP,GOOGLE MAPS,FALSE,FALSE,https://edocs.deq.nc.gov/WasteManagement/Search.aspx?dbid=0&searchcommand=%7B%5BWM%5D:%5BProgram_ID%5D%20%3D%20%22*NONCD0002111*%22%7D,7/2/2026 12:00:00 AM,-80.79213,35.25384
49433,NONCD0002114,NAI MAXWELL PROPERTY,612 INDUSTRIAL AVE,GREENSBORO,GUILFORD,36.02567,-79.775293,ON SCREEN PLACEMENT ON GEOREFERENCED MAP,ESRI AGOL BASE MAP,FALSE,FALSE,https://edocs.deq.nc.gov/WasteManagement/Search.aspx?dbid=0&searchcommand=%7B%5BWM%5D:%5BProgram_ID%5D%20%3D%20%22*NONCD0002112*%22%7D,7/2/2026 12:00:00 AM,-79.775293,36.02567
49434,NONCD0002116,NAPA/LOCKAMY'S BODY SHOP (FORMER),1305 US 70 HWY WEST,GARNER,WAKE,35.72026,-78.64166,ON SCREEN PLACEMENT ON GEOREFERENCED MAP,ACMEMAPPER,FALSE,FALSE,https://edocs.deq.nc.gov/WasteManagement/Search.aspx?dbid=0&searchcommand=%7B%5BWM%5D:%5BProgram_ID%5D%20%3D%20%22*NONCD0002114*%22%7D,7/2/2026 12:00:00 AM,-78.6416599999999,35.7202600000001
49435,NONCD0002118,NATIONAL PARTITIONS & INTERIORS (FORMER),321 EAST J STREET,MAIDEN,CATAWBA,35.562735,-81.194084,ON SCREEN PLACEMENT ON GEOREFERENCED MAP,ACMEMAPPER,FALSE,FALSE,https://edocs.deq.nc.gov/WasteManagement/Search.aspx?dbid=0&searchcommand=%7B%5BWM%5D:%5BProgram_ID%5D%20%3D%20%22*NONCD0002116*%22%7D,7/2/2026 12:00:00 AM,-81.194084,35.562735
49436,NONCD0002119,NATIONAL TRANSPORT #2,601 JOHNSON ROAD,CHARLOTTE,MECKLENBURG,35.261944,-80.811666,ON SCREEN PLACEMENT ON GEOREFERENCED MAP,ACMEMAPPER,FALSE,FALSE,https://edocs.deq.nc.gov/WasteManagement/Search.aspx?dbid=0&searchcommand=%7B%5BWM%5D:%5BProgram_ID%5D%20%3D%20%22*NONCD0002118*%22%7D,7/2/2026 12:00:00 AM,-80.8116659999999,35.261944
49437,NONCD0002121,NATIONS BANK - SOLVENT,201 NORTH TRYON STREET,CHARLOTTE,MECKLENBURG,35.22886,-80.84136,ON SCREEN PLACEMENT ON GEOREFERENCED MAP,ACMEMAPPER,FALSE,FALSE,https://edocs.deq.nc.gov/WasteManagement/Search.aspx?dbid=0&searchcommand=%7B%5BWM%5D:%5BProgram_ID%5D%20%3D%20%22*NONCD0002119*%22%7D,7/2/2026 12:00:00 AM,-80.84136,35.2288600000001
49438,NONCD0002122,MORGAN MILL RD CONTAMINATION,5613 MORGAN MILL RD,MONROE,UNION,35.07419,-80.47921,ON SCREEN PLACEMENT ON GEOREFERENCED MAP,ACMEMAPPER,FALSE,FALSE,https://edocs.deq.nc.gov/WasteManagement/Search.aspx?dbid=0&searchcommand=%7B%5BWM%5D:%5BProgram_ID%5D%20%3D%20%22*NONCD0002121*%22%7D,7/2/2026 12:00:00 AM,-80.47921,35.07419
49439,NONCD0002123,ERWIN MILLS #3,314 MAIN ST,COOLEEMEE,DAVIE,35.80707,-80.55784,ON SCREEN PLACEMENT ON GEOREFERENCED MAP,ACMEMAPPER,FALSE,FALSE,https://edocs.deq.nc.gov/WasteManagement/Search.aspx?dbid=0&searchcommand=%7B%5BWM%5D:%5BProgram_ID%5D%20%3D%20%22*NONCD0002122*%22%7D,7/2/2026 12:00:00 AM,-80.5578399999999,35.8070700000001
49440,NONCD0002124,WELDON MILL (FRMR),E 11TH ST & SYCAMORE ST,WELDON,HALIFAX,36.41529,-77.60283,ON SCREEN PLACEMENT ON GEOREFERENCED MAP,ACMEMAPPER,FALSE,FALSE,https://edocs.deq.nc.gov/WasteManagement/Search.aspx?dbid=0&searchcommand=%7B%5BWM%5D:%5BProgram_ID%5D%20%3D%20%22*NONCD0002123*%22%7D,7/2/2026 12:00:00 AM,-77.60283,36.41529
49441,NONCD0002125,NC FOAM INDUSTRIES - NONUST,511 CARTER ST.,MOUNT AIRY,SURRY,36.474287,-80.607719,ON SCREEN PLACEMENT ON GEOREFERENCED MAP,ACMEMAPPER,FALSE,TRUE,https://edocs.deq.nc.gov/WasteManagement/Search.aspx?dbid=0&searchcommand=%7B%5BWM%5D:%5BProgram_ID%5D%20%3D%20%22*NONCD0002124*%22%7D,7/2/2026 12:00:00 AM,-80.607719,36.4742870000001
49442,NONCD0002128,PURINA MILLS,HWY 301 SOUTH,WILSON,WILSON,35.70409,-77.92063,ON SCREEN PLACEMENT ON GEOREFERENCED MAP,ACMEMAPPER,TRUE,FALSE,https://edocs.deq.nc.gov/WasteManagement/Search.aspx?dbid=0&searchcommand=%7B%5BWM%5D:%5BProgram_ID%5D%20%3D%20%22*NONCD0002125*%22%7D,7/2/2026 12:00:00 AM,-77.92063,35.7040900000001
49443,NONCD0002129,NCDOT - ATL 16-6,"OFF NCSR 1387, NEAR ELIZ. CITY",ELIZABETH CITY,PASQUOTANK,36.31102,-76.20883,ON SCREEN PLACEMENT ON GEOREFERENCED MAP,ACMEMAPPER,FALSE,FALSE,https://edocs.deq.nc.gov/WasteManagement/Search.aspx?dbid=0&searchcommand=%7B%5BWM%5D:%5BProgram_ID%5D%20%3D%20%22*NONCD0002128*%22%7D,7/2/2026 12:00:00 AM,-76.20883,36.31102
49444,NONCD0002130,NCDOT - FORMER ASPHALTIC TESTING SITE 62,OFF DRIFTWOOD DRIVE,MANTEO,DARE,35.92037,-75.68984,ON SCREEN PLACEMENT ON GEOREFERENCED MAP,ACMEMAPPER,FALSE,FALSE,https://edocs.deq.nc.gov/WasteManagement/Search.aspx?dbid=0&searchcommand=%7B%5BWM%5D:%5BProgram_ID%5D%20%3D%20%22*NONCD0002129*%22%7D,7/2/2026 12:00:00 AM,-75.6898399999999,35.92037
49445,NONCD0002133,NCDOT - SITE #8 STOKESDALE ASPHALT,6826 US HWY 158,STOKESDALE,GUILFORD,36.239935,-79.932305,ON SCREEN PLACEMENT ON GEOREFERENCED MAP,ACMEMAPPER,FALSE,FALSE,https://edocs.deq.nc.gov/WasteManagement/Search.aspx?dbid=0&searchcommand=%7B%5BWM%5D:%5BProgram_ID%5D%20%3D%20%22*NONCD0002130*%22%7D,7/2/2026 12:00:00 AM,-79.932305,36.2399350000001
49446,NONCD0002134,NCDOT - SITE #9 PAPCO ASPHALT,SR 1120,WINSTON-SALEM,FORSYTH,36.03046,-80.31783,ON SCREEN PLACEMENT ON GEOREFERENCED MAP,ACMEMAPPER,FALSE,FALSE,https://edocs.deq.nc.gov/WasteManagement/Search.aspx?dbid=0&searchcommand=%7B%5BWM%5D:%5BProgram_ID%5D%20%3D%20%22*NONCD0002133*%22%7D,7/2/2026 12:00:00 AM,-80.31783,36.0304600000001
49447,NONCD0002135,NCDOT - SITE #10 JAMESTOWN ASPHALT,5730 RIVERDALE DR.,JAMESTOWN,GUILFORD,35.963325,-79.921705,ON SCREEN PLACEMENT ON GEOREFERENCED MAP,ACMEMAPPER,FALSE,FALSE,https://edocs.deq.nc.gov/WasteManagement/Search.aspx?dbid=0&searchcommand=%7B%5BWM%5D:%5BProgram_ID%5D%20%3D%20%22*NONCD0002134*%22%7D,7/2/2026 12:00:00 AM,-79.921705,35.9633250000001
49448,NONCD0002136,NCDOT - SITE NO 16 LEXINGTON ASPHALT,CITY DUMP ROAD,LEXINGTON,DAVIDSON,35.831388,-80.223611,ON SCREEN PLACEMENT ON GEOREFERENCED MAP,ACMEMAPPER,FALSE,FALSE,https://edocs.deq.nc.gov/WasteManagement/Search.aspx?dbid=0&searchcommand=%7B%5BWM%5D:%5BProgram_ID%5D%20%3D%20%22*NONCD0002135*%22%7D,7/2/2026 12:00:00 AM,-80.2236109999999,35.8313880000001
49449,NONCD0002137,NCDOT - SITE #23 KIRKPATRICK ASPHALT,1521 HUFFMAN MILL RD,BURLINGTON,ALAMANCE,36.057294,-79.510217,ON SCREEN PLACEMENT ON GEOREFERENCED MAP,ESRI AGOL BASE MAP,FALSE,FALSE,https://edocs.deq.nc.gov/WasteManagement/Search.aspx?dbid=0&searchcommand=%7B%5BWM%5D:%5BProgram_ID%5D%20%3D%20%22*NONCD0002136*%22%7D,7/2/2026 12:00:00 AM,-79.510217,36.0572940000001
49450,NONCD0002138,NCDOT - SITE #24 RAMEY CONST. ASPHALT,PATTERSON AVE.,WINSTON-SALEM,FORSYTH,36.18074,-80.26762,ON SCREEN PLACEMENT ON GEOREFERENCED MAP,ACMEMAPPER,FALSE,FALSE,https://edocs.deq.nc.gov/WasteManagement/Search.aspx?dbid=0&searchcommand=%7B%5BWM%5D:%5BProgram_ID%5D%20%3D%20%22*NONCD0002137*%22%7D,7/2/2026 12:00:00 AM,-80.26762,36.1807400000001
49451,NONCD0002139,NCDOT - SITE #25 MARTIN MARIETTA GBORO,825 MARIETTA RD.,GREENSBORO,GUILFORD,36.060833,-79.926111,ON SCREEN PLACEMENT ON GEOREFERENCED MAP,ACMEMAPPER,FALSE,FALSE,https://edocs.deq.nc.gov/WasteManagement/Search.aspx?dbid=0&searchcommand=%7B%5BWM%5D:%5BProgram_ID%5D%20%3D%20%22*NONCD0002138*%22%7D,7/2/2026 12:00:00 AM,-79.9261109999999,36.0608330000001
49452,NONCD0002140,NCDOT - SITE #26 MARTIN MARIETTA BURLING,1671 HUFFMAN MILL RD,BURLINGTON,ALAMANCE,36.04882,-79.50939,ON SCREEN PLACEMENT ON GEOREFERENCED MAP,ACMEMAPPER,FALSE,FALSE,https://edocs.deq.nc.gov/WasteManagement/Search.aspx?dbid=0&searchcommand=%7B%5BWM%5D:%5BProgram_ID%5D%20%3D%20%22*NONCD0002139*%22%7D,7/2/2026 12:00:00 AM,-79.5093899999999,36.04882
49453,NONCD0002141,NCDOT - SITE #38 BROWN BROTHERS ASPHALT,HWY 105,BOONE,WATAUGA,36.20751,-81.71481,ON SCREEN PLACEMENT ON GEOREFERENCED MAP,ACMEMAPPER,FALSE,FALSE,https://edocs.deq.nc.gov/WasteManagement/Search.aspx?dbid=0&searchcommand=%7B%5BWM%5D:%5BProgram_ID%5D%20%3D%20%22*NONCD0002140*%22%7D,7/2/2026 12:00:00 AM,-81.7148099999999,36.2075100000001
49454,NONCD0002142,NCDOT - SITE #42 APAC ASPHALT PLANT,PINE VIEW ROAD,ASHEBORO,RANDOLPH,35.763544,-79.826674,ON SCREEN PLACEMENT ON GEOREFERENCED MAP,ACMEMAPPER,FALSE,FALSE,https://edocs.deq.nc.gov/WasteManagement/Search.aspx?dbid=0&searchcommand=%7B%5BWM%5D:%5BProgram_ID%5D%20%3D%20%22*NONCD0002141*%22%7D,7/2/2026 12:00:00 AM,-79.826674,35.763544
49455,NONCD0002143,NCDOT - SITE #43 RILEY PAVING ASPHALT,HWY 421,LIBERTY,RANDOLPH,35.82724,-79.58095,ON SCREEN PLACEMENT ON GEOREFERENCED MAP,ACMEMAPPER,FALSE,FALSE,https://edocs.deq.nc.gov/WasteManagement/Search.aspx?dbid=0&searchcommand=%7B%5BWM%5D:%5BProgram_ID%5D%20%3D%20%22*NONCD0002142*%22%7D,7/2/2026 12:00:00 AM,-79.58095,35.8272400000001
49456,NONCD0002145,NCDOT - SITE #54 THOMPSON ARTHUR ASPHALT,2805 INDIANA AVE.,WINSTON-SALEM,FORSYTH,36.12654,-80.23595,ON SCREEN PLACEMENT ON GEOREFERENCED MAP,ACMEMAPPER,FALSE,FALSE,https://edocs.deq.nc.gov/WasteManagement/Search.aspx?dbid=0&searchcommand=%7B%5BWM%5D:%5BProgram_ID%5D%20%3D%20%22*NONCD0002143*%22%7D,7/2/2026 12:00:00 AM,-80.2359499999999,36.12654
49457,NONCD0002146,NCDOT - SITE #55 PAPCO-SHERRILL ASPHALT,CRAFT DRIVE,WINSTON-SALEM,FORSYTH,36.1456,-80.25991,ON SCREEN PLACEMENT ON GEOREFERENCED MAP,ACMEMAPPER,FALSE,FALSE,https://edocs.deq.nc.gov/WasteManagement/Search.aspx?dbid=0&searchcommand=%7B%5BWM%5D:%5BProgram_ID%5D%20%3D%20%22*NONCD0002145*%22%7D,7/2/2026 12:00:00 AM,-80.2599099999999,36.1456000000001
49458,NONCD0002147,NCDOT - SITE #59 WENTWORTH ASPHALT,HWY 65/87,WENTWORTH,ROCKINGHAM,36.372432,-79.724869,ON SCREEN PLACEMENT ON GEOREFERENCED MAP,ACMEMAPPER,FALSE,FALSE,https://edocs.deq.nc.gov/WasteManagement/Search.aspx?dbid=0&searchcommand=%7B%5BWM%5D:%5BProgram_ID%5D%20%3D%20%22*NONCD0002146*%22%7D,7/2/2026 12:00:00 AM,-79.724869,36.3724320000001
49459,NONCD0002148,NCDOT - SITE #61 NORFOLK SOUTHERN/THOMPS,1124 S. HOLDEN ROAD,GREENSBORO,GUILFORD,36.05886,-79.84287,ON SCREEN PLACEMENT ON GEOREFERENCED MAP,ACMEMAPPER,FALSE,FALSE,https://edocs.deq.nc.gov/WasteManagement/Search.aspx?dbid=0&searchcommand=%7B%5BWM%5D:%5BProgram_ID%5D%20%3D%20%22*NONCD0002147*%22%7D,7/2/2026 12:00:00 AM,-79.8428699999999,36.05886
49460,NONCD0002150,NCDOT - SITE #73,1608 HIGHWAY 221 NORTH,JEFFERSON,ASHE,36.4513,-81.40441,ON SCREEN PLACEMENT ON GEOREFERENCED MAP,ACMEMAPPER,FALSE,FALSE,https://edocs.deq.nc.gov/WasteManagement/Search.aspx?dbid=0&searchcommand=%7B%5BWM%5D:%5BProgram_ID%5D%20%3D%20%22*NONCD0002148*%22%7D,7/2/2026 12:00:00 AM,-81.40441,36.4513000000001
49461,NONCD0002151,NCDOT - SURRY COUNTY,HWY 601 NORTH,DOBSON,SURRY,36.420412,-80.684628,ON SCREEN PLACEMENT ON GEOREFERENCED MAP,ACMEMAPPER,FALSE,FALSE,https://edocs.deq.nc.gov/WasteManagement/Search.aspx?dbid=0&searchcommand=%7B%5BWM%5D:%5BProgram_ID%5D%20%3D%20%22*NONCD0002150*%22%7D,7/2/2026 12:00:00 AM,-80.684628,36.4204120000001
49462,NONCD0002155,NCDOT ASPHALT LAB SITE NO.71,NORTHSIDE ROAD(HWY-158),ELIZABETH CITY,PASQUOTANK,36.41085,-76.33408,ON SCREEN PLACEMENT ON GEOREFERENCED MAP,ACMEMAPPER,FALSE,FALSE,https://edocs.deq.nc.gov/WasteManagement/Search.aspx?dbid=0&searchcommand=%7B%5BWM%5D:%5BProgram_ID%5D%20%3D%20%22*NONCD0002151*%22%7D,7/2/2026 12:00:00 AM,-76.33408,36.41085
49463,NONCD0002156,NCDOT ASPHALT MATERIAL TEST LAB NO 52,6190 NEW BERN HWY,MAYSVILLE,ONSLOW,34.853888,-77.274166,ON SCREEN PLACEMENT ON GEOREFERENCED MAP,ACMEMAPPER,FALSE,FALSE,https://edocs.deq.nc.gov/WasteManagement/Search.aspx?dbid=0&searchcommand=%7B%5BWM%5D:%5BProgram_ID%5D%20%3D%20%22*NONCD0002155*%22%7D,7/2/2026 12:00:00 AM,-77.274166,34.853888
49464,NONCD0002157,NCDOT ASPHALT SITE NO 12_BOGGS,2318 CONCORD HWY,MONROE,UNION,35.01487,-80.54124,ON SCREEN PLACEMENT ON GEOREFERENCED MAP,ACMEMAPPER,FALSE,FALSE,https://edocs.deq.nc.gov/WasteManagement/Search.aspx?dbid=0&searchcommand=%7B%5BWM%5D:%5BProgram_ID%5D%20%3D%20%22*NONCD0002156*%22%7D,7/2/2026 12:00:00 AM,-80.54124,35.01487
49465,NONCD0002158,NCDOT ASPHALT SITE NO 13_REA CONTSR,6001 OLD DOWD ROAD,CHARLOTTE,MECKLENBURG,35.22831,-80.93911,ON SCREEN PLACEMENT ON GEOREFERENCED MAP,ACMEMAPPER,FALSE,FALSE,https://edocs.deq.nc.gov/WasteManagement/Search.aspx?dbid=0&searchcommand=%7B%5BWM%5D:%5BProgram_ID%5D%20%3D%20%22*NONCD0002157*%22%7D,7/2/2026 12:00:00 AM,-80.93911,35.2283100000001
49466,NONCD0002159,NCDOT ASPHALT SITE #14,OLD NATIONS FORD RD,PINEVILLE,MECKLENBURG,35.115277,-80.898333,ON SCREEN PLACEMENT ON GEOREFERENCED MAP,ACMEMAPPER,FALSE,FALSE,https://edocs.deq.nc.gov/WasteManagement/Search.aspx?dbid=0&searchcommand=%7B%5BWM%5D:%5BProgram_ID%5D%20%3D%20%22*NONCD0002158*%22%7D,7/2/2026 12:00:00 AM,-80.898333,35.115277
49467,NONCD0002160,NCDOT ASPHALT SITE #17/BLYTHE DEVELOPMEN,OFF OF ERVIN LANE - 9510 RODNE,PINEVILLE,MECKLENBURG,35.105555,-80.894444,ON SCREEN PLACEMENT ON GEOREFERENCED MAP,ACMEMAPPER,FALSE,FALSE,https://edocs.deq.nc.gov/WasteManagement/Search.aspx?dbid=0&searchcommand=%7B%5BWM%5D:%5BProgram_ID%5D%20%3D%20%22*NONCD0002159*%22%7D,7/2/2026 12:00:00 AM,-80.894444,35.105555
49468,NONCD0002161,NCDOT ASPHALT SITE #2 (CROWDER CONST),"CROWDER CONST, HWY 16, 6433 BR",CHARLOTTE,MECKLENBURG,35.2886,-80.91383,ON SCREEN PLACEMENT ON GEOREFERENCED MAP,ACMEMAPPER,FALSE,FALSE,https://edocs.deq.nc.gov/WasteManagement/Search.aspx?dbid=0&searchcommand=%7B%5BWM%5D:%5BProgram_ID%5D%20%3D%20%22*NONCD0002160*%22%7D,7/2/2026 12:00:00 AM,-80.91383,35.2886
49469,NONCD0002162,NCDOT ASPHALT SITE #20 (APAC),1520 11TH AVENUE SE,HICKORY,CATAWBA,35.716989,-81.307989,ON SCREEN PLACEMENT ON GEOREFERENCED MAP,ACMEMAPPER,FALSE,FALSE,https://edocs.deq.nc.gov/WasteManagement/Search.aspx?dbid=0&searchcommand=%7B%5BWM%5D:%5BProgram_ID%5D%20%3D%20%22*NONCD0002161*%22%7D,7/2/2026 12:00:00 AM,-81.307989,35.7169890000001
49470,NONCD0002163,NCDOT ASPHALT SITE #22 ( ASPHALT PAVING,HWY74/LONG BRANCH ROAD,SHELBY,CLEVELAND,35.250683,-81.464313,ON SCREEN PLACEMENT ON GEOREFERENCED MAP,ACMEMAPPER,FALSE,FALSE,https://edocs.deq.nc.gov/WasteManagement/Search.aspx?dbid=0&searchcommand=%7B%5BWM%5D:%5BProgram_ID%5D%20%3D%20%22*NONCD0002162*%22%7D,7/2/2026 12:00:00 AM,-81.4643129999999,35.250683
49471,NONCD0002164,NCDOT ASPHALT SITE #3/BROWN PAVING,INTERSECTION OF SR 1305 AND HW,ROCKINGHAM,RICHMOND,34.99921,-79.77731,ON SCREEN PLACEMENT ON GEOREFERENCED MAP,ACMEMAPPER,FALSE,FALSE,https://edocs.deq.nc.gov/WasteManagement/Search.aspx?dbid=0&searchcommand=%7B%5BWM%5D:%5BProgram_ID%5D%20%3D%20%22*NONCD0002163*%22%7D,7/2/2026 12:00:00 AM,-79.7773099999999,34.9992100000001
49472,NONCD0002165,NCDOT ASPHALT SITE #32/JOHNSON BROS,1924 N MAIN ST,LILLINGTON,HARNETT,35.42259,-78.7982,ON SCREEN PLACEMENT ON GEOREFERENCED MAP,ACMEMAPPER,FALSE,FALSE,https://edocs.deq.nc.gov/WasteManagement/Search.aspx?dbid=0&searchcommand=%7B%5BWM%5D:%5BProgram_ID%5D%20%3D%20%22*NONCD0002164*%22%7D,7/2/2026 12:00:00 AM,-78.7982,35.4225900000001
49473,NONCD0002166,NCDOT ASPHALT SITE #35,500 INDUSTRIAL AVE,ROCKWELL,ROWAN,35.555299,-80.399858,ON SCREEN PLACEMENT ON GEOREFERENCED MAP,ACMEMAPPER,FALSE,FALSE,https://edocs.deq.nc.gov/WasteManagement/Search.aspx?dbid=0&searchcommand=%7B%5BWM%5D:%5BProgram_ID%5D%20%3D%20%22*NONCD0002165*%22%7D,7/2/2026 12:00:00 AM,-80.3998579999999,35.555299
49474,NONCD0002167,NCDOT ASPHALT SITE #4 (M & M MINERALS),"N OF HWY 73, S OF I-85, W OF H",CONCORD,CABARRUS,35.435119,-80.609054,ON SCREEN PLACEMENT ON GEOREFERENCED MAP,ACMEMAPPER,FALSE,FALSE,https://edocs.deq.nc.gov/WasteManagement/Search.aspx?dbid=0&searchcommand=%7B%5BWM%5D:%5BProgram_ID%5D%20%3D%20%22*NONCD0002166*%22%7D,7/2/2026 12:00:00 AM,-80.609054,35.435119
49475,NONCD0002168,NCDOT ASPHALT SITE #40/BLYTHE IND.,7450 POPLAR TENT ROAD,CONCORD,CABARRUS,35.403539,-80.701306,ON SCREEN PLACEMENT ON GEOREFERENCED MAP,ACMEMAPPER,FALSE,FALSE,https://edocs.deq.nc.gov/WasteManagement/Search.aspx?dbid=0&searchcommand=%7B%5BWM%5D:%5BProgram_ID%5D%20%3D%20%22*NONCD0002167*%22%7D,7/2/2026 12:00:00 AM,-80.701306,35.4035390000001
49476,NONCD0002169,NCDOT ASPHALT SITE #47/BARNHILL,936 SHAW MILL RD,FAYETTEVILLE,CUMBERLAND,35.11356,-78.92286,ON SCREEN PLACEMENT ON GEOREFERENCED MAP,ACMEMAPPER,FALSE,FALSE,https://edocs.deq.nc.gov/WasteManagement/Search.aspx?dbid=0&searchcommand=%7B%5BWM%5D:%5BProgram_ID%5D%20%3D%20%22*NONCD0002168*%22%7D,7/2/2026 12:00:00 AM,-78.92286,35.1135600000001
49477,NONCD0002170,NCDOT ASPHALT SITE #5 (REA CONSTRUCTION),1220 NORTH WENDOVER ROAD,CHARLOTTE,MECKLENBURG,35.19499,-80.792812,ON SCREEN PLACEMENT ON GEOREFERENCED MAP,ACMEMAPPER,FALSE,FALSE,https://edocs.deq.nc.gov/WasteManagement/Search.aspx?dbid=0&searchcommand=%7B%5BWM%5D:%5BProgram_ID%5D%20%3D%20%22*NONCD0002169*%22%7D,7/2/2026 12:00:00 AM,-80.792812,35.1949900000001
49478,NONCD0002171,NCDOT ASPHALT SITE #56/BLYTHE IND.,2911 NORTH GRAHAM STREET,CHARLOTTE,MECKLENBURG,35.260182,-80.825203,ON SCREEN PLACEMENT ON GEOREFERENCED MAP,ACMEMAPPER,FALSE,FALSE,https://edocs.deq.nc.gov/WasteManagement/Search.aspx?dbid=0&searchcommand=%7B%5BWM%5D:%5BProgram_ID%5D%20%3D%20%22*NONCD0002170*%22%7D,7/2/2026 12:00:00 AM,-80.825203,35.260182
49479,NONCD0002172,NCDOT ASPHALT SITE #57 - REA CONSTRUCTIO,2701 YOUNGBLOOD COURT,CHARLOTTE,MECKLENBURG,35.202802,-80.868346,ON SCREEN PLACEMENT ON GEOREFERENCED MAP,ACMEMAPPER,FALSE,FALSE,https://edocs.deq.nc.gov/WasteManagement/Search.aspx?dbid=0&searchcommand=%7B%5BWM%5D:%5BProgram_ID%5D%20%3D%20%22*NONCD0002171*%22%7D,7/2/2026 12:00:00 AM,-80.868346,35.2028020000001
49480,NONCD0002173,NCDOT ASPHALT SITE #66/APAC,164 BOSTIAN BRIDGE DR (OFF BUF,STATESVILLE,IREDELL,35.765383,-80.919913,ON SCREEN PLACEMENT ON GEOREFERENCED MAP,ACMEMAPPER,FALSE,FALSE,https://edocs.deq.nc.gov/WasteManagement/Search.aspx?dbid=0&searchcommand=%7B%5BWM%5D:%5BProgram_ID%5D%20%3D%20%22*NONCD0002172*%22%7D,7/2/2026 12:00:00 AM,-80.919913,35.765383
49481,NONCD0002174,NCDOT ASPHALT SITE #67,11333 REAMES ROAD,CHARLOTTE,MECKLENBURG,35.34951,-80.83066,ON SCREEN PLACEMENT ON GEOREFERENCED MAP,ACMEMAPPER,FALSE,FALSE,https://edocs.deq.nc.gov/WasteManagement/Search.aspx?dbid=0&searchcommand=%7B%5BWM%5D:%5BProgram_ID%5D%20%3D%20%22*NONCD0002173*%22%7D,7/2/2026 12:00:00 AM,-80.83066,35.3495100000001
49482,NONCD0002176,NCDOT ASPHALT TESTING LAB SITE # 50,SE OF NC11 & NC308,LEWISTON,BERTIE,36.1195,-77.17381,ON SCREEN PLACEMENT ON GEOREFERENCED MAP,ACMEMAPPER,FALSE,FALSE,https://edocs.deq.nc.gov/WasteManagement/Search.aspx?dbid=0&searchcommand=%7B%5BWM%5D:%5BProgram_ID%5D%20%3D%20%22*NONCD0002174*%22%7D,7/2/2026 12:00:00 AM,-77.1738099999999,36.1195000000001
49483,NONCD0002177,NCDOT BRIDGE 108,GRAHAM STREET BRIDGE OVER RR T,CHARLOTTE,MECKLENBURG,35.23747,-80.83757,ON SCREEN PLACEMENT ON GEOREFERENCED MAP,ACMEMAPPER,FALSE,FALSE,https://edocs.deq.nc.gov/WasteManagement/Search.aspx?dbid=0&searchcommand=%7B%5BWM%5D:%5BProgram_ID%5D%20%3D%20%22*NONCD0002176*%22%7D,7/2/2026 12:00:00 AM,-80.83757,35.23747
49484,NONCD0002179,NCDOT DIV 10 FACILITY (FORMER),1119 E SUGAR CREEK RD,CHARLOTTE,MECKLENBURG,35.245372,-80.786009,ON SCREEN PLACEMENT ON GEOREFERENCED MAP,ACMEMAPPER,FALSE,FALSE,https://edocs.deq.nc.gov/WasteManagement/Search.aspx?dbid=0&searchcommand=%7B%5BWM%5D:%5BProgram_ID%5D%20%3D%20%22*NONCD0002177*%22%7D,7/2/2026 12:00:00 AM,-80.786009,35.245372
49485,NONCD0002180,NCDOT FACILITY-UNION,NCSR 1130,UNION,HERTFORD,36.3275,-77.023333,ON SCREEN PLACEMENT ON GEOREFERENCED MAP,ACMEMAPPER,FALSE,FALSE,https://edocs.deq.nc.gov/WasteManagement/Search.aspx?dbid=0&searchcommand=%7B%5BWM%5D:%5BProgram_ID%5D%20%3D%20%22*NONCD0002179*%22%7D,7/2/2026 12:00:00 AM,-77.023333,36.3275
49486,NONCD0002182,NCDOT ROSMAN-SALT STORAGE,SR 1388,ROSMAN,TRANSYLVANIA,35.1568,-82.81077,ON SCREEN PLACEMENT ON GEOREFERENCED MAP,ACMEMAPPER,FALSE,FALSE,https://edocs.deq.nc.gov/WasteManagement/Search.aspx?dbid=0&searchcommand=%7B%5BWM%5D:%5BProgram_ID%5D%20%3D%20%22*NONCD0002180*%22%7D,7/2/2026 12:00:00 AM,-82.8107699999999,35.1568
49487,NONCD0002186,NCDOT SELMA PLANT P-11,PEEDIN STREETA.G. LEE TRUCK ST,SELMA,JOHNSTON,35.513161,-78.318428,ON SCREEN PLACEMENT ON GEOREFERENCED MAP,ACMEMAPPER,FALSE,FALSE,https://edocs.deq.nc.gov/WasteManagement/Search.aspx?dbid=0&searchcommand=%7B%5BWM%5D:%5BProgram_ID%5D%20%3D%20%22*NONCD0002182*%22%7D,7/2/2026 12:00:00 AM,-78.318428,35.513161
49488,NONCD0002187,LWY GROOMETOWN ECKERD,3611 GROOMETOWN RD,GREENSBORO,GUILFORD,36.0158,-79.86527,ON SCREEN PLACEMENT ON GEOREFERENCED MAP,ACMEMAPPER,FALSE,FALSE,https://edocs.deq.nc.gov/WasteManagement/Search.aspx?dbid=0&searchcommand=%7B%5BWM%5D:%5BProgram_ID%5D%20%3D%20%22*NONCD0002186*%22%7D,7/2/2026 12:00:00 AM,-79.86527,36.0158000000001
49489,NONCD0002188,NCDOT SITE #44/QUAIL RIDGE,QUAIL RIDGE DR.,SANFORD,LEE,35.39125,-79.23584,ON SCREEN PLACEMENT ON GEOREFERENCED MAP,ACMEMAPPER,FALSE,FALSE,https://edocs.deq.nc.gov/WasteManagement/Search.aspx?dbid=0&searchcommand=%7B%5BWM%5D:%5BProgram_ID%5D%20%3D%20%22*NONCD0002187*%22%7D,7/2/2026 12:00:00 AM,-79.2358399999999,35.3912500000001
49490,NONCD0002191,NCDOT SITE-C.C. MANGUM US 64E,5201 OLD US 64 EAST,RALEIGH,WAKE,35.79492,-78.5466,ON SCREEN PLACEMENT ON GEOREFERENCED MAP,ACMEMAPPER,FALSE,FALSE,https://edocs.deq.nc.gov/WasteManagement/Search.aspx?dbid=0&searchcommand=%7B%5BWM%5D:%5BProgram_ID%5D%20%3D%20%22*NONCD0002188*%22%7D,7/2/2026 12:00:00 AM,-78.5466,35.79492
49491,NONCD0002192,NCDOT/FRANKLIN RESIDENCE,"OFF 181, RT 2",NEWLAND,AVERY,36.07663,-81.91194,ON SCREEN PLACEMENT ON GEOREFERENCED MAP,ACMEMAPPER,FALSE,FALSE,https://edocs.deq.nc.gov/WasteManagement/Search.aspx?dbid=0&searchcommand=%7B%5BWM%5D:%5BProgram_ID%5D%20%3D%20%22*NONCD0002191*%22%7D,7/2/2026 12:00:00 AM,-81.91194,36.0766300000001
49492,NONCD0002193,NCDOT-FORMER ASPHALT TEST.#37,HWY 158 AT MAIME SR# SIDE ROAD,POWELLS POINT,CURRITUCK,36.12848,-75.83116,ON SCREEN PLACEMENT ON GEOREFERENCED MAP,ACMEMAPPER,FALSE,FALSE,https://edocs.deq.nc.gov/WasteManagement/Search.aspx?dbid=0&searchcommand=%7B%5BWM%5D:%5BProgram_ID%5D%20%3D%20%22*NONCD0002192*%22%7D,7/2/2026 12:00:00 AM,-75.83116,36.12848
49493,NONCD0002194,NCSPA BLDG C-1,2202 BURNETT BLVD,WILMINGTON,NEW HANOVER,34.19964,-77.95307,ON SCREEN PLACEMENT ON GEOREFERENCED MAP,ACMEMAPPER,FALSE,FALSE,https://edocs.deq.nc.gov/WasteManagement/Search.aspx?dbid=0&searchcommand=%7B%5BWM%5D:%5BProgram_ID%5D%20%3D%20%22*NONCD0002193*%22%7D,7/2/2026 12:00:00 AM,-77.95307,34.19964
49494,NONCD0002197,NEW GENERATION YARN,1248 SPRINGWOOD CHURCH RD,GIBSONVILLE,GUILFORD,36.085195,-79.547465,ON SCREEN PLACEMENT ON GEOREFERENCED MAP,ACMEMAPPER,FALSE,FALSE,https://edocs.deq.nc.gov/WasteManagement/Search.aspx?dbid=0&searchcommand=%7B%5BWM%5D:%5BProgram_ID%5D%20%3D%20%22*NONCD0002194*%22%7D,7/2/2026 12:00:00 AM,-79.547465,36.0851950000001
49495,NONCD0002201,NEWS & OBSERVER MECH BLV-SPILL,1400 MECHANICAL BLVD.,GARNER,WAKE,35.71955,-78.62755,ON SCREEN PLACEMENT ON GEOREFERENCED MAP,ACMEMAPPER,FALSE,FALSE,https://edocs.deq.nc.gov/WasteManagement/Search.aspx?dbid=0&searchcommand=%7B%5BWM%5D:%5BProgram_ID%5D%20%3D%20%22*NONCD0002197*%22%7D,7/2/2026 12:00:00 AM,-78.62755,35.71955
49496,NONCD0002203,ALLEN LANE CONTAMINATED WELLS,3000 US 70 BYPASS,HILLSBOROUGH,ORANGE,36.05961,-79.05173,ON SCREEN PLACEMENT ON GEOREFERENCED MAP,ACMEMAPPER,FALSE,FALSE,https://edocs.deq.nc.gov/WasteManagement/Search.aspx?dbid=0&searchcommand=%7B%5BWM%5D:%5BProgram_ID%5D%20%3D%20%22*NONCD0002201*%22%7D,7/2/2026 12:00:00 AM,-79.05173,36.0596100000001
49497,NONCD0002204,NIVENS PROPERTY,3022 GRIFFITH STREET,CHARLOTTE,MECKLENBURG,35.20088,-80.87161,ON SCREEN PLACEMENT ON GEOREFERENCED MAP,ACMEMAPPER,FALSE,FALSE,https://edocs.deq.nc.gov/WasteManagement/Search.aspx?dbid=0&searchcommand=%7B%5BWM%5D:%5BProgram_ID%5D%20%3D%20%22*NONCD0002203*%22%7D,7/2/2026 12:00:00 AM,-80.87161,35.20088
49498,NONCD0002205,"AMP,INC-BLDG 090",375 W BODENHAMER ST,KERNERSVILLE,FORSYTH,36.12873,-80.07792,ON SCREEN PLACEMENT ON GEOREFERENCED MAP,ACMEMAPPER,FALSE,FALSE,https://edocs.deq.nc.gov/WasteManagement/Search.aspx?dbid=0&searchcommand=%7B%5BWM%5D:%5BProgram_ID%5D%20%3D%20%22*NONCD0002204*%22%7D,7/2/2026 12:00:00 AM,-80.0779199999999,36.1287300000001
49499,NONCD0002211,NORFOLK SOUTHERN RAILWAY-SOLVENT-UNIQEMA,2100 NORTH TRYON ST.,CHARLOTTE,MECKLENBURG,35.243095,-80.820604,ON SCREEN PLACEMENT ON GEOREFERENCED MAP,ACMEMAPPER,FALSE,FALSE,https://edocs.deq.nc.gov/WasteManagement/Search.aspx?dbid=0&searchcommand=%7B%5BWM%5D:%5BProgram_ID%5D%20%3D%20%22*NONCD0002205*%22%7D,7/2/2026 12:00:00 AM,-80.8206039999999,35.243095
49500,NONCD0002212,NORFOLK SOUTHERN RAILYARD- PCE,33 MEADOW ROAD,ASHEVILLE,BUNCOMBE,35.56816,-82.54588,ON SCREEN PLACEMENT ON GEOREFERENCED MAP,ACMEMAPPER,FALSE,FALSE,https://edocs.deq.nc.gov/WasteManagement/Search.aspx?dbid=0&searchcommand=%7B%5BWM%5D:%5BProgram_ID%5D%20%3D%20%22*NONCD0002211*%22%7D,7/2/2026 12:00:00 AM,-82.54588,35.56816
49501,NONCD0002216,CROWN AUTO DEALERSHIP,3607 W WENDOVER AVE,GREENSBORO,GUILFORD,36.059406,-79.86821,ON SCREEN PLACEMENT ON GEOREFERENCED MAP,,FALSE,TRUE,https://edocs.deq.nc.gov/WasteManagement/Search.aspx?dbid=0&searchcommand=%7B%5BWM%5D:%5BProgram_ID%5D%20%3D%20%22*NONCD0002212*%22%7D,7/2/2026 12:00:00 AM,-79.86821,36.059406
49502,NONCD0002218,NORTH LIBERTY STREET PROPERTY @ SAMS CUR,4215 N LIBERTY ST,WINSTON-SALEM,FORSYTH,36.147602,-80.225262,ON SCREEN PLACEMENT ON GEOREFERENCED MAP,ESRI AGOL BASE MAP,FALSE,FALSE,https://edocs.deq.nc.gov/WasteManagement/Search.aspx?dbid=0&searchcommand=%7B%5BWM%5D:%5BProgram_ID%5D%20%3D%20%22*NONCD0002216*%22%7D,7/2/2026 12:00:00 AM,-80.225262,36.1476020000001
49503,NONCD0002219,NORTHERN TELECOM-CEM.TANK SOLV,4600 EMPEROR BLVD.,MORRISVILLE,DURHAM,35.875937,-78.838949,GEOCODE (ADDRESS MATCH),ESRI AGOL BASE MAP,FALSE,FALSE,https://edocs.deq.nc.gov/WasteManagement/Search.aspx?dbid=0&searchcommand=%7B%5BWM%5D:%5BProgram_ID%5D%20%3D%20%22*NONCD0002218*%22%7D,7/2/2026 12:00:00 AM,-78.838949,35.8759370000001
49504,NONCD0002223,STANLY STATION SHOPPING CENTER,636 NC HWY 27 E,ALBERMARLE,STANLY,35.34252,-80.17237,ON SCREEN PLACEMENT ON GEOREFERENCED MAP,ACMEMAPPER,FALSE,FALSE,https://edocs.deq.nc.gov/WasteManagement/Search.aspx?dbid=0&searchcommand=%7B%5BWM%5D:%5BProgram_ID%5D%20%3D%20%22*NONCD0002219*%22%7D,7/2/2026 12:00:00 AM,-80.1723699999999,35.34252
49505,NONCD0002226,O W SLANE GLASS WELL,606 MECHAM ROAD,STATESVILLE,IREDELL,35.79257,-80.92035,ON SCREEN PLACEMENT ON GEOREFERENCED MAP,ACMEMAPPER,FALSE,FALSE,https://edocs.deq.nc.gov/WasteManagement/Search.aspx?dbid=0&searchcommand=%7B%5BWM%5D:%5BProgram_ID%5D%20%3D%20%22*NONCD0002223*%22%7D,7/2/2026 12:00:00 AM,-80.92035,35.7925700000001
49506,NONCD0002228,OAK ISLAND POLICE DEPT.,4621 E. OAK ISLAND DRIVE,OAK ISLAND,BRUNSWICK,33.9127,-78.1166,ON SCREEN PLACEMENT ON GEOREFERENCED MAP,ACMEMAPPER,FALSE,FALSE,https://edocs.deq.nc.gov/WasteManagement/Search.aspx?dbid=0&searchcommand=%7B%5BWM%5D:%5BProgram_ID%5D%20%3D%20%22*NONCD0002226*%22%7D,7/2/2026 12:00:00 AM,-78.1165999999999,33.9127
49507,NONCD0002229,OGBURN DRY CLEANERS (FORMER)/ONE HOUR,4318 OLD WALKERTOWN ROAD,WINSTON-SALEM,FORSYTH,36.150137,-80.222871,ON SCREEN PLACEMENT ON GEOREFERENCED MAP,ESRI AGOL BASE MAP,FALSE,FALSE,https://edocs.deq.nc.gov/WasteManagement/Search.aspx?dbid=0&searchcommand=%7B%5BWM%5D:%5BProgram_ID%5D%20%3D%20%22*NONCD0002228*%22%7D,7/2/2026 12:00:00 AM,-80.2228709999999,36.150137
49508,NONCD0002231,OHENRY CLEANERS,3210 SUMMIT AVENUE,GREENSBORO,GUILFORD,36.117498,-79.763221,GEOCODE (ADDRESS MATCH),UNKNOWN,FALSE,FALSE,https://edocs.deq.nc.gov/WasteManagement/Search.aspx?dbid=0&searchcommand=%7B%5BWM%5D:%5BProgram_ID%5D%20%3D%20%22*NONCD0002229*%22%7D,7/2/2026 12:00:00 AM,-79.763221,36.1174980000001
49509,NONCD0002232,OLD COLONIAL MARBLE,9943 PACKARD ST,PINEVILLE,MECKLENBURG,35.103888,-80.885,ON SCREEN PLACEMENT ON GEOREFERENCED MAP,ACMEMAPPER,FALSE,FALSE,https://edocs.deq.nc.gov/WasteManagement/Search.aspx?dbid=0&searchcommand=%7B%5BWM%5D:%5BProgram_ID%5D%20%3D%20%22*NONCD0002231*%22%7D,7/2/2026 12:00:00 AM,-80.8849999999999,35.103888
49510,NONCD0002234,OLD SEALTEST DAIRY SOLVENTS,2115 HWY 70 SE,HICKORY,CATAWBA,35.70466,-81.30008,ON SCREEN PLACEMENT ON GEOREFERENCED MAP,ACMEMAPPER,FALSE,FALSE,https://edocs.deq.nc.gov/WasteManagement/Search.aspx?dbid=0&searchcommand=%7B%5BWM%5D:%5BProgram_ID%5D%20%3D%20%22*NONCD0002232*%22%7D,7/2/2026 12:00:00 AM,-81.30008,35.70466
49511,NONCD0002236,OLYMPIC PRODUCTS,4100 PLEASANT GARDEN,GREENSBORO,GUILFORD,36.007385,-79.781715,ON SCREEN PLACEMENT ON GEOREFERENCED MAP,ACMEMAPPER,FALSE,TRUE,https://edocs.deq.nc.gov/WasteManagement/Search.aspx?dbid=0&searchcommand=%7B%5BWM%5D:%5BProgram_ID%5D%20%3D%20%22*NONCD0002234*%22%7D,7/2/2026 12:00:00 AM,-79.781715,36.0073850000001
49512,NONCD0002237,OMC FACILITY (FORMER),160 EXECUTIVE DRIVE,RUTHERFORDTON,RUTHERFORD,35.3625,-81.955,ON SCREEN PLACEMENT ON GEOREFERENCED MAP,ACMEMAPPER,FALSE,FALSE,https://edocs.deq.nc.gov/WasteManagement/Search.aspx?dbid=0&searchcommand=%7B%5BWM%5D:%5BProgram_ID%5D%20%3D%20%22*NONCD0002236*%22%7D,7/2/2026 12:00:00 AM,-81.955,35.3625000000001
49513,NONCD0002238,TERMINIX PEST CONTROL,3495 LEO ST,WINSTON-SALEM,FORSYTH,36.1344,-80.23945,ON SCREEN PLACEMENT ON GEOREFERENCED MAP,ACMEMAPPER,FALSE,TRUE,https://edocs.deq.nc.gov/WasteManagement/Search.aspx?dbid=0&searchcommand=%7B%5BWM%5D:%5BProgram_ID%5D%20%3D%20%22*NONCD0002237*%22%7D,7/2/2026 12:00:00 AM,-80.23945,36.1344
49514,NONCD0002242,"FLAME REFRACTORIES, INC",152 AMERICAN DR,OAKBORO,STANLY,35.21529,-80.31617,ON SCREEN PLACEMENT ON GEOREFERENCED MAP,TERRASERVER,FALSE,FALSE,https://edocs.deq.nc.gov/WasteManagement/Search.aspx?dbid=0&searchcommand=%7B%5BWM%5D:%5BProgram_ID%5D%20%3D%20%22*NONCD0002238*%22%7D,7/2/2026 12:00:00 AM,-80.3161699999999,35.21529
49515,NONCD0002243,ORR ROAD (RESIDENTIAL),ORR ROAD,CHARLOTTE,MECKLENBURG,35.265556,-80.767387,ON SCREEN PLACEMENT ON GEOREFERENCED MAP,ACMEMAPPER,FALSE,FALSE,https://edocs.deq.nc.gov/WasteManagement/Search.aspx?dbid=0&searchcommand=%7B%5BWM%5D:%5BProgram_ID%5D%20%3D%20%22*NONCD0002242*%22%7D,7/2/2026 12:00:00 AM,-80.767387,35.2655560000001
49516,NONCD0002251,PLEASANT GARDEN RD CONTAMINATION,PLEASANT GARDEN RD & LAUREL,PLEASANT GARDEN,GUILFORD,35.964265,-79.762915,ON SCREEN PLACEMENT ON GEOREFERENCED MAP,ACMEMAPPER,FALSE,FALSE,https://edocs.deq.nc.gov/WasteManagement/Search.aspx?dbid=0&searchcommand=%7B%5BWM%5D:%5BProgram_ID%5D%20%3D%20%22*NONCD0002243*%22%7D,7/2/2026 12:00:00 AM,-79.762915,35.9642650000001
49517,NONCD0002253,PAINTER WELL,108 BARNES STREET,BELMONT,GASTON,35.251838,-81.053392,ON SCREEN PLACEMENT ON GEOREFERENCED MAP,ACMEMAPPER,FALSE,FALSE,https://edocs.deq.nc.gov/WasteManagement/Search.aspx?dbid=0&searchcommand=%7B%5BWM%5D:%5BProgram_ID%5D%20%3D%20%22*NONCD0002251*%22%7D,7/2/2026 12:00:00 AM,-81.053392,35.2518380000001
49518,NONCD0002254,PAK-LITE,6508 EAST WASHINGTON ST.,MEBANE,ORANGE,36.084252,-79.230907,ON SCREEN PLACEMENT ON GEOREFERENCED MAP,ACMEMAPPER,FALSE,FALSE,https://edocs.deq.nc.gov/WasteManagement/Search.aspx?dbid=0&searchcommand=%7B%5BWM%5D:%5BProgram_ID%5D%20%3D%20%22*NONCD0002253*%22%7D,7/2/2026 12:00:00 AM,-79.2309069999999,36.084252
49519,NONCD0002256,PALOMINO CLUB,9607 ALBEMARLE ROAD,CHARLOTTE,MECKLENBURG,35.21097,-80.679526,ON SCREEN PLACEMENT ON GEOREFERENCED MAP,ACMEMAPPER,FALSE,FALSE,https://edocs.deq.nc.gov/WasteManagement/Search.aspx?dbid=0&searchcommand=%7B%5BWM%5D:%5BProgram_ID%5D%20%3D%20%22*NONCD0002254*%22%7D,7/2/2026 12:00:00 AM,-80.679526,35.21097
49520,NONCD0002260,PANTRY 824 SOLVENTS,8925 NATIONS FORD ROAD,CHARLOTTE,MECKLENBURG,35.1359,-80.89172,ON SCREEN PLACEMENT ON GEOREFERENCED MAP,ACMEMAPPER,FALSE,FALSE,https://edocs.deq.nc.gov/WasteManagement/Search.aspx?dbid=0&searchcommand=%7B%5BWM%5D:%5BProgram_ID%5D%20%3D%20%22*NONCD0002256*%22%7D,7/2/2026 12:00:00 AM,-80.89172,35.1359
49521,NONCD0002262,PANTRY 421 FORMER,P. O. BOX 1410,CANTON,HAYWOOD,35.532222,-82.864444,ON SCREEN PLACEMENT ON GEOREFERENCED MAP,ACMEMAPPER,FALSE,FALSE,https://edocs.deq.nc.gov/WasteManagement/Search.aspx?dbid=0&searchcommand=%7B%5BWM%5D:%5BProgram_ID%5D%20%3D%20%22*NONCD0002260*%22%7D,7/2/2026 12:00:00 AM,-82.8644439999999,35.532222
49522,NONCD0002263,HAYWOOD RD CONTAMINATION,520 HAYWOOD RD,ASHEVILLE,BUNCOMBE,35.578375,-82.584678,GEOCODE (ADDRESS MATCH),ACMEMAPPER,FALSE,FALSE,https://edocs.deq.nc.gov/WasteManagement/Search.aspx?dbid=0&searchcommand=%7B%5BWM%5D:%5BProgram_ID%5D%20%3D%20%22*NONCD0002262*%22%7D,7/2/2026 12:00:00 AM,-82.5846779999999,35.5783750000001
49523,NONCD0002264,PARK STREET SOLVENT SITE,INTERSECTION OF NC 273 AND WIL,BELMONT,GASTON,35.250548,-81.028704,ON SCREEN PLACEMENT ON GEOREFERENCED MAP,ACMEMAPPER,FALSE,FALSE,https://edocs.deq.nc.gov/WasteManagement/Search.aspx?dbid=0&searchcommand=%7B%5BWM%5D:%5BProgram_ID%5D%20%3D%20%22*NONCD0002263*%22%7D,7/2/2026 12:00:00 AM,-81.0287039999999,35.250548
49524,NONCD0002265,SOUTHERN STATES COOP-WILSON SERVICE,6601 WARD BLVD,WILSON,WILSON,35.70716,-77.90879,ON SCREEN PLACEMENT ON GEOREFERENCED MAP,ACMEMAPPER,FALSE,FALSE,https://edocs.deq.nc.gov/WasteManagement/Search.aspx?dbid=0&searchcommand=%7B%5BWM%5D:%5BProgram_ID%5D%20%3D%20%22*NONCD0002264*%22%7D,7/2/2026 12:00:00 AM,-77.90879,35.70716
49525,NONCD0002267,PARKER HANNIFIN CORPORATION,310 KINGOLD BOULEVARD,SNOW HILL,GREENE,35.45177,-77.6866,ON SCREEN PLACEMENT ON GEOREFERENCED MAP,ACMEMAPPER,TRUE,FALSE,https://edocs.deq.nc.gov/WasteManagement/Search.aspx?dbid=0&searchcommand=%7B%5BWM%5D:%5BProgram_ID%5D%20%3D%20%22*NONCD0002265*%22%7D,7/2/2026 12:00:00 AM,-77.6865999999999,35.4517700000001
49526,NONCD0002268,PARKER HANNIFIN-WILSON,2600 WILCO BLVD.,WILSON,WILSON,35.688899,-77.911059,ON SCREEN PLACEMENT ON GEOREFERENCED MAP,GOOGLE MAPS,TRUE,FALSE,https://edocs.deq.nc.gov/WasteManagement/Search.aspx?dbid=0&searchcommand=%7B%5BWM%5D:%5BProgram_ID%5D%20%3D%20%22*NONCD0002267*%22%7D,7/2/2026 12:00:00 AM,-77.911059,35.688899
49527,NONCD0002270,PARKER NALL WELL,8702-B STATESVILLE RD,CHARLOTTE,MECKLENBURG,35.339906,-80.841077,ON SCREEN PLACEMENT ON GEOREFERENCED MAP,ACMEMAPPER,FALSE,FALSE,https://edocs.deq.nc.gov/WasteManagement/Search.aspx?dbid=0&searchcommand=%7B%5BWM%5D:%5BProgram_ID%5D%20%3D%20%22*NONCD0002268*%22%7D,7/2/2026 12:00:00 AM,-80.841077,35.339906
49528,NONCD0002276,AFFORDABLE AUTO REPAIR,500 W FRANKLIN BLVD,GASTONIA,GASTON,35.26259,-81.19058,ON SCREEN PLACEMENT ON GEOREFERENCED MAP,ACMEMAPPER,FALSE,FALSE,https://edocs.deq.nc.gov/WasteManagement/Search.aspx?dbid=0&searchcommand=%7B%5BWM%5D:%5BProgram_ID%5D%20%3D%20%22*NONCD0002270*%22%7D,7/2/2026 12:00:00 AM,-81.19058,35.26259
49529,NONCD0002277,PAZIUK WAREHOUSE,710 SUNNYVALE DRIVE,WILMINGTON,NEW HANOVER,34.1738,-77.9389,ON SCREEN PLACEMENT ON GEOREFERENCED MAP,ACMEMAPPER,FALSE,FALSE,https://edocs.deq.nc.gov/WasteManagement/Search.aspx?dbid=0&searchcommand=%7B%5BWM%5D:%5BProgram_ID%5D%20%3D%20%22*NONCD0002276*%22%7D,7/2/2026 12:00:00 AM,-77.9389,34.1738
49530,NONCD0002280,"PCS NITROGEN, FMRLY ARCADIAN",2830 HWY 421 NORTH,WILMINGTON,NEW HANOVER,34.27803,-77.95706,ON SCREEN PLACEMENT ON GEOREFERENCED MAP,ACMEMAPPER,FALSE,FALSE,https://edocs.deq.nc.gov/WasteManagement/Search.aspx?dbid=0&searchcommand=%7B%5BWM%5D:%5BProgram_ID%5D%20%3D%20%22*NONCD0002277*%22%7D,7/2/2026 12:00:00 AM,-77.95706,34.2780300000001
49531,NONCD0002284,GOLF COURSE MAINTENANCE BLDG,499 CHARLOTTE ST,ASHEVILLE,BUNCOMBE,35.61387,-82.54657,ON SCREEN PLACEMENT ON GEOREFERENCED MAP,ACMEMAPPER,FALSE,FALSE,https://edocs.deq.nc.gov/WasteManagement/Search.aspx?dbid=0&searchcommand=%7B%5BWM%5D:%5BProgram_ID%5D%20%3D%20%22*NONCD0002280*%22%7D,7/2/2026 12:00:00 AM,-82.54657,35.6138700000001
49532,NONCD0002287,PEOPLES CLEANERS,1930 BEATTIES FORD ROAD,CHARLOTTE,MECKLENBURG,35.26176,-80.8548,ON SCREEN PLACEMENT ON GEOREFERENCED MAP,ACMEMAPPER,FALSE,FALSE,https://edocs.deq.nc.gov/WasteManagement/Search.aspx?dbid=0&searchcommand=%7B%5BWM%5D:%5BProgram_ID%5D%20%3D%20%22*NONCD0002284*%22%7D,7/2/2026 12:00:00 AM,-80.8548,35.26176
49533,NONCD0002289,"DUNN, R.F. PROPERTY",6425 GLENWOOD AVE,RALEIGH,WAKE,35.857636,-78.707594,ON SCREEN PLACEMENT ON GEOREFERENCED MAP,UNKNOWN,FALSE,FALSE,https://edocs.deq.nc.gov/WasteManagement/Search.aspx?dbid=0&searchcommand=%7B%5BWM%5D:%5BProgram_ID%5D%20%3D%20%22*NONCD0002287*%22%7D,7/2/2026 12:00:00 AM,-78.707594,35.8576360000001
49534,NONCD0002290,HILLIARD FOREST,7503 GREEN HOPE SCHOOL RD,CARY,WAKE,35.79934,-78.8966,ON SCREEN PLACEMENT ON GEOREFERENCED MAP,ACMEMAPPER,FALSE,FALSE,https://edocs.deq.nc.gov/WasteManagement/Search.aspx?dbid=0&searchcommand=%7B%5BWM%5D:%5BProgram_ID%5D%20%3D%20%22*NONCD0002289*%22%7D,7/2/2026 12:00:00 AM,-78.8966,35.79934
49535,NONCD0002292,PERDUE FARMS - LIBERTY - SOLVENTS,2607 OLD HIGHWAY 421,STALEY,RANDOLPH,35.81062,-79.55437,GEOCODE (ADDRESS MATCH),ACMEMAPPER,FALSE,FALSE,https://edocs.deq.nc.gov/WasteManagement/Search.aspx?dbid=0&searchcommand=%7B%5BWM%5D:%5BProgram_ID%5D%20%3D%20%22*NONCD0002290*%22%7D,7/2/2026 12:00:00 AM,-79.5543699999999,35.81062
49536,NONCD0002293,PERFECTING SERVICE DIVISION,332 ATANDO AVENUE,CHARLOTTE,MECKLENBURG,35.25581,-80.81283,ON SCREEN PLACEMENT ON GEOREFERENCED MAP,ACMEMAPPER,FALSE,FALSE,https://edocs.deq.nc.gov/WasteManagement/Search.aspx?dbid=0&searchcommand=%7B%5BWM%5D:%5BProgram_ID%5D%20%3D%20%22*NONCD0002292*%22%7D,7/2/2026 12:00:00 AM,-80.81283,35.2558100000001
49537,NONCD0002294,PERIGON,107 INDUSTRIAL DRIVE,MATTHEWS,MECKLENBURG,35.126037,-80.729106,ON SCREEN PLACEMENT ON GEOREFERENCED MAP,ACMEMAPPER,FALSE,FALSE,https://edocs.deq.nc.gov/WasteManagement/Search.aspx?dbid=0&searchcommand=%7B%5BWM%5D:%5BProgram_ID%5D%20%3D%20%22*NONCD0002293*%22%7D,7/2/2026 12:00:00 AM,-80.7291059999999,35.1260370000001
49538,NONCD0002295,SAINT FRANCES DRIVE CONTAMINATION,5916 SAINT FRANCES DRIVE,CHARLOTTE,MECKLENBURG,35.33288,-80.84054,ON SCREEN PLACEMENT ON GEOREFERENCED MAP,ACMEMAPPER,FALSE,FALSE,https://edocs.deq.nc.gov/WasteManagement/Search.aspx?dbid=0&searchcommand=%7B%5BWM%5D:%5BProgram_ID%5D%20%3D%20%22*NONCD0002294*%22%7D,7/2/2026 12:00:00 AM,-80.84054,35.33288
49539,NONCD0002296,PETROLEUM TANK SERVICE #2,7335 ORR ROAD,CHARLOTTE,MECKLENBURG,35.267439,-80.743386,ON SCREEN PLACEMENT ON GEOREFERENCED MAP,ACMEMAPPER,FALSE,FALSE,https://edocs.deq.nc.gov/WasteManagement/Search.aspx?dbid=0&searchcommand=%7B%5BWM%5D:%5BProgram_ID%5D%20%3D%20%22*NONCD0002295*%22%7D,7/2/2026 12:00:00 AM,-80.743386,35.267439
49540,NONCD0002298,PHARR YARNS - STERLING,217 STERLING ST,BELMONT,GASTON,35.247206,-81.026365,ON SCREEN PLACEMENT ON GEOREFERENCED MAP,ACMEMAPPER,FALSE,FALSE,https://edocs.deq.nc.gov/WasteManagement/Search.aspx?dbid=0&searchcommand=%7B%5BWM%5D:%5BProgram_ID%5D%20%3D%20%22*NONCD0002296*%22%7D,7/2/2026 12:00:00 AM,-81.0263649999999,35.2472060000001
49541,NONCD0002299,PHARR YARNS SLUDGE LANDFILL,NEAR INTERSECTION HWY 7 & SR22,MCADENVILLE,GASTON,35.29362,-81.10133,ON SCREEN PLACEMENT ON GEOREFERENCED MAP,ACMEMAPPER,TRUE,FALSE,https://edocs.deq.nc.gov/WasteManagement/Search.aspx?dbid=0&searchcommand=%7B%5BWM%5D:%5BProgram_ID%5D%20%3D%20%22*NONCD0002298*%22%7D,7/2/2026 12:00:00 AM,-81.10133,35.29362
49542,NONCD0002300,MARGARET WALLACE ROAD SITE,3534 MARGARET WALLACE RD,MATTHEWS,MECKLENBURG,35.1613,-80.71651,ON SCREEN PLACEMENT ON GEOREFERENCED MAP,ACMEMAPPER,FALSE,FALSE,https://edocs.deq.nc.gov/WasteManagement/Search.aspx?dbid=0&searchcommand=%7B%5BWM%5D:%5BProgram_ID%5D%20%3D%20%22*NONCD0002299*%22%7D,7/2/2026 12:00:00 AM,-80.71651,35.1613
49543,NONCD0002301,PIEDMONT CIRCUITS,TELECOMM DR.,CREEDMOOR,GRANVILLE,36.13678,-78.73298,ON SCREEN PLACEMENT ON GEOREFERENCED MAP,ACMEMAPPER,FALSE,FALSE,https://edocs.deq.nc.gov/WasteManagement/Search.aspx?dbid=0&searchcommand=%7B%5BWM%5D:%5BProgram_ID%5D%20%3D%20%22*NONCD0002300*%22%7D,7/2/2026 12:00:00 AM,-78.7329799999999,36.13678
49544,NONCD0002303,PIEDMONT METALS,OLD HWY 29,LEXINGTON,DAVIDSON,35.80355,-80.28443,ON SCREEN PLACEMENT ON GEOREFERENCED MAP,ACMEMAPPER,FALSE,FALSE,https://edocs.deq.nc.gov/WasteManagement/Search.aspx?dbid=0&searchcommand=%7B%5BWM%5D:%5BProgram_ID%5D%20%3D%20%22*NONCD0002301*%22%7D,7/2/2026 12:00:00 AM,-80.28443,35.80355
49545,NONCD0002304,CONOVER CHAIR COMPANY,210 FOURTH ST,CONOVER,CATAWBA,35.912978,-77.802278,GEOCODE (ADDRESS MATCH),ESRI AGOL BASE MAP,FALSE,TRUE,https://edocs.deq.nc.gov/WasteManagement/Search.aspx?dbid=0&searchcommand=%7B%5BWM%5D:%5BProgram_ID%5D%20%3D%20%22*NONCD0002303*%22%7D,7/2/2026 12:00:00 AM,-77.8022779999999,35.9129780000001
49546,NONCD0002306,"PIKE ELECTRIC, INC.",418 SMITH STREET,MT. AIRY,SURRY,36.50566,-80.60257,ON SCREEN PLACEMENT ON GEOREFERENCED MAP,ACMEMAPPER,FALSE,FALSE,https://edocs.deq.nc.gov/WasteManagement/Search.aspx?dbid=0&searchcommand=%7B%5BWM%5D:%5BProgram_ID%5D%20%3D%20%22*NONCD0002304*%22%7D,7/2/2026 12:00:00 AM,-80.60257,36.50566
49547,NONCD0002307,"PILCH, INC (FORMERLY PEARTREE RD)",PILCH RD,TROUTMAN,IREDELL,35.70129,-80.84354,ON SCREEN PLACEMENT ON GEOREFERENCED MAP,ACMEMAPPER,FALSE,FALSE,https://edocs.deq.nc.gov/WasteManagement/Search.aspx?dbid=0&searchcommand=%7B%5BWM%5D:%5BProgram_ID%5D%20%3D%20%22*NONCD0002306*%22%7D,7/2/2026 12:00:00 AM,-80.84354,35.70129
49548,NONCD0002308,PILKINGTON-LIBBY OWEN FORD,US HIGHWAY 74 EAST,LAURINBURG,SCOTLAND,34.749606,-79.392153,ON SCREEN PLACEMENT ON GEOREFERENCED MAP,ACMEMAPPER,FALSE,FALSE,https://edocs.deq.nc.gov/WasteManagement/Search.aspx?dbid=0&searchcommand=%7B%5BWM%5D:%5BProgram_ID%5D%20%3D%20%22*NONCD0002307*%22%7D,7/2/2026 12:00:00 AM,-79.392153,34.749606
49549,NONCD0002310,PINE ISLAND DRIVE,10135 LITTLE FIELD RD,CHARLOTTE,MECKLENBURG,35.294901,-80.973546,ON SCREEN PLACEMENT ON GEOREFERENCED MAP,ACMEMAPPER,FALSE,FALSE,https://edocs.deq.nc.gov/WasteManagement/Search.aspx?dbid=0&searchcommand=%7B%5BWM%5D:%5BProgram_ID%5D%20%3D%20%22*NONCD0002308*%22%7D,7/2/2026 12:00:00 AM,-80.9735459999999,35.294901
49550,NONCD0002311,PINE STATE KNITWEAR - C,630 INDEPENDENCE BL,MOUNT AIRY,SURRY,36.502655,-80.619809,ON SCREEN PLACEMENT ON GEOREFERENCED MAP,ACMEMAPPER,FALSE,FALSE,https://edocs.deq.nc.gov/WasteManagement/Search.aspx?dbid=0&searchcommand=%7B%5BWM%5D:%5BProgram_ID%5D%20%3D%20%22*NONCD0002310*%22%7D,7/2/2026 12:00:00 AM,-80.619809,36.5026550000001
49551,NONCD0002314,JOHNSON PROPERTY,114 STAGE COACH TRAIL,GREENSBORO,GUILFORD,36.07819,-79.912138,ON SCREEN PLACEMENT ON GEOREFERENCED MAP,,FALSE,FALSE,https://edocs.deq.nc.gov/WasteManagement/Search.aspx?dbid=0&searchcommand=%7B%5BWM%5D:%5BProgram_ID%5D%20%3D%20%22*NONCD0002311*%22%7D,7/2/2026 12:00:00 AM,-79.912138,36.0781900000001
49552,NONCD0002319,"POLYLOK, INC./WELLINGTON SEARS",3006 ANACONDA RD.,TARBORO,EDGECOMBE,35.91299,-77.58984,ON SCREEN PLACEMENT ON GEOREFERENCED MAP,ACMEMAPPER,FALSE,FALSE,https://edocs.deq.nc.gov/WasteManagement/Search.aspx?dbid=0&searchcommand=%7B%5BWM%5D:%5BProgram_ID%5D%20%3D%20%22*NONCD0002314*%22%7D,7/2/2026 12:00:00 AM,-77.58984,35.91299
49553,NONCD0002321,PONDVIEW LANE,PONDVIEW LANE,DURHAM,DURHAM,36.1168,-78.9051,ON SCREEN PLACEMENT ON GEOREFERENCED MAP,ACMEMAPPER,FALSE,FALSE,https://edocs.deq.nc.gov/WasteManagement/Search.aspx?dbid=0&searchcommand=%7B%5BWM%5D:%5BProgram_ID%5D%20%3D%20%22*NONCD0002319*%22%7D,7/2/2026 12:00:00 AM,-78.9050999999999,36.1168000000001
49554,NONCD0002323,POST ROAD SITE,612 N. POST RD,SHELBY,CLEVELAND,35.29557,-81.48704,ON SCREEN PLACEMENT ON GEOREFERENCED MAP,ACMEMAPPER,FALSE,FALSE,https://edocs.deq.nc.gov/WasteManagement/Search.aspx?dbid=0&searchcommand=%7B%5BWM%5D:%5BProgram_ID%5D%20%3D%20%22*NONCD0002321*%22%7D,7/2/2026 12:00:00 AM,-81.48704,35.2955700000001
49555,NONCD0002324,NCDOT PROPERTY-PARCEL 7B,510 W 4TH ST,CHARLOTTE,MECKLENBURG,35.23015,-80.84835,ON SCREEN PLACEMENT ON GEOREFERENCED MAP,ACMEMAPPER,FALSE,FALSE,https://edocs.deq.nc.gov/WasteManagement/Search.aspx?dbid=0&searchcommand=%7B%5BWM%5D:%5BProgram_ID%5D%20%3D%20%22*NONCD0002323*%22%7D,7/2/2026 12:00:00 AM,-80.84835,35.23015
49556,NONCD0002325,SUNSET DRIVE SOLVENTS,SUNSET DR,MINT HILL,MECKLENBURG,35.180704,-80.649678,ON SCREEN PLACEMENT ON GEOREFERENCED MAP,ESRI AGOL BASE MAP,FALSE,FALSE,https://edocs.deq.nc.gov/WasteManagement/Search.aspx?dbid=0&searchcommand=%7B%5BWM%5D:%5BProgram_ID%5D%20%3D%20%22*NONCD0002324*%22%7D,7/2/2026 12:00:00 AM,-80.6496779999999,35.180704
49557,NONCD0002326,"POWELL AND STOKES, INC",225 US 13N,WINDSOR,BERTIE,36.01939,-76.95635,ON SCREEN PLACEMENT ON GEOREFERENCED MAP,ACMEMAPPER,FALSE,FALSE,https://edocs.deq.nc.gov/WasteManagement/Search.aspx?dbid=0&searchcommand=%7B%5BWM%5D:%5BProgram_ID%5D%20%3D%20%22*NONCD0002325*%22%7D,7/2/2026 12:00:00 AM,-76.95635,36.01939
49558,NONCD0002327,POWELL LUMBER COMPANY,CROMPTON STREET,CHARLOTTE,MECKLENBURG,35.11622,-80.913965,ON SCREEN PLACEMENT ON GEOREFERENCED MAP,ACMEMAPPER,FALSE,FALSE,https://edocs.deq.nc.gov/WasteManagement/Search.aspx?dbid=0&searchcommand=%7B%5BWM%5D:%5BProgram_ID%5D%20%3D%20%22*NONCD0002326*%22%7D,7/2/2026 12:00:00 AM,-80.913965,35.1162200000001
49559,NONCD0002329,PRICES PHILLIPS 66,1601 ROOSEVELT AVE,MONROE,UNION,34.99678,-80.54617,ON SCREEN PLACEMENT ON GEOREFERENCED MAP,UNKNOWN,FALSE,FALSE,https://edocs.deq.nc.gov/WasteManagement/Search.aspx?dbid=0&searchcommand=%7B%5BWM%5D:%5BProgram_ID%5D%20%3D%20%22*NONCD0002327*%22%7D,7/2/2026 12:00:00 AM,-80.54617,34.9967800000001
49560,NONCD0002330,"PRIDDY PROPERTY, WINIFRED",4707 HIGHWAY 8 N.,LAWSONVILLE,STOKES,36.488419,-80.2324,ON SCREEN PLACEMENT ON GEOREFERENCED MAP,ACMEMAPPER,FALSE,FALSE,https://edocs.deq.nc.gov/WasteManagement/Search.aspx?dbid=0&searchcommand=%7B%5BWM%5D:%5BProgram_ID%5D%20%3D%20%22*NONCD0002329*%22%7D,7/2/2026 12:00:00 AM,-80.2324,36.4884190000001
49561,NONCD0002331,PRIME EQUIPMENT COMPANY,1901 SOUTH TRYON STREET,CHARLOTTE,MECKLENBURG,35.213055,-80.863888,ON SCREEN PLACEMENT ON GEOREFERENCED MAP,ACMEMAPPER,FALSE,FALSE,https://edocs.deq.nc.gov/WasteManagement/Search.aspx?dbid=0&searchcommand=%7B%5BWM%5D:%5BProgram_ID%5D%20%3D%20%22*NONCD0002330*%22%7D,7/2/2026 12:00:00 AM,-80.863888,35.2130550000001
49562,NONCD0002332,PROCTOR & GAMBLE - WEIGH SCALES,6200 BRYAN PARK ROAD,BROWNS SUMMIT,GUILFORD,36.17555,-79.72083,ON SCREEN PLACEMENT ON GEOREFERENCED MAP,ACMEMAPPER,FALSE,FALSE,https://edocs.deq.nc.gov/WasteManagement/Search.aspx?dbid=0&searchcommand=%7B%5BWM%5D:%5BProgram_ID%5D%20%3D%20%22*NONCD0002331*%22%7D,7/2/2026 12:00:00 AM,-79.72083,36.17555
49563,NONCD0002333,PRODUCER SERVICE & SUPPLY,4084 NC HWY 186,SEABOARD,NORTHAMPTON,36.496944,-77.429166,ON SCREEN PLACEMENT ON GEOREFERENCED MAP,ACMEMAPPER,FALSE,FALSE,https://edocs.deq.nc.gov/WasteManagement/Search.aspx?dbid=0&searchcommand=%7B%5BWM%5D:%5BProgram_ID%5D%20%3D%20%22*NONCD0002332*%22%7D,7/2/2026 12:00:00 AM,-77.429166,36.496944
49564,NONCD0002337,"PSNC ENERGY MOORESVILLE, FORMER",1116 & 1122 NORTH MAIN STREET,MOORESVILLE,IREDELL,35.59103,-80.79161,ON SCREEN PLACEMENT ON GEOREFERENCED MAP,ACMEMAPPER,FALSE,FALSE,https://edocs.deq.nc.gov/WasteManagement/Search.aspx?dbid=0&searchcommand=%7B%5BWM%5D:%5BProgram_ID%5D%20%3D%20%22*NONCD0002333*%22%7D,7/2/2026 12:00:00 AM,-80.7916099999999,35.59103
49565,NONCD0002338,PSNC OPERATIONS AND GARAGE,3001 HARVARD AVENUE,DURHAM,DURHAM,35.98856,-78.86124,ON SCREEN PLACEMENT ON GEOREFERENCED MAP,ACMEMAPPER,FALSE,FALSE,https://edocs.deq.nc.gov/WasteManagement/Search.aspx?dbid=0&searchcommand=%7B%5BWM%5D:%5BProgram_ID%5D%20%3D%20%22*NONCD0002337*%22%7D,7/2/2026 12:00:00 AM,-78.86124,35.9885600000001
49566,NONCD0002339,CARDINAL CHEMICAL,4715 GRAFTON RD,GREENSBORO,GUILFORD,36.145905,-79.734425,ON SCREEN PLACEMENT ON GEOREFERENCED MAP,ACMEMAPPER,FALSE,FALSE,https://edocs.deq.nc.gov/WasteManagement/Search.aspx?dbid=0&searchcommand=%7B%5BWM%5D:%5BProgram_ID%5D%20%3D%20%22*NONCD0002338*%22%7D,7/2/2026 12:00:00 AM,-79.734425,36.145905
49567,NONCD0002341,PUBLIC SERVICE CO. - MARIETTA - SOLVENTS,900 NORTH MARIETTA STREET,GASTONIA,GASTON,35.27626,-81.18184,ON SCREEN PLACEMENT ON GEOREFERENCED MAP,ACMEMAPPER,FALSE,FALSE,https://edocs.deq.nc.gov/WasteManagement/Search.aspx?dbid=0&searchcommand=%7B%5BWM%5D:%5BProgram_ID%5D%20%3D%20%22*NONCD0002339*%22%7D,7/2/2026 12:00:00 AM,-81.18184,35.27626
49568,NONCD0002342,PUBLIC SERVICE COMPANY OF NORTH CAROLINA,433 DRAKE STREET,STATESVILLE,IREDELL,35.77705,-80.89968,ON SCREEN PLACEMENT ON GEOREFERENCED MAP,ACMEMAPPER,FALSE,FALSE,https://edocs.deq.nc.gov/WasteManagement/Search.aspx?dbid=0&searchcommand=%7B%5BWM%5D:%5BProgram_ID%5D%20%3D%20%22*NONCD0002341*%22%7D,7/2/2026 12:00:00 AM,-80.89968,35.77705
49569,NONCD0002344,PUGHS CAR CARE CENTER,2209 SOUTH CROATAN HIGHWAY,NAGS HEAD,DARE,35.99109,-75.64675,ON SCREEN PLACEMENT ON GEOREFERENCED MAP,ACMEMAPPER,FALSE,FALSE,https://edocs.deq.nc.gov/WasteManagement/Search.aspx?dbid=0&searchcommand=%7B%5BWM%5D:%5BProgram_ID%5D%20%3D%20%22*NONCD0002342*%22%7D,7/2/2026 12:00:00 AM,-75.6467499999999,35.99109
49570,NONCD0002345,"PUROLATOR PRODUCTS, INC.",3200 NATAL STREET,FAYETTEVILLE,CUMBERLAND,35.013,-78.92069,ON SCREEN PLACEMENT ON GEOREFERENCED MAP,ACMEMAPPER,FALSE,TRUE,https://edocs.deq.nc.gov/WasteManagement/Search.aspx?dbid=0&searchcommand=%7B%5BWM%5D:%5BProgram_ID%5D%20%3D%20%22*NONCD0002344*%22%7D,7/2/2026 12:00:00 AM,-78.92069,35.013
49571,NONCD0002346,"UNIFI, INC",2920 VANCE ST,REIDSVILLE,ROCKINGHAM,36.35234,-79.6974,ON SCREEN PLACEMENT ON GEOREFERENCED MAP,ACMEMAPPER,FALSE,FALSE,https://edocs.deq.nc.gov/WasteManagement/Search.aspx?dbid=0&searchcommand=%7B%5BWM%5D:%5BProgram_ID%5D%20%3D%20%22*NONCD0002345*%22%7D,7/2/2026 12:00:00 AM,-79.6974,36.35234
49572,NONCD0002348,QUALEX,2519 DISTRIBUTION STREET,CHARLOTTE,MECKLENBURG,35.20521,-80.86732,ON SCREEN PLACEMENT ON GEOREFERENCED MAP,ACMEMAPPER,FALSE,FALSE,https://edocs.deq.nc.gov/WasteManagement/Search.aspx?dbid=0&searchcommand=%7B%5BWM%5D:%5BProgram_ID%5D%20%3D%20%22*NONCD0002346*%22%7D,7/2/2026 12:00:00 AM,-80.8673199999999,35.2052100000001
49573,NONCD0002349,QUALIFIED METAL - OLD WINSTON,950 OLD WINSTON RD.,WINSTON-SALEM,FORSYTH,36.11191,-80.10035,ON SCREEN PLACEMENT ON GEOREFERENCED MAP,ESRI AGOL BASE MAP,FALSE,FALSE,https://edocs.deq.nc.gov/WasteManagement/Search.aspx?dbid=0&searchcommand=%7B%5BWM%5D:%5BProgram_ID%5D%20%3D%20%22*NONCD0002348*%22%7D,7/2/2026 12:00:00 AM,-80.1003499999999,36.1119100000001
49574,NONCD0002350,QUALITY FOREST PRODUCTS,HWY 301,ENFIELD,HALIFAX,36.15465,-77.693,ON SCREEN PLACEMENT ON GEOREFERENCED MAP,ACMEMAPPER,FALSE,TRUE,https://edocs.deq.nc.gov/WasteManagement/Search.aspx?dbid=0&searchcommand=%7B%5BWM%5D:%5BProgram_ID%5D%20%3D%20%22*NONCD0002349*%22%7D,7/2/2026 12:00:00 AM,-77.693,36.1546500000001
49575,NONCD0002351,QUALITY METALS INC.,1111 OATES ROAD,GASTONIA,GASTON,35.268696,-81.249728,ON SCREEN PLACEMENT ON GEOREFERENCED MAP,ACMEMAPPER,FALSE,FALSE,https://edocs.deq.nc.gov/WasteManagement/Search.aspx?dbid=0&searchcommand=%7B%5BWM%5D:%5BProgram_ID%5D%20%3D%20%22*NONCD0002350*%22%7D,7/2/2026 12:00:00 AM,-81.2497279999999,35.268696
49576,NONCD0002354,R. J. REYNOLDS - QUALITY BLDG.,100 S. CHESTNUT ST.,WINSTON-SALEM,FORSYTH,36.09523,-80.24287,ON SCREEN PLACEMENT ON GEOREFERENCED MAP,ESRI AGOL BASE MAP,FALSE,FALSE,https://edocs.deq.nc.gov/WasteManagement/Search.aspx?dbid=0&searchcommand=%7B%5BWM%5D:%5BProgram_ID%5D%20%3D%20%22*NONCD0002351*%22%7D,7/2/2026 12:00:00 AM,-80.24287,36.0952300000001
49577,NONCD0002355,"R. W. MCCOLLUM CO., INC. - B",107 W. MEADOWVIEW RD.,GREENSBORO,GUILFORD,36.03806,-79.79311,ON SCREEN PLACEMENT ON GEOREFERENCED MAP,ESRI AGOL BASE MAP,FALSE,FALSE,https://edocs.deq.nc.gov/WasteManagement/Search.aspx?dbid=0&searchcommand=%7B%5BWM%5D:%5BProgram_ID%5D%20%3D%20%22*NONCD0002354*%22%7D,7/2/2026 12:00:00 AM,-79.79311,36.03806
49578,NONCD0002356,R.H. BOULIGNY #2,2320 NORTH DAVIDSON STREET,CHARLOTTE,MECKLENBURG,35.240341,-80.813384,ON SCREEN PLACEMENT ON GEOREFERENCED MAP,ACMEMAPPER,FALSE,FALSE,https://edocs.deq.nc.gov/WasteManagement/Search.aspx?dbid=0&searchcommand=%7B%5BWM%5D:%5BProgram_ID%5D%20%3D%20%22*NONCD0002355*%22%7D,7/2/2026 12:00:00 AM,-80.813384,35.2403410000001
49579,NONCD0002357,WALKER AVE CURB MARKET (FRMR),437-441 SPRING GARDEN ST,GREENSBORO,GUILFORD,36.0678,-79.79649,ON SCREEN PLACEMENT ON GEOREFERENCED MAP,ACMEMAPPER,FALSE,FALSE,https://edocs.deq.nc.gov/WasteManagement/Search.aspx?dbid=0&searchcommand=%7B%5BWM%5D:%5BProgram_ID%5D%20%3D%20%22*NONCD0002356*%22%7D,7/2/2026 12:00:00 AM,-79.7964899999999,36.0678
49580,NONCD0002358,OLD SALISBURY ROAD WELLS,OLD SALISBURY RD,ALBEMARLE,STANLY,35.378896,-80.2163,ON SCREEN PLACEMENT ON GEOREFERENCED MAP,ACMEMAPPER,FALSE,FALSE,https://edocs.deq.nc.gov/WasteManagement/Search.aspx?dbid=0&searchcommand=%7B%5BWM%5D:%5BProgram_ID%5D%20%3D%20%22*NONCD0002357*%22%7D,7/2/2026 12:00:00 AM,-80.2163,35.3788960000001
49581,NONCD0002359,RACHEL STREET PCE SITE,102 RACHEL ST,MT. HOLLY,GASTON,35.31613,-81.04803,ON SCREEN PLACEMENT ON GEOREFERENCED MAP,ACMEMAPPER,FALSE,FALSE,https://edocs.deq.nc.gov/WasteManagement/Search.aspx?dbid=0&searchcommand=%7B%5BWM%5D:%5BProgram_ID%5D%20%3D%20%22*NONCD0002358*%22%7D,7/2/2026 12:00:00 AM,-81.04803,35.31613
49582,NONCD0002361,RADIOSHACK PROPERTY,111 OLD BEE TREE ROAD,SWANNANOA,BUNCOMBE,35.61901,-82.43441,ON SCREEN PLACEMENT ON GEOREFERENCED MAP,ACMEMAPPER,FALSE,FALSE,https://edocs.deq.nc.gov/WasteManagement/Search.aspx?dbid=0&searchcommand=%7B%5BWM%5D:%5BProgram_ID%5D%20%3D%20%22*NONCD0002359*%22%7D,7/2/2026 12:00:00 AM,-82.43441,35.6190100000001
49583,NONCD0002363,BOYD'S CLEANERS,295 MASON DREWERY RD,MANSON,WARREN,36.4286,-78.29399,ON SCREEN PLACEMENT ON GEOREFERENCED MAP,ACMEMAPPER,FALSE,FALSE,https://edocs.deq.nc.gov/WasteManagement/Search.aspx?dbid=0&searchcommand=%7B%5BWM%5D:%5BProgram_ID%5D%20%3D%20%22*NONCD0002361*%22%7D,7/2/2026 12:00:00 AM,-78.29399,36.4286000000001
49584,NONCD0002365,RALEIGH WELDING WORKS (FORMER),414 SOUTH EAST STREET,RALEIGH,WAKE,35.7749,-78.6326,ON SCREEN PLACEMENT ON GEOREFERENCED MAP,ACMEMAPPER,FALSE,FALSE,https://edocs.deq.nc.gov/WasteManagement/Search.aspx?dbid=0&searchcommand=%7B%5BWM%5D:%5BProgram_ID%5D%20%3D%20%22*NONCD0002363*%22%7D,7/2/2026 12:00:00 AM,-78.6326,35.7749000000001
49585,NONCD0002367,BETSY JOHNSON REGIONAL HOSPITAL,800 TILGHMAN DR,DUNN,HARNETT,35.30654,-78.63462,ON SCREEN PLACEMENT ON GEOREFERENCED MAP,ACMEMAPPER,FALSE,FALSE,https://edocs.deq.nc.gov/WasteManagement/Search.aspx?dbid=0&searchcommand=%7B%5BWM%5D:%5BProgram_ID%5D%20%3D%20%22*NONCD0002365*%22%7D,7/2/2026 12:00:00 AM,-78.63462,35.30654
49586,NONCD0002368,EASTERN CAR CARE (FRMR),703 E MAIN ST,MURFREESBORO,HERTFORD,36.4429,-77.09283,ON SCREEN PLACEMENT ON GEOREFERENCED MAP,ACMEMAPPER,FALSE,FALSE,https://edocs.deq.nc.gov/WasteManagement/Search.aspx?dbid=0&searchcommand=%7B%5BWM%5D:%5BProgram_ID%5D%20%3D%20%22*NONCD0002367*%22%7D,7/2/2026 12:00:00 AM,-77.0928299999999,36.4429000000001
49587,NONCD0002369,RAMSEY PRODUCTS,3701 PERFORMANCE ROAD,CHARLOTTE,MECKLENBURG,35.2574,-80.987369,ON SCREEN PLACEMENT ON GEOREFERENCED MAP,ACMEMAPPER,FALSE,FALSE,https://edocs.deq.nc.gov/WasteManagement/Search.aspx?dbid=0&searchcommand=%7B%5BWM%5D:%5BProgram_ID%5D%20%3D%20%22*NONCD0002368*%22%7D,7/2/2026 12:00:00 AM,-80.9873689999999,35.2574000000001
49588,NONCD0002372,RANDOLPH SCH. - BUS GARAGE-B,2234-AENTERPRISE ST.,ASHEBORO,RANDOLPH,35.675757,-79.825407,ON SCREEN PLACEMENT ON GEOREFERENCED MAP,ACMEMAPPER,FALSE,FALSE,https://edocs.deq.nc.gov/WasteManagement/Search.aspx?dbid=0&searchcommand=%7B%5BWM%5D:%5BProgram_ID%5D%20%3D%20%22*NONCD0002369*%22%7D,7/2/2026 12:00:00 AM,-79.825407,35.675757
49589,NONCD0002373,RANGER TRANSPORT WELL,6624 LAKEVIEW RD,CHARLOTTE,MECKLENBURG,35.33879,-80.828767,ON SCREEN PLACEMENT ON GEOREFERENCED MAP,ACMEMAPPER,FALSE,FALSE,https://edocs.deq.nc.gov/WasteManagement/Search.aspx?dbid=0&searchcommand=%7B%5BWM%5D:%5BProgram_ID%5D%20%3D%20%22*NONCD0002372*%22%7D,7/2/2026 12:00:00 AM,-80.828767,35.3387900000001
49590,NONCD0002374,RAY PAVING (FORMER)/98 FOOD MART,995 DURHAM RD,WAKE FOREST,WAKE,35.976,-78.547,ON SCREEN PLACEMENT ON GEOREFERENCED MAP,ACMEMAPPER,FALSE,FALSE,https://edocs.deq.nc.gov/WasteManagement/Search.aspx?dbid=0&searchcommand=%7B%5BWM%5D:%5BProgram_ID%5D%20%3D%20%22*NONCD0002373*%22%7D,7/2/2026 12:00:00 AM,-78.547,35.9760000000001
49591,NONCD0002377,RC MOTOR COMPANY,6921 CAPITAL BLVD,RALEIGH,WAKE,35.87963,-78.57357,ON SCREEN PLACEMENT ON GEOREFERENCED MAP,ACMEMAPPER,FALSE,FALSE,https://edocs.deq.nc.gov/WasteManagement/Search.aspx?dbid=0&searchcommand=%7B%5BWM%5D:%5BProgram_ID%5D%20%3D%20%22*NONCD0002374*%22%7D,7/2/2026 12:00:00 AM,-78.57357,35.8796300000001
49592,NONCD0002378,REA CONSTRUCTION-ROCKY MOUNT,1970 TANNER RD,ROCKY MOUNT,EDGECOMBE,35.98273,-77.77505,ON SCREEN PLACEMENT ON GEOREFERENCED MAP,ESRI AGOL BASE MAP,FALSE,FALSE,https://edocs.deq.nc.gov/WasteManagement/Search.aspx?dbid=0&searchcommand=%7B%5BWM%5D:%5BProgram_ID%5D%20%3D%20%22*NONCD0002377*%22%7D,7/2/2026 12:00:00 AM,-77.77505,35.9827300000001
49593,NONCD0002379,REA CONSTRUCTION-WEST RALEIGH,5801 CHAPEL HILL RD,RALEIGH,WAKE,35.78868,-78.72239,ON SCREEN PLACEMENT ON GEOREFERENCED MAP,ACMEMAPPER,FALSE,FALSE,https://edocs.deq.nc.gov/WasteManagement/Search.aspx?dbid=0&searchcommand=%7B%5BWM%5D:%5BProgram_ID%5D%20%3D%20%22*NONCD0002378*%22%7D,7/2/2026 12:00:00 AM,-78.72239,35.7886800000001
49594,NONCD0002380,SUTTON PARK GROCERY,2701 WALKUP AVE,MONROE,UNION,34.99076,-80.50217,ON SCREEN PLACEMENT ON GEOREFERENCED MAP,ACMEMAPPER,FALSE,FALSE,https://edocs.deq.nc.gov/WasteManagement/Search.aspx?dbid=0&searchcommand=%7B%5BWM%5D:%5BProgram_ID%5D%20%3D%20%22*NONCD0002379*%22%7D,7/2/2026 12:00:00 AM,-80.50217,34.9907600000001
49595,NONCD0002381,"REDDICK FUMIGANTS, INC.",3002 WEST MAIN STREET,WILLIAMSTON,MARTIN,35.84078,-77.08932,ON SCREEN PLACEMENT ON GEOREFERENCED MAP,ACMEMAPPER,FALSE,FALSE,https://edocs.deq.nc.gov/WasteManagement/Search.aspx?dbid=0&searchcommand=%7B%5BWM%5D:%5BProgram_ID%5D%20%3D%20%22*NONCD0002380*%22%7D,7/2/2026 12:00:00 AM,-77.08932,35.8407800000001
49596,NONCD0002383,REECE MOSS RESIDENCE,1630 ARMSTRONG FORD RD,BELMONT,GASTON,35.20879,-81.07199,ON SCREEN PLACEMENT ON GEOREFERENCED MAP,ACMEMAPPER,FALSE,FALSE,https://edocs.deq.nc.gov/WasteManagement/Search.aspx?dbid=0&searchcommand=%7B%5BWM%5D:%5BProgram_ID%5D%20%3D%20%22*NONCD0002381*%22%7D,7/2/2026 12:00:00 AM,-81.07199,35.2087900000001
49597,NONCD0002384,"REEVES BROTHERS, INC.",1135 MONTGOMERY AVE,ALBEMARLE,STANLY,35.35589,-80.1814,ON SCREEN PLACEMENT ON GEOREFERENCED MAP,ACMEMAPPER,FALSE,FALSE,https://edocs.deq.nc.gov/WasteManagement/Search.aspx?dbid=0&searchcommand=%7B%5BWM%5D:%5BProgram_ID%5D%20%3D%20%22*NONCD0002383*%22%7D,7/2/2026 12:00:00 AM,-80.1813999999999,35.35589
49598,NONCD0002385,REIDSVILLE INDUSTRIAL PARK,US HIGHWAY 29 BYPASS & REIDSVI,REIDSVILLE,ROCKINGHAM,36.309357,-79.664766,ON SCREEN PLACEMENT ON GEOREFERENCED MAP,ACMEMAPPER,FALSE,FALSE,https://edocs.deq.nc.gov/WasteManagement/Search.aspx?dbid=0&searchcommand=%7B%5BWM%5D:%5BProgram_ID%5D%20%3D%20%22*NONCD0002384*%22%7D,7/2/2026 12:00:00 AM,-79.664766,36.309357
49599,NONCD0002386,REINHARDT CIRCLE TCE SITE,REINHARDT CIRCLE,IRON STATION,LINCOLN,35.46555,-81.130122,ON SCREEN PLACEMENT ON GEOREFERENCED MAP,ACMEMAPPER,FALSE,FALSE,https://edocs.deq.nc.gov/WasteManagement/Search.aspx?dbid=0&searchcommand=%7B%5BWM%5D:%5BProgram_ID%5D%20%3D%20%22*NONCD0002385*%22%7D,7/2/2026 12:00:00 AM,-81.130122,35.4655500000001
49600,NONCD0002388,RENTZ OIL CO.-KENAN TRANSPORT,2502 RICHARDSON DR.,REIDSVILLE,ROCKINGHAM,36.33343,-79.694019,ON SCREEN PLACEMENT ON GEOREFERENCED MAP,ACMEMAPPER,FALSE,FALSE,https://edocs.deq.nc.gov/WasteManagement/Search.aspx?dbid=0&searchcommand=%7B%5BWM%5D:%5BProgram_ID%5D%20%3D%20%22*NONCD0002386*%22%7D,7/2/2026 12:00:00 AM,-79.694019,36.3334300000001
49601,NONCD0002389,APACHE WELLS,640 APACHE PATH,MARION,MCDOWELL,35.64212,-82.03483,GEOCODE (ADDRESS MATCH),ACMEMAPPER,FALSE,FALSE,https://edocs.deq.nc.gov/WasteManagement/Search.aspx?dbid=0&searchcommand=%7B%5BWM%5D:%5BProgram_ID%5D%20%3D%20%22*NONCD0002388*%22%7D,7/2/2026 12:00:00 AM,-82.0348299999999,35.64212
49602,NONCD0002390,"REXAM FACILITY, FORMER",700 CRESTDALE ROAD,MATTHEWS,MECKLENBURG,35.11641,-80.70916,ON SCREEN PLACEMENT ON GEOREFERENCED MAP,ACMEMAPPER,FALSE,FALSE,https://edocs.deq.nc.gov/WasteManagement/Search.aspx?dbid=0&searchcommand=%7B%5BWM%5D:%5BProgram_ID%5D%20%3D%20%22*NONCD0002389*%22%7D,7/2/2026 12:00:00 AM,-80.7091599999999,35.11641
49603,NONCD0002391,REXAM CORPORATION - B,2619 PHOENIX DRIVE,GREENSBORO,GUILFORD,36.00995,-79.83621,ON SCREEN PLACEMENT ON GEOREFERENCED MAP,ACMEMAPPER,FALSE,TRUE,https://edocs.deq.nc.gov/WasteManagement/Search.aspx?dbid=0&searchcommand=%7B%5BWM%5D:%5BProgram_ID%5D%20%3D%20%22*NONCD0002390*%22%7D,7/2/2026 12:00:00 AM,-79.8362099999999,36.0099500000001
49604,NONCD0002392,REYNOLDS & SON CONSTRUCTION,11401 LAWYERS ROAD,MINT HILL,MECKLENBURG,35.17269,-80.6555,ON SCREEN PLACEMENT ON GEOREFERENCED MAP,ACMEMAPPER,FALSE,FALSE,https://edocs.deq.nc.gov/WasteManagement/Search.aspx?dbid=0&searchcommand=%7B%5BWM%5D:%5BProgram_ID%5D%20%3D%20%22*NONCD0002391*%22%7D,7/2/2026 12:00:00 AM,-80.6555,35.17269
49605,NONCD0002396,"RHYNE MILLS, INC.","HWY 150, LINCOLNTON",LINCOLNTON,LINCOLN,35.44458,-81.27962,ON SCREEN PLACEMENT ON GEOREFERENCED MAP,ACMEMAPPER,FALSE,FALSE,https://edocs.deq.nc.gov/WasteManagement/Search.aspx?dbid=0&searchcommand=%7B%5BWM%5D:%5BProgram_ID%5D%20%3D%20%22*NONCD0002392*%22%7D,7/2/2026 12:00:00 AM,-81.27962,35.44458
49606,NONCD0002397,RHYNE ROAD,RHYNE ROAD,CHARLOTTE,MECKLENBURG,35.290068,-80.970026,ON SCREEN PLACEMENT ON GEOREFERENCED MAP,ACMEMAPPER,FALSE,FALSE,https://edocs.deq.nc.gov/WasteManagement/Search.aspx?dbid=0&searchcommand=%7B%5BWM%5D:%5BProgram_ID%5D%20%3D%20%22*NONCD0002396*%22%7D,7/2/2026 12:00:00 AM,-80.970026,35.2900680000001
49607,NONCD0002400,RICHMOND APPAREL/FRUIT OF THE LOOM,HWY 74 WEST,ROCKINGHAM,RICHMOND,34.953416,-79.795789,ON SCREEN PLACEMENT ON GEOREFERENCED MAP,ACMEMAPPER,FALSE,FALSE,https://edocs.deq.nc.gov/WasteManagement/Search.aspx?dbid=0&searchcommand=%7B%5BWM%5D:%5BProgram_ID%5D%20%3D%20%22*NONCD0002397*%22%7D,7/2/2026 12:00:00 AM,-79.795789,34.9534160000001
49608,NONCD0002404,RITTER MILLWORKS SHOP,2913 CASTLE HAYNE RD,CASTLE HAYNE,NEW HANOVER,34.298055,-77.922222,ON SCREEN PLACEMENT ON GEOREFERENCED MAP,GOOGLE MAPS,TRUE,FALSE,https://edocs.deq.nc.gov/WasteManagement/Search.aspx?dbid=0&searchcommand=%7B%5BWM%5D:%5BProgram_ID%5D%20%3D%20%22*NONCD0002400*%22%7D,7/2/2026 12:00:00 AM,-77.922222,34.298055
49609,NONCD0002405,RIVENBARK RESIDENCE,1831 VANCE ST.,ROCKY MOUNT,EDGECOMBE,35.918333,-77.8,ON SCREEN PLACEMENT ON GEOREFERENCED MAP,ACMEMAPPER,FALSE,FALSE,https://edocs.deq.nc.gov/WasteManagement/Search.aspx?dbid=0&searchcommand=%7B%5BWM%5D:%5BProgram_ID%5D%20%3D%20%22*NONCD0002404*%22%7D,7/2/2026 12:00:00 AM,-77.8,35.9183330000001
49610,NONCD0002406,"ROACH, INC (HALE TRAILER..)",1335 IVEY CLINE ROAD,CONCORD,CABARRUS,35.39867,-80.70218,ON SCREEN PLACEMENT ON GEOREFERENCED MAP,ACMEMAPPER,FALSE,FALSE,https://edocs.deq.nc.gov/WasteManagement/Search.aspx?dbid=0&searchcommand=%7B%5BWM%5D:%5BProgram_ID%5D%20%3D%20%22*NONCD0002405*%22%7D,7/2/2026 12:00:00 AM,-80.7021799999999,35.39867
49611,NONCD0002408,UNC-PHILLIPS HALL,120 E CAMERON AVE,CHAPEL HILL,ORANGE,35.91065,-79.05263,ON SCREEN PLACEMENT ON GEOREFERENCED MAP,ACMEMAPPER,FALSE,FALSE,https://edocs.deq.nc.gov/WasteManagement/Search.aspx?dbid=0&searchcommand=%7B%5BWM%5D:%5BProgram_ID%5D%20%3D%20%22*NONCD0002406*%22%7D,7/2/2026 12:00:00 AM,-79.05263,35.91065
49612,NONCD0002410,ROCKWELL WELL 003,HWY 52,ROCKWELL,ROWAN,35.550329,-80.406391,ON SCREEN PLACEMENT ON GEOREFERENCED MAP,ACMEMAPPER,FALSE,FALSE,https://edocs.deq.nc.gov/WasteManagement/Search.aspx?dbid=0&searchcommand=%7B%5BWM%5D:%5BProgram_ID%5D%20%3D%20%22*NONCD0002408*%22%7D,7/2/2026 12:00:00 AM,-80.406391,35.550329
49613,NONCD0002411,CORBETT RIDGE GROCERY,4887 CORBETT RIDGE RD,YANCEYVILLE,CASWELL,36.2493,-79.23867,ON SCREEN PLACEMENT ON GEOREFERENCED MAP,ACMEMAPPER,FALSE,FALSE,https://edocs.deq.nc.gov/WasteManagement/Search.aspx?dbid=0&searchcommand=%7B%5BWM%5D:%5BProgram_ID%5D%20%3D%20%22*NONCD0002410*%22%7D,7/2/2026 12:00:00 AM,-79.23867,36.2493000000001
49614,NONCD0002416,ROGERS REALTY PROPERTY,502 W MORGAN ST,RALEIGH,WAKE,35.77998,-78.64635,ON SCREEN PLACEMENT ON GEOREFERENCED MAP,ACMEMAPPER,FALSE,FALSE,https://edocs.deq.nc.gov/WasteManagement/Search.aspx?dbid=0&searchcommand=%7B%5BWM%5D:%5BProgram_ID%5D%20%3D%20%22*NONCD0002411*%22%7D,7/2/2026 12:00:00 AM,-78.64635,35.7799800000001
49615,NONCD0002418,ROGOSIN CONVERTERS (KORDSA USA),17780 ARMSTRONG RD,LAUREL HILL,SCOTLAND,34.808652,-79.524721,ON SCREEN PLACEMENT ON GEOREFERENCED MAP,ESRI AGOL BASE MAP,FALSE,FALSE,https://edocs.deq.nc.gov/WasteManagement/Search.aspx?dbid=0&searchcommand=%7B%5BWM%5D:%5BProgram_ID%5D%20%3D%20%22*NONCD0002416*%22%7D,7/2/2026 12:00:00 AM,-79.5247209999999,34.8086520000001
49616,NONCD0002419,ROHM & HAAS,215 LAWTON ROAD,CHARLOTTE,MECKLENBURG,35.272245,-80.886618,ON SCREEN PLACEMENT ON GEOREFERENCED MAP,ACMEMAPPER,FALSE,FALSE,https://edocs.deq.nc.gov/WasteManagement/Search.aspx?dbid=0&searchcommand=%7B%5BWM%5D:%5BProgram_ID%5D%20%3D%20%22*NONCD0002418*%22%7D,7/2/2026 12:00:00 AM,-80.8866179999999,35.2722450000001
49617,NONCD0002420,APAC MAINTENANCE SHOP (FRMR),240 CENTER ST,JACKSONVILLE,ONSLOW,34.75271,-77.38277,ON SCREEN PLACEMENT ON GEOREFERENCED MAP,ACMEMAPPER,FALSE,FALSE,https://edocs.deq.nc.gov/WasteManagement/Search.aspx?dbid=0&searchcommand=%7B%5BWM%5D:%5BProgram_ID%5D%20%3D%20%22*NONCD0002419*%22%7D,7/2/2026 12:00:00 AM,-77.3827699999999,34.75271
49618,NONCD0002421,"ROHR CHEMICAL, INC.",694 SHERIDAN FORREST RD.,GOLDSBORO,WAYNE,35.33328,-77.94612,ON SCREEN PLACEMENT ON GEOREFERENCED MAP,ACMEMAPPER,FALSE,FALSE,https://edocs.deq.nc.gov/WasteManagement/Search.aspx?dbid=0&searchcommand=%7B%5BWM%5D:%5BProgram_ID%5D%20%3D%20%22*NONCD0002420*%22%7D,7/2/2026 12:00:00 AM,-77.94612,35.3332800000001
49619,NONCD0002423,ROUNTREE PLANTATION GARDEN CENTER,517 ROUNTREE ROAD,CHARLOTTE,MECKLENBURG,35.1712,-80.88196,ON SCREEN PLACEMENT ON GEOREFERENCED MAP,ACMEMAPPER,FALSE,FALSE,https://edocs.deq.nc.gov/WasteManagement/Search.aspx?dbid=0&searchcommand=%7B%5BWM%5D:%5BProgram_ID%5D%20%3D%20%22*NONCD0002421*%22%7D,7/2/2026 12:00:00 AM,-80.8819599999999,35.1712000000001
49620,NONCD0002424,ROWLAND WELL,1703 DANIEL STREET,KANNAPOLIS,ROWAN,35.508925,-80.650246,ON SCREEN PLACEMENT ON GEOREFERENCED MAP,ACMEMAPPER,FALSE,FALSE,https://edocs.deq.nc.gov/WasteManagement/Search.aspx?dbid=0&searchcommand=%7B%5BWM%5D:%5BProgram_ID%5D%20%3D%20%22*NONCD0002423*%22%7D,7/2/2026 12:00:00 AM,-80.650246,35.508925
49621,NONCD0002427,ROYSTER-CLARK FERTILIZER FACILITY,3210 TAYLORSVILLE HIGHWAY,STATESVILLE,IREDELL,35.79668,-80.93705,ON SCREEN PLACEMENT ON GEOREFERENCED MAP,ACMEMAPPER,FALSE,TRUE,https://edocs.deq.nc.gov/WasteManagement/Search.aspx?dbid=0&searchcommand=%7B%5BWM%5D:%5BProgram_ID%5D%20%3D%20%22*NONCD0002424*%22%7D,7/2/2026 12:00:00 AM,-80.9370499999999,35.79668
49622,NONCD0002428,"RUDD RESIDENCE, GEORGE",1263 N. NC 87,ELON COLLEGE,ALAMANCE,36.139152,-79.496947,ON SCREEN PLACEMENT ON GEOREFERENCED MAP,ESRI AGOL BASE MAP,FALSE,FALSE,https://edocs.deq.nc.gov/WasteManagement/Search.aspx?dbid=0&searchcommand=%7B%5BWM%5D:%5BProgram_ID%5D%20%3D%20%22*NONCD0002427*%22%7D,7/2/2026 12:00:00 AM,-79.496947,36.139152
49623,NONCD0002431,RUS,3775 INDUSTRIAL DR.,WINSTON-SALEM,FORSYTH,36.14959,-80.24081,ON SCREEN PLACEMENT ON GEOREFERENCED MAP,ACMEMAPPER,FALSE,TRUE,https://edocs.deq.nc.gov/WasteManagement/Search.aspx?dbid=0&searchcommand=%7B%5BWM%5D:%5BProgram_ID%5D%20%3D%20%22*NONCD0002428*%22%7D,7/2/2026 12:00:00 AM,-80.24081,36.14959
49624,NONCD0002433,"RYERSON FACILITY, FORMER",5435 HOVIS ROAD,CHARLOTTE,MECKLENBURG,35.27687,-80.89877,ON SCREEN PLACEMENT ON GEOREFERENCED MAP,ACMEMAPPER,FALSE,FALSE,https://edocs.deq.nc.gov/WasteManagement/Search.aspx?dbid=0&searchcommand=%7B%5BWM%5D:%5BProgram_ID%5D%20%3D%20%22*NONCD0002431*%22%7D,7/2/2026 12:00:00 AM,-80.89877,35.27687
49625,NONCD0002434,S&W CHEMICAL - SOLVENTS,OLD US 70A,CONOVER,CATAWBA,35.718285,-81.235613,ON SCREEN PLACEMENT ON GEOREFERENCED MAP,ACMEMAPPER,FALSE,FALSE,https://edocs.deq.nc.gov/WasteManagement/Search.aspx?dbid=0&searchcommand=%7B%5BWM%5D:%5BProgram_ID%5D%20%3D%20%22*NONCD0002433*%22%7D,7/2/2026 12:00:00 AM,-81.2356129999999,35.718285
49626,NONCD0002435,MY FAVORITE MARTIN TRUCK ACCIDENT,US 221 S RT OF WAY,MARION,MCDOWELL,35.91469,-81.93896,ON SCREEN PLACEMENT ON GEOREFERENCED MAP,ACMEMAPPER,FALSE,FALSE,https://edocs.deq.nc.gov/WasteManagement/Search.aspx?dbid=0&searchcommand=%7B%5BWM%5D:%5BProgram_ID%5D%20%3D%20%22*NONCD0002434*%22%7D,7/2/2026 12:00:00 AM,-81.93896,35.9146900000001
49627,NONCD0002437,SALEM ELECTRIC,801 BETHESDA ROAD,WINSTON-SALEM,FORSYTH,36.082616,-80.295513,ON SCREEN PLACEMENT ON GEOREFERENCED MAP,ACMEMAPPER,FALSE,FALSE,https://edocs.deq.nc.gov/WasteManagement/Search.aspx?dbid=0&searchcommand=%7B%5BWM%5D:%5BProgram_ID%5D%20%3D%20%22*NONCD0002435*%22%7D,7/2/2026 12:00:00 AM,-80.295513,36.082616
49628,NONCD0002438,SALEM UNIFORM SERVICES FACILITY,4015 NORTH CHERRY STREET,WINSTON-SALEM,FORSYTH,36.141409,-80.263713,ON SCREEN PLACEMENT ON GEOREFERENCED MAP,GOOGLE MAPS,FALSE,TRUE,https://edocs.deq.nc.gov/WasteManagement/Search.aspx?dbid=0&searchcommand=%7B%5BWM%5D:%5BProgram_ID%5D%20%3D%20%22*NONCD0002437*%22%7D,7/2/2026 12:00:00 AM,-80.2637129999999,36.1414090000001
49629,NONCD0002439,SALVAGE BUILDING MATERIALS - SOLVENT,920 N. LIBERTY STREET,WINSTON-SALEM,FORSYTH,36.10585,-80.24066,ON SCREEN PLACEMENT ON GEOREFERENCED MAP,ACMEMAPPER,FALSE,FALSE,https://edocs.deq.nc.gov/WasteManagement/Search.aspx?dbid=0&searchcommand=%7B%5BWM%5D:%5BProgram_ID%5D%20%3D%20%22*NONCD0002438*%22%7D,7/2/2026 12:00:00 AM,-80.2406599999999,36.10585
49630,NONCD0002440,SAM'S MART #788,3101 SUMMIT AVE.,GREENSBORO,GUILFORD,36.11359,-79.7654,ON SCREEN PLACEMENT ON GEOREFERENCED MAP,ACMEMAPPER,FALSE,FALSE,https://edocs.deq.nc.gov/WasteManagement/Search.aspx?dbid=0&searchcommand=%7B%5BWM%5D:%5BProgram_ID%5D%20%3D%20%22*NONCD0002439*%22%7D,7/2/2026 12:00:00 AM,-79.7653999999999,36.11359
49631,NONCD0002442,SANDERSON NISSAN-NONUST,3475 MYER LEE DRIVE,WINSTON-SALEM,FORSYTH,36.11106,-80.16955,ON SCREEN PLACEMENT ON GEOREFERENCED MAP,ESRI AGOL BASE MAP,FALSE,FALSE,https://edocs.deq.nc.gov/WasteManagement/Search.aspx?dbid=0&searchcommand=%7B%5BWM%5D:%5BProgram_ID%5D%20%3D%20%22*NONCD0002440*%22%7D,7/2/2026 12:00:00 AM,-80.16955,36.1110600000001
49632,NONCD0002443,SANDS & COMPANY - SOLVENTS,3112 NORTHWEST BOULEVARD,GASTONIA,GASTON,35.278207,-81.220327,ON SCREEN PLACEMENT ON GEOREFERENCED MAP,ACMEMAPPER,FALSE,FALSE,https://edocs.deq.nc.gov/WasteManagement/Search.aspx?dbid=0&searchcommand=%7B%5BWM%5D:%5BProgram_ID%5D%20%3D%20%22*NONCD0002442*%22%7D,7/2/2026 12:00:00 AM,-81.2203269999999,35.2782070000001
49633,NONCD0002444,SANFATEX,HIGHWAY 211,RED SPRINGS,ROBESON,34.83445,-79.18186,ON SCREEN PLACEMENT ON GEOREFERENCED MAP,ACMEMAPPER,FALSE,FALSE,https://edocs.deq.nc.gov/WasteManagement/Search.aspx?dbid=0&searchcommand=%7B%5BWM%5D:%5BProgram_ID%5D%20%3D%20%22*NONCD0002443*%22%7D,7/2/2026 12:00:00 AM,-79.18186,34.8344500000001
49634,NONCD0002445,SANTARO HOT MIX ASPHALT PLANT,INTERSECTION OF NC HIGHWAY 66,KERNERSVILLE,FORSYTH,36.02442,-80.05682,ON SCREEN PLACEMENT ON GEOREFERENCED MAP,ACMEMAPPER,FALSE,FALSE,https://edocs.deq.nc.gov/WasteManagement/Search.aspx?dbid=0&searchcommand=%7B%5BWM%5D:%5BProgram_ID%5D%20%3D%20%22*NONCD0002444*%22%7D,7/2/2026 12:00:00 AM,-80.05682,36.0244200000001
49635,NONCD0002446,SAPONA MILLS,311 EAST ROSE STREET,SANFORD,LEE,35.47359,-79.16439,ON SCREEN PLACEMENT ON GEOREFERENCED MAP,ACMEMAPPER,FALSE,FALSE,https://edocs.deq.nc.gov/WasteManagement/Search.aspx?dbid=0&searchcommand=%7B%5BWM%5D:%5BProgram_ID%5D%20%3D%20%22*NONCD0002445*%22%7D,7/2/2026 12:00:00 AM,-79.16439,35.4735900000001
49636,NONCD0002447,SAUCEDO PROP. / NCDOT SITE #69,US HWY. 701,NEWTON GROVE,JOHNSTON,35.331388,-78.361111,ON SCREEN PLACEMENT ON GEOREFERENCED MAP,ACMEMAPPER,FALSE,FALSE,https://edocs.deq.nc.gov/WasteManagement/Search.aspx?dbid=0&searchcommand=%7B%5BWM%5D:%5BProgram_ID%5D%20%3D%20%22*NONCD0002446*%22%7D,7/2/2026 12:00:00 AM,-78.3611109999999,35.3313880000001
49637,NONCD0002448,SBI FACILITY,121 EAST TRYON RD,RALEIGH,WAKE,35.73458,-78.636257,ON SCREEN PLACEMENT ON GEOREFERENCED MAP,GOOGLE MAPS,FALSE,FALSE,https://edocs.deq.nc.gov/WasteManagement/Search.aspx?dbid=0&searchcommand=%7B%5BWM%5D:%5BProgram_ID%5D%20%3D%20%22*NONCD0002447*%22%7D,7/2/2026 12:00:00 AM,-78.6362569999999,35.7345800000001
49638,NONCD0002455,STATON ROAD SOLVENT CONTAMINATION,STATON RD,GREENVILLE,PITT,35.65425,-77.35993,ON SCREEN PLACEMENT ON GEOREFERENCED MAP,ACMEMAPPER,FALSE,FALSE,https://edocs.deq.nc.gov/WasteManagement/Search.aspx?dbid=0&searchcommand=%7B%5BWM%5D:%5BProgram_ID%5D%20%3D%20%22*NONCD0002448*%22%7D,7/2/2026 12:00:00 AM,-77.35993,35.65425
49639,NONCD0002456,SEARS 8075 SOLVENTS,11407 GRANITE ST,CHARLOTTE,MECKLENBURG,35.11307,-80.92799,ON SCREEN PLACEMENT ON GEOREFERENCED MAP,ACMEMAPPER,FALSE,FALSE,https://edocs.deq.nc.gov/WasteManagement/Search.aspx?dbid=0&searchcommand=%7B%5BWM%5D:%5BProgram_ID%5D%20%3D%20%22*NONCD0002455*%22%7D,7/2/2026 12:00:00 AM,-80.92799,35.1130700000001
49640,NONCD0002457,SHERFIELD RD WELLS,SHEFIELD ROAD,COLFAX,GUILFORD,36.110995,-80.017115,ON SCREEN PLACEMENT ON GEOREFERENCED MAP,ACMEMAPPER,FALSE,FALSE,https://edocs.deq.nc.gov/WasteManagement/Search.aspx?dbid=0&searchcommand=%7B%5BWM%5D:%5BProgram_ID%5D%20%3D%20%22*NONCD0002456*%22%7D,7/2/2026 12:00:00 AM,-80.017115,36.1109950000001
49641,NONCD0002459,SERVCO GASTONIA - SOLVENTS,1612 WEST FRANKLIN BOULEVARD,GASTONIA,GASTON,35.26043,-81.211404,ON SCREEN PLACEMENT ON GEOREFERENCED MAP,ACMEMAPPER,FALSE,FALSE,https://edocs.deq.nc.gov/WasteManagement/Search.aspx?dbid=0&searchcommand=%7B%5BWM%5D:%5BProgram_ID%5D%20%3D%20%22*NONCD0002457*%22%7D,7/2/2026 12:00:00 AM,-81.211404,35.26043
49642,NONCD0002460,SERVCO STATION (FORMER),520 N CANNON BLVD,KANNAPOLIS,CABARRUS,35.501579,-80.608479,ON SCREEN PLACEMENT ON GEOREFERENCED MAP,ACMEMAPPER,FALSE,FALSE,https://edocs.deq.nc.gov/WasteManagement/Search.aspx?dbid=0&searchcommand=%7B%5BWM%5D:%5BProgram_ID%5D%20%3D%20%22*NONCD0002459*%22%7D,7/2/2026 12:00:00 AM,-80.608479,35.501579
49643,NONCD0002461,SEVEN LAKES WELL # 3,NC 211,SEVEN LAKES,MOORE,35.26313,-79.58476,ON SCREEN PLACEMENT ON GEOREFERENCED MAP,ACMEMAPPER,FALSE,FALSE,https://edocs.deq.nc.gov/WasteManagement/Search.aspx?dbid=0&searchcommand=%7B%5BWM%5D:%5BProgram_ID%5D%20%3D%20%22*NONCD0002460*%22%7D,7/2/2026 12:00:00 AM,-79.58476,35.26313
49644,NONCD0002464,SHELBY ROAD PCE SITE,1505 SHELBY RD,KINGS MOUNTAIN,CLEVELAND,35.239387,-81.376004,ON SCREEN PLACEMENT ON GEOREFERENCED MAP,ACMEMAPPER,FALSE,FALSE,https://edocs.deq.nc.gov/WasteManagement/Search.aspx?dbid=0&searchcommand=%7B%5BWM%5D:%5BProgram_ID%5D%20%3D%20%22*NONCD0002461*%22%7D,7/2/2026 12:00:00 AM,-81.376004,35.2393870000001
49645,NONCD0002465,SHELBY WILLIAMS - STATESVILLE PLANT,401 MEACHAM ROAD,STATESVILLE,IREDELL,35.79279,-80.92375,ON SCREEN PLACEMENT ON GEOREFERENCED MAP,ACMEMAPPER,FALSE,FALSE,https://edocs.deq.nc.gov/WasteManagement/Search.aspx?dbid=0&searchcommand=%7B%5BWM%5D:%5BProgram_ID%5D%20%3D%20%22*NONCD0002464*%22%7D,7/2/2026 12:00:00 AM,-80.92375,35.79279
49646,NONCD0002466,SHIELDS MOBILE HOME PARK,1341HWY 87 NORTH,ELON COLLEGE,ALAMANCE,36.141757,-79.497315,ON SCREEN PLACEMENT ON GEOREFERENCED MAP,ACMEMAPPER,FALSE,FALSE,https://edocs.deq.nc.gov/WasteManagement/Search.aspx?dbid=0&searchcommand=%7B%5BWM%5D:%5BProgram_ID%5D%20%3D%20%22*NONCD0002465*%22%7D,7/2/2026 12:00:00 AM,-79.497315,36.141757
49647,NONCD0002469,WR BOYD INVESTMENTS,90 HOWELL MILL RD,WAYNESVILLE,HAYWOOD,35.50212,-82.98703,ON SCREEN PLACEMENT ON GEOREFERENCED MAP,ACMEMAPPER,FALSE,FALSE,https://edocs.deq.nc.gov/WasteManagement/Search.aspx?dbid=0&searchcommand=%7B%5BWM%5D:%5BProgram_ID%5D%20%3D%20%22*NONCD0002466*%22%7D,7/2/2026 12:00:00 AM,-82.9870299999999,35.50212
49648,NONCD0002471,NAPLES ASHEVILLE HWY PCE,US 25 & I 26,NAPLES,HENDERSON,35.39734,-82.50681,ON SCREEN PLACEMENT ON GEOREFERENCED MAP,UNKNOWN,FALSE,FALSE,https://edocs.deq.nc.gov/WasteManagement/Search.aspx?dbid=0&searchcommand=%7B%5BWM%5D:%5BProgram_ID%5D%20%3D%20%22*NONCD0002469*%22%7D,7/2/2026 12:00:00 AM,-82.50681,35.39734
49649,NONCD0002472,SIDES RESIDENCE,336 FIELDING ROAD,CHARLOTTE,MECKLENBURG,35.295277,-80.941872,ON SCREEN PLACEMENT ON GEOREFERENCED MAP,ACMEMAPPER,FALSE,FALSE,https://edocs.deq.nc.gov/WasteManagement/Search.aspx?dbid=0&searchcommand=%7B%5BWM%5D:%5BProgram_ID%5D%20%3D%20%22*NONCD0002471*%22%7D,7/2/2026 12:00:00 AM,-80.941872,35.2952770000001
49650,NONCD0002473,SIERRA PROPERTY,725 S. ELM STREET,GREENSBORO,GUILFORD,36.064165,-79.790672,ON SCREEN PLACEMENT ON GEOREFERENCED MAP,ACMEMAPPER,FALSE,FALSE,https://edocs.deq.nc.gov/WasteManagement/Search.aspx?dbid=0&searchcommand=%7B%5BWM%5D:%5BProgram_ID%5D%20%3D%20%22*NONCD0002472*%22%7D,7/2/2026 12:00:00 AM,-79.790672,36.0641650000001
49651,NONCD0002474,"SINK PROPERTY, CHARLES",VANCE STREET,NORTH WILKESBORO,WILKES,36.16027,-81.13694,ON SCREEN PLACEMENT ON GEOREFERENCED MAP,ACMEMAPPER,FALSE,FALSE,https://edocs.deq.nc.gov/WasteManagement/Search.aspx?dbid=0&searchcommand=%7B%5BWM%5D:%5BProgram_ID%5D%20%3D%20%22*NONCD0002473*%22%7D,7/2/2026 12:00:00 AM,-81.13694,36.16027
49652,NONCD0002475,SIRCHIE FINGERPRINT LAB,5831 TRIANGLE DR,RALEIGH,WAKE,35.897365,-78.744421,ON SCREEN PLACEMENT ON GEOREFERENCED MAP,ESRI AGOL BASE MAP,FALSE,FALSE,https://edocs.deq.nc.gov/WasteManagement/Search.aspx?dbid=0&searchcommand=%7B%5BWM%5D:%5BProgram_ID%5D%20%3D%20%22*NONCD0002474*%22%7D,7/2/2026 12:00:00 AM,-78.744421,35.897365
49653,NONCD0002478,"SMITH RESIDENCE, LUCY",215 STAGECOACH TRAIL,GREENSBORO,GUILFORD,36.08133,-79.91309,ON SCREEN PLACEMENT ON GEOREFERENCED MAP,ACMEMAPPER,FALSE,FALSE,https://edocs.deq.nc.gov/WasteManagement/Search.aspx?dbid=0&searchcommand=%7B%5BWM%5D:%5BProgram_ID%5D%20%3D%20%22*NONCD0002475*%22%7D,7/2/2026 12:00:00 AM,-79.91309,36.08133
49654,NONCD0002479,RAILYARD PARKING LOT,120 BARNHARDT ST,GREENSBORO,GUILFORD,36.066559,-79.791929,ON SCREEN PLACEMENT ON GEOREFERENCED MAP,ACMEMAPPER,FALSE,FALSE,https://edocs.deq.nc.gov/WasteManagement/Search.aspx?dbid=0&searchcommand=%7B%5BWM%5D:%5BProgram_ID%5D%20%3D%20%22*NONCD0002478*%22%7D,7/2/2026 12:00:00 AM,-79.791929,36.066559
49655,NONCD0002481,SMITHS DRY CLEANERS #2,225 GORDON AVENUE,STATESVILLE,IREDELL,35.78702,-80.888658,GEOCODE (ADDRESS MATCH),ESRI AGOL BASE MAP,FALSE,FALSE,https://edocs.deq.nc.gov/WasteManagement/Search.aspx?dbid=0&searchcommand=%7B%5BWM%5D:%5BProgram_ID%5D%20%3D%20%22*NONCD0002479*%22%7D,7/2/2026 12:00:00 AM,-80.888658,35.78702
49656,NONCD0002482,PIRICZKY/PRICE SERVICE STATION,8287 HWY 306 S,ARAPAHOE,PAMLICO,35.023203,-76.824858,ON SCREEN PLACEMENT ON GEOREFERENCED MAP,ACMEMAPPER,FALSE,FALSE,https://edocs.deq.nc.gov/WasteManagement/Search.aspx?dbid=0&searchcommand=%7B%5BWM%5D:%5BProgram_ID%5D%20%3D%20%22*NONCD0002481*%22%7D,7/2/2026 12:00:00 AM,-76.8248579999999,35.023203
49657,NONCD0002483,SMOKY MOUNTAIN MACHINE,80 MCINTOSH RD.,ASHEVILLE,BUNCOMBE,35.54661,-82.60789,ON SCREEN PLACEMENT ON GEOREFERENCED MAP,ACMEMAPPER,FALSE,FALSE,https://edocs.deq.nc.gov/WasteManagement/Search.aspx?dbid=0&searchcommand=%7B%5BWM%5D:%5BProgram_ID%5D%20%3D%20%22*NONCD0002482*%22%7D,7/2/2026 12:00:00 AM,-82.6078899999999,35.54661
49658,NONCD0002486,"SNYDER RESIDENCE, ROY",3142NEW CUT RD.,LEXINGTON,DAVIDSON,35.73795,-80.12463,ON SCREEN PLACEMENT ON GEOREFERENCED MAP,ACMEMAPPER,FALSE,FALSE,https://edocs.deq.nc.gov/WasteManagement/Search.aspx?dbid=0&searchcommand=%7B%5BWM%5D:%5BProgram_ID%5D%20%3D%20%22*NONCD0002483*%22%7D,7/2/2026 12:00:00 AM,-80.12463,35.7379500000001
49659,NONCD0002489,"SOUTH ATLANTIC SERVICES, INC",3527 HWY 421 N,WILMINGTON,NEW HANOVER,34.29148,-77.97199,ON SCREEN PLACEMENT ON GEOREFERENCED MAP,ACMEMAPPER,FALSE,FALSE,https://edocs.deq.nc.gov/WasteManagement/Search.aspx?dbid=0&searchcommand=%7B%5BWM%5D:%5BProgram_ID%5D%20%3D%20%22*NONCD0002486*%22%7D,7/2/2026 12:00:00 AM,-77.9719899999999,34.29148
49660,NONCD0002490,NATIONAL FLEET SUPPLY,6613 STATESVILLE RD,CHARLOTTE,MECKLENBURG,35.31217,-80.83935,ON SCREEN PLACEMENT ON GEOREFERENCED MAP,ACMEMAPPER,FALSE,TRUE,https://edocs.deq.nc.gov/WasteManagement/Search.aspx?dbid=0&searchcommand=%7B%5BWM%5D:%5BProgram_ID%5D%20%3D%20%22*NONCD0002489*%22%7D,7/2/2026 12:00:00 AM,-80.83935,35.31217
49661,NONCD0002492,SOUTH SEA RATTAN - FAIRFAX ROAD,1702 & 1708 FAIRFAX ROAD,GREENSBORO,GUILFORD,36.045653,-79.873548,ON SCREEN PLACEMENT ON GEOREFERENCED MAP,ESRI AGOL BASE MAP,FALSE,FALSE,https://edocs.deq.nc.gov/WasteManagement/Search.aspx?dbid=0&searchcommand=%7B%5BWM%5D:%5BProgram_ID%5D%20%3D%20%22*NONCD0002490*%22%7D,7/2/2026 12:00:00 AM,-79.873548,36.0456530000001
49662,NONCD0002493,SOUTHAMPTON RAQUET CLUB,2813 KENDRICK ROAD,GASTONIA,GASTON,35.211611,-81.123654,ON SCREEN PLACEMENT ON GEOREFERENCED MAP,ACMEMAPPER,FALSE,FALSE,https://edocs.deq.nc.gov/WasteManagement/Search.aspx?dbid=0&searchcommand=%7B%5BWM%5D:%5BProgram_ID%5D%20%3D%20%22*NONCD0002492*%22%7D,7/2/2026 12:00:00 AM,-81.123654,35.2116110000001
49663,NONCD0002497,SOUTHERN CAST,801 PECAN AVENUE,CHARLOTTE,MECKLENBURG,35.2175,-80.815277,ON SCREEN PLACEMENT ON GEOREFERENCED MAP,ACMEMAPPER,FALSE,FALSE,https://edocs.deq.nc.gov/WasteManagement/Search.aspx?dbid=0&searchcommand=%7B%5BWM%5D:%5BProgram_ID%5D%20%3D%20%22*NONCD0002493*%22%7D,7/2/2026 12:00:00 AM,-80.815277,35.2175
49664,NONCD0002498,SOUTHERN GRAPHICS SYSTEMS,2406 N. 23RD STREET,WILMINGTON,NEW HANOVER,34.2646,-77.9191,ON SCREEN PLACEMENT ON GEOREFERENCED MAP,ACMEMAPPER,FALSE,FALSE,https://edocs.deq.nc.gov/WasteManagement/Search.aspx?dbid=0&searchcommand=%7B%5BWM%5D:%5BProgram_ID%5D%20%3D%20%22*NONCD0002497*%22%7D,7/2/2026 12:00:00 AM,-77.9191,34.2646
49665,NONCD0002499,KILL DEVIL HILLS AMOCO,US 158 & EDEN ST,KILL DEVIL HILLS,DARE,36.0440226,-75.6786739,ON SCREEN PLACEMENT ON GEOREFERENCED MAP,ACMEMAPPER,FALSE,FALSE,https://edocs.deq.nc.gov/WasteManagement/Search.aspx?dbid=0&searchcommand=%7B%5BWM%5D:%5BProgram_ID%5D%20%3D%20%22*NONCD0002498*%22%7D,7/2/2026 12:00:00 AM,-75.6786739,36.0440226000001
49666,NONCD0002500,SOUTHERN METALS - SOLVENTS,2200 DONALD ROSS ROAD,CHARLOTTE,MECKLENBURG,35.220277,-80.893055,ON SCREEN PLACEMENT ON GEOREFERENCED MAP,ACMEMAPPER,FALSE,FALSE,https://edocs.deq.nc.gov/WasteManagement/Search.aspx?dbid=0&searchcommand=%7B%5BWM%5D:%5BProgram_ID%5D%20%3D%20%22*NONCD0002499*%22%7D,7/2/2026 12:00:00 AM,-80.8930549999999,35.2202770000001
49667,NONCD0002501,SOUTHERN PLASTICS ENGINEERING,4643 N.HWY 29,GREENSBORO,GUILFORD,36.1609,-79.7236,ON SCREEN PLACEMENT ON GEOREFERENCED MAP,ACMEMAPPER,FALSE,FALSE,https://edocs.deq.nc.gov/WasteManagement/Search.aspx?dbid=0&searchcommand=%7B%5BWM%5D:%5BProgram_ID%5D%20%3D%20%22*NONCD0002500*%22%7D,7/2/2026 12:00:00 AM,-79.7236,36.1609
49668,NONCD0002503,"PADGETT PROPERTIES, LLC",2043 LEJEUNE BLVD,JACKSONVILLE,ONSLOW,34.742,-77.36873,ON SCREEN PLACEMENT ON GEOREFERENCED MAP,ACMEMAPPER,FALSE,FALSE,https://edocs.deq.nc.gov/WasteManagement/Search.aspx?dbid=0&searchcommand=%7B%5BWM%5D:%5BProgram_ID%5D%20%3D%20%22*NONCD0002501*%22%7D,7/2/2026 12:00:00 AM,-77.36873,34.7420000000001
49669,NONCD0002506,PAWLEY DRIVE CONTAMINATION,312 PAWLEY DRIVE,CHARLOTTE,MECKLENBURG,35.30032,-80.984,ON SCREEN PLACEMENT ON GEOREFERENCED MAP,ACMEMAPPER,FALSE,FALSE,https://edocs.deq.nc.gov/WasteManagement/Search.aspx?dbid=0&searchcommand=%7B%5BWM%5D:%5BProgram_ID%5D%20%3D%20%22*NONCD0002503*%22%7D,7/2/2026 12:00:00 AM,-80.984,35.3003200000001
49670,NONCD0002510,SOUTHSIDE HOME & GARDEN,NC HWY 33 E,CHOCOWINITY,BEAUFORT,35.50591,-77.08883,ON SCREEN PLACEMENT ON GEOREFERENCED MAP,ACMEMAPPER,FALSE,FALSE,https://edocs.deq.nc.gov/WasteManagement/Search.aspx?dbid=0&searchcommand=%7B%5BWM%5D:%5BProgram_ID%5D%20%3D%20%22*NONCD0002506*%22%7D,7/2/2026 12:00:00 AM,-77.08883,35.50591
49671,NONCD0002511,SOUTH BRUNSWICK MIDDLE SCHOOL,100 COUGAR DRIVE,SOUTHPORT,BRUNSWICK,34.00773,-78.04977,ON SCREEN PLACEMENT ON GEOREFERENCED MAP,ACMEMAPPER,FALSE,TRUE,https://edocs.deq.nc.gov/WasteManagement/Search.aspx?dbid=0&searchcommand=%7B%5BWM%5D:%5BProgram_ID%5D%20%3D%20%22*NONCD0002510*%22%7D,7/2/2026 12:00:00 AM,-78.04977,34.00773
49672,NONCD0002512,SPANCO INDUSTRIES,1604 BOON TRAIL RD.,SANFORD,LEE,35.50857,-79.20912,ON SCREEN PLACEMENT ON GEOREFERENCED MAP,ACMEMAPPER,FALSE,FALSE,https://edocs.deq.nc.gov/WasteManagement/Search.aspx?dbid=0&searchcommand=%7B%5BWM%5D:%5BProgram_ID%5D%20%3D%20%22*NONCD0002511*%22%7D,7/2/2026 12:00:00 AM,-79.20912,35.5085700000001
49673,NONCD0002515,BOYETTE PROPERTY,403 FOREST HILLS RD,WILSON,WILSON,35.75081,-77.93877,ON SCREEN PLACEMENT ON GEOREFERENCED MAP,ACMEMAPPER,FALSE,FALSE,https://edocs.deq.nc.gov/WasteManagement/Search.aspx?dbid=0&searchcommand=%7B%5BWM%5D:%5BProgram_ID%5D%20%3D%20%22*NONCD0002512*%22%7D,7/2/2026 12:00:00 AM,-77.93877,35.7508100000001
49674,NONCD0002516,SPECTRUM DYED YARNS,422 15TH STREET SW,HICKORY,CATAWBA,35.72702,-81.366057,ON SCREEN PLACEMENT ON GEOREFERENCED MAP,ACMEMAPPER,FALSE,FALSE,https://edocs.deq.nc.gov/WasteManagement/Search.aspx?dbid=0&searchcommand=%7B%5BWM%5D:%5BProgram_ID%5D%20%3D%20%22*NONCD0002515*%22%7D,7/2/2026 12:00:00 AM,-81.366057,35.72702
49675,NONCD0002520,SPEIZMAN PROPERTY,4801 SILABERT AVENUE,CHARLOTTE,MECKLENBURG,35.19069,-80.78316,ON SCREEN PLACEMENT ON GEOREFERENCED MAP,ACMEMAPPER,FALSE,FALSE,https://edocs.deq.nc.gov/WasteManagement/Search.aspx?dbid=0&searchcommand=%7B%5BWM%5D:%5BProgram_ID%5D%20%3D%20%22*NONCD0002516*%22%7D,7/2/2026 12:00:00 AM,-80.78316,35.1906900000001
49676,NONCD0002522,JIFFY MART,1801 N RALEIGH ST,ROCKY MOUNT,EDGECOMBE,35.945667,-77.764339,ON SCREEN PLACEMENT ON GEOREFERENCED MAP,ACMEMAPPER,FALSE,FALSE,https://edocs.deq.nc.gov/WasteManagement/Search.aspx?dbid=0&searchcommand=%7B%5BWM%5D:%5BProgram_ID%5D%20%3D%20%22*NONCD0002520*%22%7D,7/2/2026 12:00:00 AM,-77.7643389999999,35.9456670000001
49677,NONCD0002527,SQUARE D - CATCH BASIN,1809 AIRPORT RD,MONROE,UNION,35.02819,-80.62173,ON SCREEN PLACEMENT ON GEOREFERENCED MAP,ACMEMAPPER,FALSE,FALSE,https://edocs.deq.nc.gov/WasteManagement/Search.aspx?dbid=0&searchcommand=%7B%5BWM%5D:%5BProgram_ID%5D%20%3D%20%22*NONCD0002522*%22%7D,7/2/2026 12:00:00 AM,-80.62173,35.0281900000001
49678,NONCD0002528,ST WOOTEN ASPHALT /P-27,SR 1301 (GREEN POND RD.),SIMS,WILSON,35.767222,-78.058888,ON SCREEN PLACEMENT ON GEOREFERENCED MAP,ACMEMAPPER,FALSE,FALSE,https://edocs.deq.nc.gov/WasteManagement/Search.aspx?dbid=0&searchcommand=%7B%5BWM%5D:%5BProgram_ID%5D%20%3D%20%22*NONCD0002527*%22%7D,7/2/2026 12:00:00 AM,-78.058888,35.7672220000001
49679,NONCD0002529,BASSETT FURNITURE-WEIMAN PLANT,1603 LEONARD ST,RAMSEUR,RANDOLPH,35.73571,-79.65731,ON SCREEN PLACEMENT ON GEOREFERENCED MAP,ACMEMAPPER,FALSE,FALSE,https://edocs.deq.nc.gov/WasteManagement/Search.aspx?dbid=0&searchcommand=%7B%5BWM%5D:%5BProgram_ID%5D%20%3D%20%22*NONCD0002528*%22%7D,7/2/2026 12:00:00 AM,-79.6573099999999,35.73571
49680,NONCD0002531,STANLEY FASTENING,2903 LEE AVE,SANFORD,LEE,35.44943,-79.1433,ON SCREEN PLACEMENT ON GEOREFERENCED MAP,ACMEMAPPER,FALSE,FALSE,https://edocs.deq.nc.gov/WasteManagement/Search.aspx?dbid=0&searchcommand=%7B%5BWM%5D:%5BProgram_ID%5D%20%3D%20%22*NONCD0002529*%22%7D,7/2/2026 12:00:00 AM,-79.1433,35.4494300000001
49681,NONCD0002532,"STAPLES, L.P.",105 RAGSDALE RD.,JAMESTOWN,GUILFORD,35.99096,-79.93854,ON SCREEN PLACEMENT ON GEOREFERENCED MAP,ACMEMAPPER,FALSE,FALSE,https://edocs.deq.nc.gov/WasteManagement/Search.aspx?dbid=0&searchcommand=%7B%5BWM%5D:%5BProgram_ID%5D%20%3D%20%22*NONCD0002531*%22%7D,7/2/2026 12:00:00 AM,-79.93854,35.99096
49682,NONCD0002533,STAR AMERICA INC - MT PLEASANT,8455 NC HWY 49N,MT. PLEASANT,CABARRUS,35.41097,-80.43445,ON SCREEN PLACEMENT ON GEOREFERENCED MAP,ACMEMAPPER,FALSE,FALSE,https://edocs.deq.nc.gov/WasteManagement/Search.aspx?dbid=0&searchcommand=%7B%5BWM%5D:%5BProgram_ID%5D%20%3D%20%22*NONCD0002532*%22%7D,7/2/2026 12:00:00 AM,-80.43445,35.4109700000001
49683,NONCD0002534,STARMOUNT CO-GREEN VALLEY RD,702-800 GREEN VALLEY RD,GREENSBORO,GUILFORD,36.09138,-79.81833,ON SCREEN PLACEMENT ON GEOREFERENCED MAP,ACMEMAPPER,FALSE,FALSE,https://edocs.deq.nc.gov/WasteManagement/Search.aspx?dbid=0&searchcommand=%7B%5BWM%5D:%5BProgram_ID%5D%20%3D%20%22*NONCD0002533*%22%7D,7/2/2026 12:00:00 AM,-79.8183299999999,36.0913800000001
49684,NONCD0002535,STARNES MOBILE HOME,2111 31ST AVE DR NE,HICKORY,CATAWBA,35.769893,-81.289995,ON SCREEN PLACEMENT ON GEOREFERENCED MAP,ACMEMAPPER,FALSE,FALSE,https://edocs.deq.nc.gov/WasteManagement/Search.aspx?dbid=0&searchcommand=%7B%5BWM%5D:%5BProgram_ID%5D%20%3D%20%22*NONCD0002534*%22%7D,7/2/2026 12:00:00 AM,-81.289995,35.769893
49685,NONCD0002536,STATE ROAD GROCERY,1930 US 21,STATE ROAD,SURRY,36.337967,-80.882755,ON SCREEN PLACEMENT ON GEOREFERENCED MAP,ACMEMAPPER,FALSE,FALSE,https://edocs.deq.nc.gov/WasteManagement/Search.aspx?dbid=0&searchcommand=%7B%5BWM%5D:%5BProgram_ID%5D%20%3D%20%22*NONCD0002535*%22%7D,7/2/2026 12:00:00 AM,-80.882755,36.337967
49686,NONCD0002540,STEELE CREEK AND SAM NEELY RDS,STEELE CREEK & SAM NEELY RDS,CHARLOTTE,MECKLENBURG,35.12437,-80.97838,ON SCREEN PLACEMENT ON GEOREFERENCED MAP,ACMEMAPPER,FALSE,FALSE,https://edocs.deq.nc.gov/WasteManagement/Search.aspx?dbid=0&searchcommand=%7B%5BWM%5D:%5BProgram_ID%5D%20%3D%20%22*NONCD0002536*%22%7D,7/2/2026 12:00:00 AM,-80.97838,35.1243700000001
49687,NONCD0002542,STEVENS CLEANERS,IONA AND MAIN STREET,FAIRMONT,ROBESON,34.496512,-79.113352,ON SCREEN PLACEMENT ON GEOREFERENCED MAP,ESRI AGOL BASE MAP,FALSE,FALSE,https://edocs.deq.nc.gov/WasteManagement/Search.aspx?dbid=0&searchcommand=%7B%5BWM%5D:%5BProgram_ID%5D%20%3D%20%22*NONCD0002540*%22%7D,7/2/2026 12:00:00 AM,-79.113352,34.4965120000001
49688,NONCD0002543,STEVECOKNIT FABRICS COMPANY,601 WILMINGTON ROAD,WALLACE,DUPLIN,34.7325,-77.987222,GPS (2-5 METER),,FALSE,FALSE,https://edocs.deq.nc.gov/WasteManagement/Search.aspx?dbid=0&searchcommand=%7B%5BWM%5D:%5BProgram_ID%5D%20%3D%20%22*NONCD0002542*%22%7D,7/2/2026 12:00:00 AM,-77.987222,34.7325000000001
49689,NONCD0002546,STOCK BUILDING SUPPLY,1701 NORTH SALEM STREET,APEX,WAKE,35.750662,-78.846683,ON SCREEN PLACEMENT ON GEOREFERENCED MAP,ACMEMAPPER,FALSE,FALSE,https://edocs.deq.nc.gov/WasteManagement/Search.aspx?dbid=0&searchcommand=%7B%5BWM%5D:%5BProgram_ID%5D%20%3D%20%22*NONCD0002543*%22%7D,7/2/2026 12:00:00 AM,-78.846683,35.750662
49690,NONCD0002550,NCDOT MARINE BLVD & US 17,MARINE BLVD & US 17,JACKSONVILLE,ONSLOW,34.77149,-77.39853,ON SCREEN PLACEMENT ON GEOREFERENCED MAP,ACMEMAPPER,FALSE,FALSE,https://edocs.deq.nc.gov/WasteManagement/Search.aspx?dbid=0&searchcommand=%7B%5BWM%5D:%5BProgram_ID%5D%20%3D%20%22*NONCD0002546*%22%7D,7/2/2026 12:00:00 AM,-77.3985299999999,34.77149
49691,NONCD0002551,STONECUTTER MILLS CORPORATION,300 DALLAS STREET,SPINDALE,RUTHERFORD,35.361066,-81.932895,ON SCREEN PLACEMENT ON GEOREFERENCED MAP,ACMEMAPPER,FALSE,FALSE,https://edocs.deq.nc.gov/WasteManagement/Search.aspx?dbid=0&searchcommand=%7B%5BWM%5D:%5BProgram_ID%5D%20%3D%20%22*NONCD0002550*%22%7D,7/2/2026 12:00:00 AM,-81.932895,35.3610660000001
49692,NONCD0002552,"USA DUTCH, INC.",3604 SOUTHERN DR,EFLAND,ORANGE,36.078767,-79.17398,ON SCREEN PLACEMENT ON GEOREFERENCED MAP,ACMEMAPPER,FALSE,FALSE,https://edocs.deq.nc.gov/WasteManagement/Search.aspx?dbid=0&searchcommand=%7B%5BWM%5D:%5BProgram_ID%5D%20%3D%20%22*NONCD0002551*%22%7D,7/2/2026 12:00:00 AM,-79.17398,36.078767
49693,NONCD0002553,STONEVILLE FURNITURE COMPANY,525 SOUTH HENRY STREET,STONEVILLE,ROCKINGHAM,36.462633,-79.907276,ON SCREEN PLACEMENT ON GEOREFERENCED MAP,ESRI AGOL BASE MAP,FALSE,FALSE,https://edocs.deq.nc.gov/WasteManagement/Search.aspx?dbid=0&searchcommand=%7B%5BWM%5D:%5BProgram_ID%5D%20%3D%20%22*NONCD0002552*%22%7D,7/2/2026 12:00:00 AM,-79.907276,36.462633
49694,NONCD0002555,WHITEVILLE BUMPER & GLASS (FORMER),824 JEFFERSON ST,WHITEVILLE,COLUMBUS,34.338892,-78.684398,ON SCREEN PLACEMENT ON GEOREFERENCED MAP,ACMEMAPPER,FALSE,FALSE,https://edocs.deq.nc.gov/WasteManagement/Search.aspx?dbid=0&searchcommand=%7B%5BWM%5D:%5BProgram_ID%5D%20%3D%20%22*NONCD0002553*%22%7D,7/2/2026 12:00:00 AM,-78.684398,34.338892
49695,NONCD0002558,319 S WEST ST DEVELOPMENT,319 WEST ST,RALEIGH,WAKE,35.77661,-78.64583,ON SCREEN PLACEMENT ON GEOREFERENCED MAP,ACMEMAPPER,FALSE,FALSE,https://edocs.deq.nc.gov/WasteManagement/Search.aspx?dbid=0&searchcommand=%7B%5BWM%5D:%5BProgram_ID%5D%20%3D%20%22*NONCD0002555*%22%7D,7/2/2026 12:00:00 AM,-78.64583,35.7766100000001
49696,NONCD0002560,SUNOCO #4-1475 - SOLVENTS,1138 N TRYON STREET,CHARLOTTE,MECKLENBURG,35.23583,-80.83083,ON SCREEN PLACEMENT ON GEOREFERENCED MAP,ACMEMAPPER,FALSE,FALSE,https://edocs.deq.nc.gov/WasteManagement/Search.aspx?dbid=0&searchcommand=%7B%5BWM%5D:%5BProgram_ID%5D%20%3D%20%22*NONCD0002558*%22%7D,7/2/2026 12:00:00 AM,-80.8308299999999,35.2358300000001
49697,NONCD0002561,SUNOCO BULK TERMINAL,RIVER ROAD,WILMINGTON,NEW HANOVER,34.18976,-77.95151,ON SCREEN PLACEMENT ON GEOREFERENCED MAP,ACMEMAPPER,FALSE,FALSE,https://edocs.deq.nc.gov/WasteManagement/Search.aspx?dbid=0&searchcommand=%7B%5BWM%5D:%5BProgram_ID%5D%20%3D%20%22*NONCD0002560*%22%7D,7/2/2026 12:00:00 AM,-77.95151,34.18976
49698,NONCD0002562,SUNSHINE MFG - PCE,HIGHWAY 52 SOUTH,ROCKWELL,ROWAN,35.548988,-80.392981,ON SCREEN PLACEMENT ON GEOREFERENCED MAP,ACMEMAPPER,FALSE,FALSE,https://edocs.deq.nc.gov/WasteManagement/Search.aspx?dbid=0&searchcommand=%7B%5BWM%5D:%5BProgram_ID%5D%20%3D%20%22*NONCD0002561*%22%7D,7/2/2026 12:00:00 AM,-80.392981,35.5489880000001
49699,NONCD0002563,SUPERIOR INK COMPANY,4820 ROZZELLS FERRY ROAD,CHARLOTTE,MECKLENBURG,35.27378,-80.88992,ON SCREEN PLACEMENT ON GEOREFERENCED MAP,ACMEMAPPER,FALSE,FALSE,https://edocs.deq.nc.gov/WasteManagement/Search.aspx?dbid=0&searchcommand=%7B%5BWM%5D:%5BProgram_ID%5D%20%3D%20%22*NONCD0002562*%22%7D,7/2/2026 12:00:00 AM,-80.88992,35.27378
49700,NONCD0002564,ALLENS FARM SUPPLY,511 N 3RD ST,WILMINGTON,NEW HANOVER,34.24186,-77.94708,ON SCREEN PLACEMENT ON GEOREFERENCED MAP,ACMEMAPPER,FALSE,FALSE,https://edocs.deq.nc.gov/WasteManagement/Search.aspx?dbid=0&searchcommand=%7B%5BWM%5D:%5BProgram_ID%5D%20%3D%20%22*NONCD0002563*%22%7D,7/2/2026 12:00:00 AM,-77.94708,34.24186
49701,NONCD0002568,SWARTZ & SONS (SMITH METAL & IRON W,W. 3RD AND CEDAR,CHARLOTTE,MECKLENBURG,35.23081,-80.85389,ON SCREEN PLACEMENT ON GEOREFERENCED MAP,ACMEMAPPER,FALSE,FALSE,https://edocs.deq.nc.gov/WasteManagement/Search.aspx?dbid=0&searchcommand=%7B%5BWM%5D:%5BProgram_ID%5D%20%3D%20%22*NONCD0002564*%22%7D,7/2/2026 12:00:00 AM,-80.85389,35.2308100000001
49702,NONCD0002569,"ARVIN MERITOR, INC",1000 ROCKWELL DR,FLETCHER,HENDERSON,35.41238,-82.51475,ON SCREEN PLACEMENT ON GEOREFERENCED MAP,ACMEMAPPER,FALSE,FALSE,https://edocs.deq.nc.gov/WasteManagement/Search.aspx?dbid=0&searchcommand=%7B%5BWM%5D:%5BProgram_ID%5D%20%3D%20%22*NONCD0002568*%22%7D,7/2/2026 12:00:00 AM,-82.5147499999999,35.41238
49703,NONCD0002570,SWEETWATER MHP & BOBBY TAYLOR OIL COMPAN,SWEETWATER DRIVE,FAYETTEVILLE,CUMBERLAND,35.12188,-78.88209,ON SCREEN PLACEMENT ON GEOREFERENCED MAP,ACMEMAPPER,FALSE,FALSE,https://edocs.deq.nc.gov/WasteManagement/Search.aspx?dbid=0&searchcommand=%7B%5BWM%5D:%5BProgram_ID%5D%20%3D%20%22*NONCD0002569*%22%7D,7/2/2026 12:00:00 AM,-78.8820899999999,35.12188
49704,NONCD0002571,"SYKES RESIDENCE, RONNIE",1456 GANT ROAD,GRAHAM,ALAMANCE,36.055364,-79.413344,ON SCREEN PLACEMENT ON GEOREFERENCED MAP,ACMEMAPPER,FALSE,FALSE,https://edocs.deq.nc.gov/WasteManagement/Search.aspx?dbid=0&searchcommand=%7B%5BWM%5D:%5BProgram_ID%5D%20%3D%20%22*NONCD0002570*%22%7D,7/2/2026 12:00:00 AM,-79.4133439999999,36.0553640000001
49705,NONCD0002574,MONROE RD PCE CONTAMINATION,4102 MONROE ROAD,CHARLOTTE,MECKLENBURG,35.19638,-80.79089,ON SCREEN PLACEMENT ON GEOREFERENCED MAP,ACMEMAPPER,FALSE,FALSE,https://edocs.deq.nc.gov/WasteManagement/Search.aspx?dbid=0&searchcommand=%7B%5BWM%5D:%5BProgram_ID%5D%20%3D%20%22*NONCD0002571*%22%7D,7/2/2026 12:00:00 AM,-80.79089,35.19638
49706,NONCD0002575,TAKEDA - BASF,101 VITAMIN DRIVE,WILMINGTON,NEW HANOVER,34.33388,-78.00753,ON SCREEN PLACEMENT ON GEOREFERENCED MAP,ACMEMAPPER,FALSE,TRUE,https://edocs.deq.nc.gov/WasteManagement/Search.aspx?dbid=0&searchcommand=%7B%5BWM%5D:%5BProgram_ID%5D%20%3D%20%22*NONCD0002574*%22%7D,7/2/2026 12:00:00 AM,-78.00753,34.3338800000001
49707,NONCD0002576,CASWELL CENTER RESEARCH FARM,2415 W VERNON AVE,KINSTON,LENOIR,35.27928,-77.61406,ON SCREEN PLACEMENT ON GEOREFERENCED MAP,ACMEMAPPER,FALSE,FALSE,https://edocs.deq.nc.gov/WasteManagement/Search.aspx?dbid=0&searchcommand=%7B%5BWM%5D:%5BProgram_ID%5D%20%3D%20%22*NONCD0002575*%22%7D,7/2/2026 12:00:00 AM,-77.6140599999999,35.27928
49708,NONCD0002579,TALON ZIPPER FACILITY (FORMER),500 HOVIS ROAD,STANLEY,GASTON,35.36763,-81.10653,ON SCREEN PLACEMENT ON GEOREFERENCED MAP,ACMEMAPPER,FALSE,FALSE,https://edocs.deq.nc.gov/WasteManagement/Search.aspx?dbid=0&searchcommand=%7B%5BWM%5D:%5BProgram_ID%5D%20%3D%20%22*NONCD0002576*%22%7D,7/2/2026 12:00:00 AM,-81.10653,35.3676300000001
49709,NONCD0002582,TAU VALLEY APARTMENTS,237 WINSTEAD AVENUE,ROCKY MOUNT,NASH,35.96095,-77.84822,ON SCREEN PLACEMENT ON GEOREFERENCED MAP,ACMEMAPPER,FALSE,FALSE,https://edocs.deq.nc.gov/WasteManagement/Search.aspx?dbid=0&searchcommand=%7B%5BWM%5D:%5BProgram_ID%5D%20%3D%20%22*NONCD0002579*%22%7D,7/2/2026 12:00:00 AM,-77.84822,35.96095
49710,NONCD0002583,TAYLOR SALT & CHEMICAL 2,3915 GLENWOOD DRIVE,CHARLOTTE,MECKLENBURG,35.249686,-80.886682,ON SCREEN PLACEMENT ON GEOREFERENCED MAP,ACMEMAPPER,FALSE,FALSE,https://edocs.deq.nc.gov/WasteManagement/Search.aspx?dbid=0&searchcommand=%7B%5BWM%5D:%5BProgram_ID%5D%20%3D%20%22*NONCD0002582*%22%7D,7/2/2026 12:00:00 AM,-80.886682,35.2496860000001
49711,NONCD0002584,LYNX LIGHT RAIL LINE/CHARLOTTE TRANSP,210 E TRADE ST,CHARLOTTE,MECKLENBURG,35.22484,-80.84162,ON SCREEN PLACEMENT ON GEOREFERENCED MAP,ACMEMAPPER,FALSE,FALSE,https://edocs.deq.nc.gov/WasteManagement/Search.aspx?dbid=0&searchcommand=%7B%5BWM%5D:%5BProgram_ID%5D%20%3D%20%22*NONCD0002583*%22%7D,7/2/2026 12:00:00 AM,-80.84162,35.22484
49712,NONCD0002585,TEMCO (FORMER VENTRA),2711 WILKINSON BLVD,CHARLOTTE,MECKLENBURG,35.22297,-80.88675,ON SCREEN PLACEMENT ON GEOREFERENCED MAP,ACMEMAPPER,FALSE,FALSE,https://edocs.deq.nc.gov/WasteManagement/Search.aspx?dbid=0&searchcommand=%7B%5BWM%5D:%5BProgram_ID%5D%20%3D%20%22*NONCD0002584*%22%7D,7/2/2026 12:00:00 AM,-80.8867499999999,35.22297
49713,NONCD0002587,TEXTILE PIECE DYEING,"HIGHWAY 321, NORTH BYPASS",LINCOLNTON,LINCOLN,35.483637,-81.246024,ON SCREEN PLACEMENT ON GEOREFERENCED MAP,ACMEMAPPER,FALSE,FALSE,https://edocs.deq.nc.gov/WasteManagement/Search.aspx?dbid=0&searchcommand=%7B%5BWM%5D:%5BProgram_ID%5D%20%3D%20%22*NONCD0002585*%22%7D,7/2/2026 12:00:00 AM,-81.246024,35.483637
49714,NONCD0002588,THE STORE - SILOAM,3069 SILOAM ROAD,SILOAM,SURRY,36.286322,-80.562266,ON SCREEN PLACEMENT ON GEOREFERENCED MAP,ESRI AGOL BASE MAP,FALSE,FALSE,https://edocs.deq.nc.gov/WasteManagement/Search.aspx?dbid=0&searchcommand=%7B%5BWM%5D:%5BProgram_ID%5D%20%3D%20%22*NONCD0002587*%22%7D,7/2/2026 12:00:00 AM,-80.562266,36.286322
49715,NONCD0002589,THIRD AND CHURCH STREET,THIRD AND CHURCH STREET,CHARLOTTE,MECKLENBURG,35.22627,-80.84654,ON SCREEN PLACEMENT ON GEOREFERENCED MAP,ACMEMAPPER,FALSE,FALSE,https://edocs.deq.nc.gov/WasteManagement/Search.aspx?dbid=0&searchcommand=%7B%5BWM%5D:%5BProgram_ID%5D%20%3D%20%22*NONCD0002588*%22%7D,7/2/2026 12:00:00 AM,-80.8465399999999,35.2262700000001
49716,NONCD0002590,THOMAS BUILT BUSES - NONUST,412-RI RIDGEWAY PLACE,HIGH POINT,GUILFORD,35.939945,-80.02135,ON SCREEN PLACEMENT ON GEOREFERENCED MAP,ACMEMAPPER,FALSE,FALSE,https://edocs.deq.nc.gov/WasteManagement/Search.aspx?dbid=0&searchcommand=%7B%5BWM%5D:%5BProgram_ID%5D%20%3D%20%22*NONCD0002589*%22%7D,7/2/2026 12:00:00 AM,-80.02135,35.9399450000001
49717,NONCD0002591,THOMAS CONCRETE,3701 N GRAHAM STREET,CHARLOTTE,MECKLENBURG,35.2675,-80.81558,ON SCREEN PLACEMENT ON GEOREFERENCED MAP,ACMEMAPPER,FALSE,FALSE,https://edocs.deq.nc.gov/WasteManagement/Search.aspx?dbid=0&searchcommand=%7B%5BWM%5D:%5BProgram_ID%5D%20%3D%20%22*NONCD0002590*%22%7D,7/2/2026 12:00:00 AM,-80.81558,35.2675
49718,NONCD0002592,THOMASVILLE FURNITURE-WINSTON SALEM,1201 NORTH PATTERSON AVENUE,WINSTON-SALEM,FORSYTH,36.10917,-80.24077,ON SCREEN PLACEMENT ON GEOREFERENCED MAP,ESRI AGOL BASE MAP,FALSE,FALSE,https://edocs.deq.nc.gov/WasteManagement/Search.aspx?dbid=0&searchcommand=%7B%5BWM%5D:%5BProgram_ID%5D%20%3D%20%22*NONCD0002591*%22%7D,7/2/2026 12:00:00 AM,-80.2407699999999,36.1091700000001
49719,NONCD0002593,"RJS/STS, LLC PROPERTY-PARCEL 32",1320 S GRAHAM ST,CHARLOTTE,MECKLENBURG,35.22184,-80.85932,ON SCREEN PLACEMENT ON GEOREFERENCED MAP,ACMEMAPPER,FALSE,FALSE,https://edocs.deq.nc.gov/WasteManagement/Search.aspx?dbid=0&searchcommand=%7B%5BWM%5D:%5BProgram_ID%5D%20%3D%20%22*NONCD0002592*%22%7D,7/2/2026 12:00:00 AM,-80.85932,35.22184
49720,NONCD0002596,THONET PROPERTY #2,WISE STREET AND MEETING STREET,STATESVILLE,IREDELL,35.775555,-80.885555,ON SCREEN PLACEMENT ON GEOREFERENCED MAP,ACMEMAPPER,FALSE,FALSE,https://edocs.deq.nc.gov/WasteManagement/Search.aspx?dbid=0&searchcommand=%7B%5BWM%5D:%5BProgram_ID%5D%20%3D%20%22*NONCD0002593*%22%7D,7/2/2026 12:00:00 AM,-80.885555,35.7755550000001
49721,NONCD0002597,BURLINGTON INDUSTRIES,1181 OLD CAROLEEN RD,FOREST CITY,RUTHERFORD,35.31578,-81.82118,ON SCREEN PLACEMENT ON GEOREFERENCED MAP,UNKNOWN,FALSE,FALSE,https://edocs.deq.nc.gov/WasteManagement/Search.aspx?dbid=0&searchcommand=%7B%5BWM%5D:%5BProgram_ID%5D%20%3D%20%22*NONCD0002596*%22%7D,7/2/2026 12:00:00 AM,-81.82118,35.3157800000001
49722,NONCD0002599,TICAR CHEMICAL CO,PO BOX 4205,ASHEVILLE,BUNCOMBE,35.52095,-82.60526,ON SCREEN PLACEMENT ON GEOREFERENCED MAP,ACMEMAPPER,FALSE,FALSE,https://edocs.deq.nc.gov/WasteManagement/Search.aspx?dbid=0&searchcommand=%7B%5BWM%5D:%5BProgram_ID%5D%20%3D%20%22*NONCD0002597*%22%7D,7/2/2026 12:00:00 AM,-82.60526,35.52095
49723,NONCD0002600,"TILLETT CHEMICAL, INC.",316 COLLEGE STREET,PINEVILLE,MECKLENBURG,35.08668,-80.89029,ON SCREEN PLACEMENT ON GEOREFERENCED MAP,ACMEMAPPER,FALSE,FALSE,https://edocs.deq.nc.gov/WasteManagement/Search.aspx?dbid=0&searchcommand=%7B%5BWM%5D:%5BProgram_ID%5D%20%3D%20%22*NONCD0002599*%22%7D,7/2/2026 12:00:00 AM,-80.8902899999999,35.0866800000001
49724,NONCD0002602,HONEYWELL INTERNATIONAL,1845 WITHERS RD,MAIDEN,CATAWBA,35.56944,-81.19028,ON SCREEN PLACEMENT ON GEOREFERENCED MAP,ACMEMAPPER,FALSE,TRUE,https://edocs.deq.nc.gov/WasteManagement/Search.aspx?dbid=0&searchcommand=%7B%5BWM%5D:%5BProgram_ID%5D%20%3D%20%22*NONCD0002600*%22%7D,7/2/2026 12:00:00 AM,-81.19028,35.56944
49725,NONCD0002603,TIMKEN US CORP.,1510 HIGHWAY 221 SOUTH,RUTHERFORDTON,RUTHERFORD,35.31466,-81.93066,ON SCREEN PLACEMENT ON GEOREFERENCED MAP,ACMEMAPPER,FALSE,FALSE,https://edocs.deq.nc.gov/WasteManagement/Search.aspx?dbid=0&searchcommand=%7B%5BWM%5D:%5BProgram_ID%5D%20%3D%20%22*NONCD0002602*%22%7D,7/2/2026 12:00:00 AM,-81.93066,35.3146600000001
49726,NONCD0002608,"TOMMY POLLARD PROPERTY, PARCEL 901",INTERSECTION OF HWY. 24 & 53,JACKSONVILLE,ONSLOW,34.75586,-77.48186,ON SCREEN PLACEMENT ON GEOREFERENCED MAP,ACMEMAPPER,FALSE,FALSE,https://edocs.deq.nc.gov/WasteManagement/Search.aspx?dbid=0&searchcommand=%7B%5BWM%5D:%5BProgram_ID%5D%20%3D%20%22*NONCD0002603*%22%7D,7/2/2026 12:00:00 AM,-77.48186,34.75586
49727,NONCD0002609,TOMMYS AUTOMOTIVE - SOLVENTS,6000 THE PLAZA,CHARLOTTE,MECKLENBURG,35.24837,-80.75392,ON SCREEN PLACEMENT ON GEOREFERENCED MAP,ACMEMAPPER,FALSE,FALSE,https://edocs.deq.nc.gov/WasteManagement/Search.aspx?dbid=0&searchcommand=%7B%5BWM%5D:%5BProgram_ID%5D%20%3D%20%22*NONCD0002608*%22%7D,7/2/2026 12:00:00 AM,-80.7539199999999,35.2483700000001
49728,NONCD0002611,TOWN CENTER PROJECT,20101 N MAIN ST,CORNELIUS,MECKLENBURG,35.48256,-80.85855,ON SCREEN PLACEMENT ON GEOREFERENCED MAP,ACMEMAPPER,FALSE,FALSE,https://edocs.deq.nc.gov/WasteManagement/Search.aspx?dbid=0&searchcommand=%7B%5BWM%5D:%5BProgram_ID%5D%20%3D%20%22*NONCD0002609*%22%7D,7/2/2026 12:00:00 AM,-80.85855,35.48256
49729,NONCD0002612,TOWN OF CAROLINA BEACH,406 S. DOW ROAD,CAROLINA BEACH,NEW HANOVER,34.03399,-77.90864,ON SCREEN PLACEMENT ON GEOREFERENCED MAP,ACMEMAPPER,FALSE,TRUE,https://edocs.deq.nc.gov/WasteManagement/Search.aspx?dbid=0&searchcommand=%7B%5BWM%5D:%5BProgram_ID%5D%20%3D%20%22*NONCD0002611*%22%7D,7/2/2026 12:00:00 AM,-77.9086399999999,34.0339900000001
49730,NONCD0002616,PEACH ORCHARD LANE,PEACH ORCHARD LN & HARDER ST,SALISBURY,ROWAN,35.62115,-80.52987,ON SCREEN PLACEMENT ON GEOREFERENCED MAP,ACMEMAPPER,FALSE,FALSE,https://edocs.deq.nc.gov/WasteManagement/Search.aspx?dbid=0&searchcommand=%7B%5BWM%5D:%5BProgram_ID%5D%20%3D%20%22*NONCD0002612*%22%7D,7/2/2026 12:00:00 AM,-80.52987,35.6211500000001
49731,NONCD0002617,TRACY LIPE,31 KINGWOOD HILLS DR.,FLETCHER,HENDERSON,35.36972,-82.46638,ON SCREEN PLACEMENT ON GEOREFERENCED MAP,ACMEMAPPER,FALSE,FALSE,https://edocs.deq.nc.gov/WasteManagement/Search.aspx?dbid=0&searchcommand=%7B%5BWM%5D:%5BProgram_ID%5D%20%3D%20%22*NONCD0002616*%22%7D,7/2/2026 12:00:00 AM,-82.46638,35.36972
49732,NONCD0002618,TRADEMART ASSOC UNITED PROP,500 BLOCK S COLLEGE STREET,CHARLOTTE,MECKLENBURG,35.223611,-80.846388,ON SCREEN PLACEMENT ON GEOREFERENCED MAP,ACMEMAPPER,FALSE,FALSE,https://edocs.deq.nc.gov/WasteManagement/Search.aspx?dbid=0&searchcommand=%7B%5BWM%5D:%5BProgram_ID%5D%20%3D%20%22*NONCD0002617*%22%7D,7/2/2026 12:00:00 AM,-80.846388,35.2236110000001
49733,NONCD0002620,TRANE SERVICE FIRST,4500 MORRIS FIELD DRIVE,CHARLOTTE,MECKLENBURG,35.21944,-80.91808,ON SCREEN PLACEMENT ON GEOREFERENCED MAP,ACMEMAPPER,FALSE,FALSE,https://edocs.deq.nc.gov/WasteManagement/Search.aspx?dbid=0&searchcommand=%7B%5BWM%5D:%5BProgram_ID%5D%20%3D%20%22*NONCD0002618*%22%7D,7/2/2026 12:00:00 AM,-80.91808,35.2194400000001
49734,NONCD0002621,TRANSAMERICA MEDICAL BUILDING,158 MCCLEAN ROAD,BREVARD,TRANSYLVANIA,35.24277,-82.73066,ON SCREEN PLACEMENT ON GEOREFERENCED MAP,ACMEMAPPER,FALSE,FALSE,https://edocs.deq.nc.gov/WasteManagement/Search.aspx?dbid=0&searchcommand=%7B%5BWM%5D:%5BProgram_ID%5D%20%3D%20%22*NONCD0002620*%22%7D,7/2/2026 12:00:00 AM,-82.7306599999999,35.2427700000001
49735,NONCD0002622,MOCK JUDSON VOEHRINGER MILL,2610 OAKLAND AVE,GREENSBORO,GUILFORD,36.06202,-79.83474,ON SCREEN PLACEMENT ON GEOREFERENCED MAP,UNKNOWN,FALSE,FALSE,https://edocs.deq.nc.gov/WasteManagement/Search.aspx?dbid=0&searchcommand=%7B%5BWM%5D:%5BProgram_ID%5D%20%3D%20%22*NONCD0002621*%22%7D,7/2/2026 12:00:00 AM,-79.83474,36.0620200000001
49736,NONCD0002623,RED APPLE MARKETS #40 (FMR),925 E MEMORIAL DR,AHOSKIE,HERTFORD,36.2769,-76.97932,ON SCREEN PLACEMENT ON GEOREFERENCED MAP,ACMEMAPPER,FALSE,FALSE,https://edocs.deq.nc.gov/WasteManagement/Search.aspx?dbid=0&searchcommand=%7B%5BWM%5D:%5BProgram_ID%5D%20%3D%20%22*NONCD0002622*%22%7D,7/2/2026 12:00:00 AM,-76.97932,36.2769000000001
49737,NONCD0002624,DODSON EXTERMINATORS/US CELLULAR,2861 RICHLANDS HWY,JACKSONVILLE,ONSLOW,34.75483,-77.46544,ON SCREEN PLACEMENT ON GEOREFERENCED MAP,ACMEMAPPER,FALSE,FALSE,https://edocs.deq.nc.gov/WasteManagement/Search.aspx?dbid=0&searchcommand=%7B%5BWM%5D:%5BProgram_ID%5D%20%3D%20%22*NONCD0002623*%22%7D,7/2/2026 12:00:00 AM,-77.4654399999999,34.75483
49738,NONCD0002626,ROBERTS ST ORGANICS,109 ROBERTS ST,ASHEVILLE,BUNCOMBE,35.58702,-82.56721,ON SCREEN PLACEMENT ON GEOREFERENCED MAP,ACMEMAPPER,FALSE,FALSE,https://edocs.deq.nc.gov/WasteManagement/Search.aspx?dbid=0&searchcommand=%7B%5BWM%5D:%5BProgram_ID%5D%20%3D%20%22*NONCD0002624*%22%7D,7/2/2026 12:00:00 AM,-82.56721,35.5870200000001
49739,NONCD0002627,TRIANGLE FURNITURE STRIPPING,1221 & 1179 W NC 54 HWY,DURHAM,DURHAM,35.91828,-78.96106,ON SCREEN PLACEMENT ON GEOREFERENCED MAP,ACMEMAPPER,FALSE,FALSE,https://edocs.deq.nc.gov/WasteManagement/Search.aspx?dbid=0&searchcommand=%7B%5BWM%5D:%5BProgram_ID%5D%20%3D%20%22*NONCD0002626*%22%7D,7/2/2026 12:00:00 AM,-78.96106,35.91828
49740,NONCD0002628,TRIANGLE MACHINE & ELECTRONICS,705 N.MAIN STREET,KERNERSVILLE,FORSYTH,36.12896,-80.0619,ON SCREEN PLACEMENT ON GEOREFERENCED MAP,ESRI AGOL BASE MAP,FALSE,FALSE,https://edocs.deq.nc.gov/WasteManagement/Search.aspx?dbid=0&searchcommand=%7B%5BWM%5D:%5BProgram_ID%5D%20%3D%20%22*NONCD0002627*%22%7D,7/2/2026 12:00:00 AM,-80.0619,36.1289600000001
49741,NONCD0002629,TRIANGLE RESEARCH & DEVELOPMEN,2602 S ELM ST,RALEIGH,WAKE,35.8625,-78.710277,ON SCREEN PLACEMENT ON GEOREFERENCED MAP,ACMEMAPPER,FALSE,FALSE,https://edocs.deq.nc.gov/WasteManagement/Search.aspx?dbid=0&searchcommand=%7B%5BWM%5D:%5BProgram_ID%5D%20%3D%20%22*NONCD0002628*%22%7D,7/2/2026 12:00:00 AM,-78.710277,35.8625000000001
49742,NONCD0002632,WHITE SWANS RENTALS,204 E MARKET ST,ELKIN,SURRY,36.24494,-80.84861,GEOCODE (ADDRESS MATCH),ACMEMAPPER,FALSE,FALSE,https://edocs.deq.nc.gov/WasteManagement/Search.aspx?dbid=0&searchcommand=%7B%5BWM%5D:%5BProgram_ID%5D%20%3D%20%22*NONCD0002629*%22%7D,7/2/2026 12:00:00 AM,-80.84861,36.24494
49743,NONCD0002633,TRINITY AMERICAN CORP.,5275 GLENOLA IND. DR,GLENOLA,RANDOLPH,35.8689,-79.90685,ON SCREEN PLACEMENT ON GEOREFERENCED MAP,ACMEMAPPER,FALSE,FALSE,https://edocs.deq.nc.gov/WasteManagement/Search.aspx?dbid=0&searchcommand=%7B%5BWM%5D:%5BProgram_ID%5D%20%3D%20%22*NONCD0002632*%22%7D,7/2/2026 12:00:00 AM,-79.90685,35.8689000000001
49744,NONCD0002634,"CAMDEN, KINGSTON, & PARK SOLVENTS",W KINGSTON AVE & CAMDEN RD,CHARLOTTE,MECKLENBURG,35.21476,-80.85792,ON SCREEN PLACEMENT ON GEOREFERENCED MAP,ACMEMAPPER,FALSE,FALSE,https://edocs.deq.nc.gov/WasteManagement/Search.aspx?dbid=0&searchcommand=%7B%5BWM%5D:%5BProgram_ID%5D%20%3D%20%22*NONCD0002633*%22%7D,7/2/2026 12:00:00 AM,-80.85792,35.2147600000001
49745,NONCD0002635,TROUTMAN PULPWOOD #2,116 WHITE MILL RD,STATESVILLE,IREDELL,35.7625,-80.883611,ON SCREEN PLACEMENT ON GEOREFERENCED MAP,ACMEMAPPER,FALSE,FALSE,https://edocs.deq.nc.gov/WasteManagement/Search.aspx?dbid=0&searchcommand=%7B%5BWM%5D:%5BProgram_ID%5D%20%3D%20%22*NONCD0002634*%22%7D,7/2/2026 12:00:00 AM,-80.883611,35.7625
49746,NONCD0002639,"TUSCARORA YARNS, INC.",8760 E. FRANKLIN ST.,MT. PLEASANT,CABARRUS,35.396746,-80.42972,ON SCREEN PLACEMENT ON GEOREFERENCED MAP,ACMEMAPPER,FALSE,FALSE,https://edocs.deq.nc.gov/WasteManagement/Search.aspx?dbid=0&searchcommand=%7B%5BWM%5D:%5BProgram_ID%5D%20%3D%20%22*NONCD0002635*%22%7D,7/2/2026 12:00:00 AM,-80.42972,35.3967460000001
49747,NONCD0002640,POWELL'S POINT REST STOP (FRMR),8364 CARATOKE HWY,POWELLS POINT,CURRITUCK,36.120773,-75.833267,ON SCREEN PLACEMENT ON GEOREFERENCED MAP,ACMEMAPPER,FALSE,FALSE,https://edocs.deq.nc.gov/WasteManagement/Search.aspx?dbid=0&searchcommand=%7B%5BWM%5D:%5BProgram_ID%5D%20%3D%20%22*NONCD0002639*%22%7D,7/2/2026 12:00:00 AM,-75.833267,36.120773
49748,NONCD0002645,UNIFIRST,1821 DAWSON STREET,WILMINGTON,NEW HANOVER,34.2263,-77.9241,ON SCREEN PLACEMENT ON GEOREFERENCED MAP,ACMEMAPPER,FALSE,TRUE,https://edocs.deq.nc.gov/WasteManagement/Search.aspx?dbid=0&searchcommand=%7B%5BWM%5D:%5BProgram_ID%5D%20%3D%20%22*NONCD0002640*%22%7D,7/2/2026 12:00:00 AM,-77.9241,34.2263
49749,NONCD0002646,UNIFIRST CORPORATION (FRMR TEXTILEASE),800 SOUTH JOHN STREET,GOLDSBORO,WAYNE,35.37162,-77.99934,ON SCREEN PLACEMENT ON GEOREFERENCED MAP,ACMEMAPPER,FALSE,TRUE,https://edocs.deq.nc.gov/WasteManagement/Search.aspx?dbid=0&searchcommand=%7B%5BWM%5D:%5BProgram_ID%5D%20%3D%20%22*NONCD0002645*%22%7D,7/2/2026 12:00:00 AM,-77.99934,35.3716200000001
49750,NONCD0002647,UNION ROAD,122 FAIRSTONE ROAD,GASTONIA,GASTON,35.185652,-81.147394,ON SCREEN PLACEMENT ON GEOREFERENCED MAP,ACMEMAPPER,FALSE,FALSE,https://edocs.deq.nc.gov/WasteManagement/Search.aspx?dbid=0&searchcommand=%7B%5BWM%5D:%5BProgram_ID%5D%20%3D%20%22*NONCD0002646*%22%7D,7/2/2026 12:00:00 AM,-81.147394,35.1856520000001
49751,NONCD0002648,UNITED CHEMI-CON - NONUST,185 MCNEIL RD.,LANSING,ASHE,36.480123,-81.504536,ON SCREEN PLACEMENT ON GEOREFERENCED MAP,ACMEMAPPER,FALSE,FALSE,https://edocs.deq.nc.gov/WasteManagement/Search.aspx?dbid=0&searchcommand=%7B%5BWM%5D:%5BProgram_ID%5D%20%3D%20%22*NONCD0002647*%22%7D,7/2/2026 12:00:00 AM,-81.504536,36.480123
49752,NONCD0002649,UNITED ENGRAVING,320 MEACHAM ROAD,STATESVILLE,IREDELL,35.79153,-80.92256,ON SCREEN PLACEMENT ON GEOREFERENCED MAP,ACMEMAPPER,FALSE,FALSE,https://edocs.deq.nc.gov/WasteManagement/Search.aspx?dbid=0&searchcommand=%7B%5BWM%5D:%5BProgram_ID%5D%20%3D%20%22*NONCD0002648*%22%7D,7/2/2026 12:00:00 AM,-80.92256,35.7915300000001
49753,NONCD0002650,WHITNEY ENTERPRISES,814 MIDLAND TERRACE,DURHAM,DURHAM,36.005779,-78.860809,ON SCREEN PLACEMENT ON GEOREFERENCED MAP,ACMEMAPPER,FALSE,FALSE,https://edocs.deq.nc.gov/WasteManagement/Search.aspx?dbid=0&searchcommand=%7B%5BWM%5D:%5BProgram_ID%5D%20%3D%20%22*NONCD0002649*%22%7D,7/2/2026 12:00:00 AM,-78.860809,36.0057790000001
49754,NONCD0002651,"UNITED SCREEN PRINTERS, INC.",BROWNS HILL ROAD,LOCUST,STANLY,35.245061,-80.457304,ON SCREEN PLACEMENT ON GEOREFERENCED MAP,ACMEMAPPER,FALSE,FALSE,https://edocs.deq.nc.gov/WasteManagement/Search.aspx?dbid=0&searchcommand=%7B%5BWM%5D:%5BProgram_ID%5D%20%3D%20%22*NONCD0002650*%22%7D,7/2/2026 12:00:00 AM,-80.457304,35.2450610000001
49755,NONCD0002652,UNITED TECHNOLOGIES AUTOMOTIVE,511 HAY ST.,MOUNT AIRY,SURRY,36.509322,-80.617284,ON SCREEN PLACEMENT ON GEOREFERENCED MAP,ACMEMAPPER,FALSE,FALSE,https://edocs.deq.nc.gov/WasteManagement/Search.aspx?dbid=0&searchcommand=%7B%5BWM%5D:%5BProgram_ID%5D%20%3D%20%22*NONCD0002651*%22%7D,7/2/2026 12:00:00 AM,-80.617284,36.5093220000001
49756,NONCD0002654,UNIVERSAL STAINLESS,10801 NATIONS FORD ROAD,PINEVILLE,MECKLENBURG,35.11416,-80.91,ON SCREEN PLACEMENT ON GEOREFERENCED MAP,ACMEMAPPER,FALSE,FALSE,https://edocs.deq.nc.gov/WasteManagement/Search.aspx?dbid=0&searchcommand=%7B%5BWM%5D:%5BProgram_ID%5D%20%3D%20%22*NONCD0002652*%22%7D,7/2/2026 12:00:00 AM,-80.91,35.11416
49757,NONCD0002655,UNIVERSITY SQUARE,830 WEST MARKET STREET,GREENSBORO,GUILFORD,36.07319,-79.80097,ON SCREEN PLACEMENT ON GEOREFERENCED MAP,ACMEMAPPER,FALSE,FALSE,https://edocs.deq.nc.gov/WasteManagement/Search.aspx?dbid=0&searchcommand=%7B%5BWM%5D:%5BProgram_ID%5D%20%3D%20%22*NONCD0002654*%22%7D,7/2/2026 12:00:00 AM,-79.8009699999999,36.0731900000001
49758,NONCD0002656,UNOCAL - GOODRICH,12040 GOODRICH DRIVE,CHARLOTTE,MECKLENBURG,35.12534,-80.96502,ON SCREEN PLACEMENT ON GEOREFERENCED MAP,ACMEMAPPER,FALSE,TRUE,https://edocs.deq.nc.gov/WasteManagement/Search.aspx?dbid=0&searchcommand=%7B%5BWM%5D:%5BProgram_ID%5D%20%3D%20%22*NONCD0002655*%22%7D,7/2/2026 12:00:00 AM,-80.96502,35.1253400000001
49759,NONCD0002657,US AIRWAYS MAINTENANCE FACILITY,5020 HANGAR ROAD,CHARLOTTE,MECKLENBURG,35.205827,-80.944756,ON SCREEN PLACEMENT ON GEOREFERENCED MAP,ACMEMAPPER,FALSE,FALSE,https://edocs.deq.nc.gov/WasteManagement/Search.aspx?dbid=0&searchcommand=%7B%5BWM%5D:%5BProgram_ID%5D%20%3D%20%22*NONCD0002656*%22%7D,7/2/2026 12:00:00 AM,-80.944756,35.2058270000001
49760,NONCD0002658,US AIRWAYS MAINTENANCE HANGAR-B,815 RADAR ROAD,GREENSBORO,GUILFORD,36.097719,-79.930202,ON SCREEN PLACEMENT ON GEOREFERENCED MAP,ESRI AGOL BASE MAP,FALSE,FALSE,https://edocs.deq.nc.gov/WasteManagement/Search.aspx?dbid=0&searchcommand=%7B%5BWM%5D:%5BProgram_ID%5D%20%3D%20%22*NONCD0002657*%22%7D,7/2/2026 12:00:00 AM,-79.930202,36.097719
49761,NONCD0002666,CARQUEST RETAIL FACILITY,5307 W MARKET ST,GREENSBORO,GUILFORD,36.07065,-79.88341,ON SCREEN PLACEMENT ON GEOREFERENCED MAP,ACMEMAPPER,FALSE,FALSE,https://edocs.deq.nc.gov/WasteManagement/Search.aspx?dbid=0&searchcommand=%7B%5BWM%5D:%5BProgram_ID%5D%20%3D%20%22*NONCD0002658*%22%7D,7/2/2026 12:00:00 AM,-79.88341,36.0706500000001
49762,NONCD0002667,VALSPAR MIRROR COATINGS,3125 SPRING GARDEN STREET,GREENSBORO,GUILFORD,36.06026,-79.84683,ON SCREEN PLACEMENT ON GEOREFERENCED MAP,ACMEMAPPER,FALSE,FALSE,https://edocs.deq.nc.gov/WasteManagement/Search.aspx?dbid=0&searchcommand=%7B%5BWM%5D:%5BProgram_ID%5D%20%3D%20%22*NONCD0002666*%22%7D,7/2/2026 12:00:00 AM,-79.84683,36.06026
49763,NONCD0002668,VANN CROSSROADS,ROANOKE AND CHURCH ROADS,CLINTON,SAMPSON,35.17453,-78.39925,ON SCREEN PLACEMENT ON GEOREFERENCED MAP,ACMEMAPPER,FALSE,FALSE,https://edocs.deq.nc.gov/WasteManagement/Search.aspx?dbid=0&searchcommand=%7B%5BWM%5D:%5BProgram_ID%5D%20%3D%20%22*NONCD0002667*%22%7D,7/2/2026 12:00:00 AM,-78.3992499999999,35.1745300000001
49764,NONCD0002669,STEPHENS TIRE FIRE,6721 CLARENDON CHADBOURN RD,CHADBOURN,COLUMBUS,34.2789,-78.8339,ON SCREEN PLACEMENT ON GEOREFERENCED MAP,UNKNOWN,FALSE,FALSE,https://edocs.deq.nc.gov/WasteManagement/Search.aspx?dbid=0&searchcommand=%7B%5BWM%5D:%5BProgram_ID%5D%20%3D%20%22*NONCD0002668*%22%7D,7/2/2026 12:00:00 AM,-78.8339,34.2789000000001
49765,NONCD0002670,VEMCO MUSIC-LAKE LYNN,3542 GILLESPIE STREET,FAYETTEVILLE,CUMBERLAND,34.983118,-78.906702,ON SCREEN PLACEMENT ON GEOREFERENCED MAP,ACMEMAPPER,FALSE,FALSE,https://edocs.deq.nc.gov/WasteManagement/Search.aspx?dbid=0&searchcommand=%7B%5BWM%5D:%5BProgram_ID%5D%20%3D%20%22*NONCD0002669*%22%7D,7/2/2026 12:00:00 AM,-78.9067019999999,34.983118
49766,NONCD0002673,ENVIRONETICS BURN SITE,ASHBURY CHURCH RD,IRONTON,LINCOLN,35.48344,-81.15551,ON SCREEN PLACEMENT ON GEOREFERENCED MAP,ACMEMAPPER,FALSE,FALSE,https://edocs.deq.nc.gov/WasteManagement/Search.aspx?dbid=0&searchcommand=%7B%5BWM%5D:%5BProgram_ID%5D%20%3D%20%22*NONCD0002670*%22%7D,7/2/2026 12:00:00 AM,-81.1555099999999,35.48344
49767,NONCD0002674,VIRGINIA CAROLINA FREIGHT LINES #2,710 CALVERT STREET,CHARLOTTE,MECKLENBURG,35.23073,-80.86138,ON SCREEN PLACEMENT ON GEOREFERENCED MAP,ACMEMAPPER,FALSE,FALSE,https://edocs.deq.nc.gov/WasteManagement/Search.aspx?dbid=0&searchcommand=%7B%5BWM%5D:%5BProgram_ID%5D%20%3D%20%22*NONCD0002673*%22%7D,7/2/2026 12:00:00 AM,-80.8613799999999,35.2307300000001
49768,NONCD0002675,VIRKLER CO. PLANT,1022 PRESSLEY ROAD,CHARLOTTE,MECKLENBURG,35.19208,-80.89348,ON SCREEN PLACEMENT ON GEOREFERENCED MAP,ACMEMAPPER,FALSE,FALSE,https://edocs.deq.nc.gov/WasteManagement/Search.aspx?dbid=0&searchcommand=%7B%5BWM%5D:%5BProgram_ID%5D%20%3D%20%22*NONCD0002674*%22%7D,7/2/2026 12:00:00 AM,-80.89348,35.19208
49769,NONCD0002676,"VITAFOAM, INC.",2222 SURRETT DRIVE,HIGH POINT,RANDOLPH,35.91707,-80.00072,ON SCREEN PLACEMENT ON GEOREFERENCED MAP,ACMEMAPPER,FALSE,TRUE,https://edocs.deq.nc.gov/WasteManagement/Search.aspx?dbid=0&searchcommand=%7B%5BWM%5D:%5BProgram_ID%5D%20%3D%20%22*NONCD0002675*%22%7D,7/2/2026 12:00:00 AM,-80.0007199999999,35.91707
49770,NONCD0002679,VULCAN MATERIALS,P.O. BOX 156,ENKA,BUNCOMBE,35.54413,-82.66952,ON SCREEN PLACEMENT ON GEOREFERENCED MAP,ACMEMAPPER,FALSE,FALSE,https://edocs.deq.nc.gov/WasteManagement/Search.aspx?dbid=0&searchcommand=%7B%5BWM%5D:%5BProgram_ID%5D%20%3D%20%22*NONCD0002676*%22%7D,7/2/2026 12:00:00 AM,-82.66952,35.5441300000001
49771,NONCD0002681,"WOOD TREATERS, INC",224 SAW DUST RD,ROCKY POINT,PENDER,34.43095,-77.8861,ON SCREEN PLACEMENT ON GEOREFERENCED MAP,ACMEMAPPER,FALSE,FALSE,https://edocs.deq.nc.gov/WasteManagement/Search.aspx?dbid=0&searchcommand=%7B%5BWM%5D:%5BProgram_ID%5D%20%3D%20%22*NONCD0002679*%22%7D,7/2/2026 12:00:00 AM,-77.8860999999999,34.4309500000001
49772,NONCD0002683,W.E. GARRISON COMPANY,5820 FAYETTEVILLE ROAD,RALEIGH,WAKE,35.69954,-78.67173,ON SCREEN PLACEMENT ON GEOREFERENCED MAP,ACMEMAPPER,FALSE,FALSE,https://edocs.deq.nc.gov/WasteManagement/Search.aspx?dbid=0&searchcommand=%7B%5BWM%5D:%5BProgram_ID%5D%20%3D%20%22*NONCD0002681*%22%7D,7/2/2026 12:00:00 AM,-78.67173,35.6995400000001
49773,NONCD0002684,W.L. AUTO SERVICE,129 MONTLIEU AVENUE,GREENSBORO,GUILFORD,36.069926,-79.885798,ON SCREEN PLACEMENT ON GEOREFERENCED MAP,ESRI AGOL BASE MAP,FALSE,FALSE,https://edocs.deq.nc.gov/WasteManagement/Search.aspx?dbid=0&searchcommand=%7B%5BWM%5D:%5BProgram_ID%5D%20%3D%20%22*NONCD0002683*%22%7D,7/2/2026 12:00:00 AM,-79.885798,36.0699260000001
49774,NONCD0002685,WAGRAM INTENTIONAL DUMP,OFF 401,WAGRAM,SCOTLAND,34.911858,-79.366128,ON SCREEN PLACEMENT ON GEOREFERENCED MAP,ACMEMAPPER,FALSE,FALSE,https://edocs.deq.nc.gov/WasteManagement/Search.aspx?dbid=0&searchcommand=%7B%5BWM%5D:%5BProgram_ID%5D%20%3D%20%22*NONCD0002684*%22%7D,7/2/2026 12:00:00 AM,-79.3661279999999,34.9118580000001
49775,NONCD0002686,WAHLRAB RESIDENCE,3040 SHAMROCK DRIVE,CHARLOTTE,MECKLENBURG,35.2357,-80.77379,ON SCREEN PLACEMENT ON GEOREFERENCED MAP,ACMEMAPPER,FALSE,FALSE,https://edocs.deq.nc.gov/WasteManagement/Search.aspx?dbid=0&searchcommand=%7B%5BWM%5D:%5BProgram_ID%5D%20%3D%20%22*NONCD0002685*%22%7D,7/2/2026 12:00:00 AM,-80.77379,35.2357000000001
49776,NONCD0002688,WAKE COUNTY HOMELESS SHELTER(MONTGOMERY,1420 S. WILMINGTON STREET,RALEIGH,WAKE,35.76219,-78.64025,ON SCREEN PLACEMENT ON GEOREFERENCED MAP,ACMEMAPPER,FALSE,FALSE,https://edocs.deq.nc.gov/WasteManagement/Search.aspx?dbid=0&searchcommand=%7B%5BWM%5D:%5BProgram_ID%5D%20%3D%20%22*NONCD0002686*%22%7D,7/2/2026 12:00:00 AM,-78.64025,35.76219
49777,NONCD0002689,WAKE COUNTY SCHOOLS-NOBLE ROAD FORMER MA,503 NOBLE ROAD,RALEIGH,WAKE,35.813333,-78.631666,ON SCREEN PLACEMENT ON GEOREFERENCED MAP,ACMEMAPPER,FALSE,FALSE,https://edocs.deq.nc.gov/WasteManagement/Search.aspx?dbid=0&searchcommand=%7B%5BWM%5D:%5BProgram_ID%5D%20%3D%20%22*NONCD0002688*%22%7D,7/2/2026 12:00:00 AM,-78.6316659999999,35.8133330000001
49778,NONCD0002690,WALDON ROAD,WALDON ROAD & KIKER ROAD,CHARLOTTE,MECKLENBURG,35.273958,-80.95675,ON SCREEN PLACEMENT ON GEOREFERENCED MAP,ACMEMAPPER,FALSE,FALSE,https://edocs.deq.nc.gov/WasteManagement/Search.aspx?dbid=0&searchcommand=%7B%5BWM%5D:%5BProgram_ID%5D%20%3D%20%22*NONCD0002689*%22%7D,7/2/2026 12:00:00 AM,-80.9567499999999,35.2739580000001
49779,NONCD0002691,"DIAMONDBACK PRODUCTS, INC",40 W 12TH AVE,LEXINGTON,DAVIDSON,35.81514,-80.26862,ON SCREEN PLACEMENT ON GEOREFERENCED MAP,ACMEMAPPER,FALSE,FALSE,https://edocs.deq.nc.gov/WasteManagement/Search.aspx?dbid=0&searchcommand=%7B%5BWM%5D:%5BProgram_ID%5D%20%3D%20%22*NONCD0002690*%22%7D,7/2/2026 12:00:00 AM,-80.2686199999999,35.81514
49780,NONCD0002692,"WALNUT COVE, TOWN OF/PUBLIC SUPPLY WELL",MAIN STREET,WALNUT COVE,STOKES,36.29837,-80.141926,ON SCREEN PLACEMENT ON GEOREFERENCED MAP,ACMEMAPPER,FALSE,FALSE,https://edocs.deq.nc.gov/WasteManagement/Search.aspx?dbid=0&searchcommand=%7B%5BWM%5D:%5BProgram_ID%5D%20%3D%20%22*NONCD0002691*%22%7D,7/2/2026 12:00:00 AM,-80.141926,36.29837
49781,NONCD0002693,"WAND, JOSEPH PROPERTY",2501 ENGLEWOOD DRIVE,DURHAM,DURHAM,36.01586,-78.9331,ON SCREEN PLACEMENT ON GEOREFERENCED MAP,ACMEMAPPER,FALSE,FALSE,https://edocs.deq.nc.gov/WasteManagement/Search.aspx?dbid=0&searchcommand=%7B%5BWM%5D:%5BProgram_ID%5D%20%3D%20%22*NONCD0002692*%22%7D,7/2/2026 12:00:00 AM,-78.9331,36.01586
49782,NONCD0002694,WAR MEMORIAL STADIUM,510 YANCEYVILLE STREET,GREENSBORO,GUILFORD,36.07907,-79.77785,ON SCREEN PLACEMENT ON GEOREFERENCED MAP,ACMEMAPPER,FALSE,FALSE,https://edocs.deq.nc.gov/WasteManagement/Search.aspx?dbid=0&searchcommand=%7B%5BWM%5D:%5BProgram_ID%5D%20%3D%20%22*NONCD0002693*%22%7D,7/2/2026 12:00:00 AM,-79.7778499999999,36.0790700000001
49783,NONCD0002696,WARLICKS GROCERY,2673 PLATEAU ROAD,VALE,LINCOLN,35.53633,-81.37512,ON SCREEN PLACEMENT ON GEOREFERENCED MAP,ACMEMAPPER,FALSE,FALSE,https://edocs.deq.nc.gov/WasteManagement/Search.aspx?dbid=0&searchcommand=%7B%5BWM%5D:%5BProgram_ID%5D%20%3D%20%22*NONCD0002694*%22%7D,7/2/2026 12:00:00 AM,-81.37512,35.5363300000001
49784,NONCD0002697,WARREN ROAD,WARREN ROAD - NEAR CHAR-DOUG A,CHARLOTTE,MECKLENBURG,35.21332,-80.956914,ON SCREEN PLACEMENT ON GEOREFERENCED MAP,ACMEMAPPER,FALSE,FALSE,https://edocs.deq.nc.gov/WasteManagement/Search.aspx?dbid=0&searchcommand=%7B%5BWM%5D:%5BProgram_ID%5D%20%3D%20%22*NONCD0002696*%22%7D,7/2/2026 12:00:00 AM,-80.956914,35.2133200000001
49785,NONCD0002698,WASHINGTON STREET INCIDENTS,"918, 920, 926 WASHINGTON STREE",GRAHAM,ALAMANCE,36.08183,-79.4088,ON SCREEN PLACEMENT ON GEOREFERENCED MAP,ACMEMAPPER,FALSE,FALSE,https://edocs.deq.nc.gov/WasteManagement/Search.aspx?dbid=0&searchcommand=%7B%5BWM%5D:%5BProgram_ID%5D%20%3D%20%22*NONCD0002697*%22%7D,7/2/2026 12:00:00 AM,-79.4088,36.08183
49786,NONCD0002700,WATSON TRANSPORT WELL,4127 KINGS MOUNTAIN HIGHWAY,BESSEMER CITY,GASTON,35.254793,-81.266458,ON SCREEN PLACEMENT ON GEOREFERENCED MAP,ACMEMAPPER,FALSE,FALSE,https://edocs.deq.nc.gov/WasteManagement/Search.aspx?dbid=0&searchcommand=%7B%5BWM%5D:%5BProgram_ID%5D%20%3D%20%22*NONCD0002698*%22%7D,7/2/2026 12:00:00 AM,-81.2664579999999,35.2547930000001
49787,NONCD0002702,WELLMAN FIBER INDUSTRIES,HWY 53,CEDAR CREEK,CUMBERLAND,34.984928,-78.786553,ON SCREEN PLACEMENT ON GEOREFERENCED MAP,ACMEMAPPER,FALSE,FALSE,https://edocs.deq.nc.gov/WasteManagement/Search.aspx?dbid=0&searchcommand=%7B%5BWM%5D:%5BProgram_ID%5D%20%3D%20%22*NONCD0002700*%22%7D,7/2/2026 12:00:00 AM,-78.786553,34.984928
49788,NONCD0002705,WEST LIDDELL ST,235 WEST LIDDELL STREET,CHARLOTTE,MECKLENBURG,35.236891,-80.833935,GEOCODE (ADDRESS MATCH),ESRI AGOL BASE MAP,FALSE,FALSE,https://edocs.deq.nc.gov/WasteManagement/Search.aspx?dbid=0&searchcommand=%7B%5BWM%5D:%5BProgram_ID%5D%20%3D%20%22*NONCD0002702*%22%7D,7/2/2026 12:00:00 AM,-80.8339349999999,35.2368910000001
49789,NONCD0002708,WESTINGHOUSE & CORDAGE,WESTINGHOUSE BV & CORDAGE ST V,CHARLOTTE,MECKLENBURG,35.12094,-80.93293,ON SCREEN PLACEMENT ON GEOREFERENCED MAP,ACMEMAPPER,FALSE,FALSE,https://edocs.deq.nc.gov/WasteManagement/Search.aspx?dbid=0&searchcommand=%7B%5BWM%5D:%5BProgram_ID%5D%20%3D%20%22*NONCD0002705*%22%7D,7/2/2026 12:00:00 AM,-80.9329299999999,35.1209400000001
49790,NONCD0002709,WESTOVER SHOPPING CENTER,1506 - 1550 WEST BOULEVARD,CHARLOTTE,MECKLENBURG,35.216666,-80.883333,ON SCREEN PLACEMENT ON GEOREFERENCED MAP,ACMEMAPPER,FALSE,FALSE,https://edocs.deq.nc.gov/WasteManagement/Search.aspx?dbid=0&searchcommand=%7B%5BWM%5D:%5BProgram_ID%5D%20%3D%20%22*NONCD0002708*%22%7D,7/2/2026 12:00:00 AM,-80.8833329999999,35.216666
49791,NONCD0002711,WESTPOINT STEVENS,AIRPORT ROAD,WAGRAM,SCOTLAND,34.8391,-79.3733,ON SCREEN PLACEMENT ON GEOREFERENCED MAP,ACMEMAPPER,FALSE,FALSE,https://edocs.deq.nc.gov/WasteManagement/Search.aspx?dbid=0&searchcommand=%7B%5BWM%5D:%5BProgram_ID%5D%20%3D%20%22*NONCD0002709*%22%7D,7/2/2026 12:00:00 AM,-79.3733,34.8391
49792,NONCD0002712,WESTRIDGE VILLAGE SHP CTR/CLEAN CLEAN,120 S WINSTEAD AVE,ROCKY MOUNT,NASH,35.962312,-77.850238,ON SCREEN PLACEMENT ON GEOREFERENCED MAP,GOOGLE MAPS,FALSE,FALSE,https://edocs.deq.nc.gov/WasteManagement/Search.aspx?dbid=0&searchcommand=%7B%5BWM%5D:%5BProgram_ID%5D%20%3D%20%22*NONCD0002711*%22%7D,7/2/2026 12:00:00 AM,-77.8502379999999,35.9623120000001
49793,NONCD0002717,WHITINSVILLE SPINNING RING COMPANY,148 BOXWOOD LANE,GASTONIA,GASTON,35.281666,-81.181944,ON SCREEN PLACEMENT ON GEOREFERENCED MAP,ACMEMAPPER,FALSE,FALSE,https://edocs.deq.nc.gov/WasteManagement/Search.aspx?dbid=0&searchcommand=%7B%5BWM%5D:%5BProgram_ID%5D%20%3D%20%22*NONCD0002712*%22%7D,7/2/2026 12:00:00 AM,-81.181944,35.281666
49794,NONCD0002719,"WILBORN PROPERTY, GARFIELD","2366 RED, WHITE AND BLUE ROAD",ROARING RIVER,WILKES,36.180962,-80.989151,ON SCREEN PLACEMENT ON GEOREFERENCED MAP,ACMEMAPPER,FALSE,FALSE,https://edocs.deq.nc.gov/WasteManagement/Search.aspx?dbid=0&searchcommand=%7B%5BWM%5D:%5BProgram_ID%5D%20%3D%20%22*NONCD0002717*%22%7D,7/2/2026 12:00:00 AM,-80.9891509999999,36.1809620000001
49795,NONCD0002721,"WILDER FARM, GAIL",3343 WEST RIVER RD,FRANKLINTON,FRANKLIN,36.12221,-78.40698,ON SCREEN PLACEMENT ON GEOREFERENCED MAP,ACMEMAPPER,FALSE,FALSE,https://edocs.deq.nc.gov/WasteManagement/Search.aspx?dbid=0&searchcommand=%7B%5BWM%5D:%5BProgram_ID%5D%20%3D%20%22*NONCD0002719*%22%7D,7/2/2026 12:00:00 AM,-78.40698,36.1222100000001
49796,NONCD0002722,WILDWOOD LOOP,133 - 137 WILDWOOD LOOP,STATESVILLE,IREDELL,35.8375,-80.84877,ON SCREEN PLACEMENT ON GEOREFERENCED MAP,ACMEMAPPER,FALSE,FALSE,https://edocs.deq.nc.gov/WasteManagement/Search.aspx?dbid=0&searchcommand=%7B%5BWM%5D:%5BProgram_ID%5D%20%3D%20%22*NONCD0002721*%22%7D,7/2/2026 12:00:00 AM,-80.8487699999999,35.8375
49797,NONCD0002724,WILGROVE EXPRESS - SOLVENTS,10102 ALBEMARLE ROAD,CHARLOTTE,MECKLENBURG,35.20866,-80.67283,ON SCREEN PLACEMENT ON GEOREFERENCED MAP,ACMEMAPPER,FALSE,FALSE,https://edocs.deq.nc.gov/WasteManagement/Search.aspx?dbid=0&searchcommand=%7B%5BWM%5D:%5BProgram_ID%5D%20%3D%20%22*NONCD0002722*%22%7D,7/2/2026 12:00:00 AM,-80.67283,35.2086600000001
49798,NONCD0002725,WILGROVE MOBILE HOME PARK,ALBEMARLE RD,CHARLOTTE,MECKLENBURG,35.20816,-80.66861,ON SCREEN PLACEMENT ON GEOREFERENCED MAP,ACMEMAPPER,FALSE,FALSE,https://edocs.deq.nc.gov/WasteManagement/Search.aspx?dbid=0&searchcommand=%7B%5BWM%5D:%5BProgram_ID%5D%20%3D%20%22*NONCD0002724*%22%7D,7/2/2026 12:00:00 AM,-80.6686099999999,35.2081600000001
49799,NONCD0002728,"WILLIAMS, E. W. FACILITY",8200 AND 8250 FAYETTEVILLE RD,RALEIGH,WAKE,35.66277,-78.70277,ON SCREEN PLACEMENT ON GEOREFERENCED MAP,ACMEMAPPER,FALSE,FALSE,https://edocs.deq.nc.gov/WasteManagement/Search.aspx?dbid=0&searchcommand=%7B%5BWM%5D:%5BProgram_ID%5D%20%3D%20%22*NONCD0002725*%22%7D,7/2/2026 12:00:00 AM,-78.70277,35.6627700000001
49800,NONCD0002733,PERTH ROAD PCE SITE,1156 PERTH RD,TROUTMAN,IREDELL,35.66651,-80.89391,ON SCREEN PLACEMENT ON GEOREFERENCED MAP,ACMEMAPPER,FALSE,FALSE,https://edocs.deq.nc.gov/WasteManagement/Search.aspx?dbid=0&searchcommand=%7B%5BWM%5D:%5BProgram_ID%5D%20%3D%20%22*NONCD0002728*%22%7D,7/2/2026 12:00:00 AM,-80.8939099999999,35.6665100000001
49801,NONCD0002734,WILMINGTON FERTILIZER COMPANY,1702 NORTH 6TH STREET,WILMINGTON,NEW HANOVER,34.257222,-77.942777,ON SCREEN PLACEMENT ON GEOREFERENCED MAP,ACMEMAPPER,FALSE,FALSE,https://edocs.deq.nc.gov/WasteManagement/Search.aspx?dbid=0&searchcommand=%7B%5BWM%5D:%5BProgram_ID%5D%20%3D%20%22*NONCD0002733*%22%7D,7/2/2026 12:00:00 AM,-77.942777,34.2572220000001
49802,NONCD0002735,WILMINGTON RESOURCES,2200 US HWY 421 N,WILMINGTON,NEW HANOVER,34.26488,-77.95263,ON SCREEN PLACEMENT ON GEOREFERENCED MAP,ACMEMAPPER,FALSE,FALSE,https://edocs.deq.nc.gov/WasteManagement/Search.aspx?dbid=0&searchcommand=%7B%5BWM%5D:%5BProgram_ID%5D%20%3D%20%22*NONCD0002734*%22%7D,7/2/2026 12:00:00 AM,-77.9526299999999,34.2648800000001
49803,NONCD0002736,WILMINGTON SHIPYARD (FORMER),1500 POINT HARBOR RD.,WILMINGTON,NEW HANOVER,34.251111,-77.955555,GPS (2-5 METER),,FALSE,FALSE,https://edocs.deq.nc.gov/WasteManagement/Search.aspx?dbid=0&searchcommand=%7B%5BWM%5D:%5BProgram_ID%5D%20%3D%20%22*NONCD0002735*%22%7D,7/2/2026 12:00:00 AM,-77.9555549999999,34.251111
49804,NONCD0002737,CAYUGA ST & N LIBERTY ST PCE,4212 N GLENN AVE,WINSTON-SALEM,FORSYTH,36.14755,-80.22581,ON SCREEN PLACEMENT ON GEOREFERENCED MAP,ACMEMAPPER,FALSE,FALSE,https://edocs.deq.nc.gov/WasteManagement/Search.aspx?dbid=0&searchcommand=%7B%5BWM%5D:%5BProgram_ID%5D%20%3D%20%22*NONCD0002736*%22%7D,7/2/2026 12:00:00 AM,-80.22581,36.14755
49805,NONCD0002738,WILSON PEST CONTROL,401 WEST END BOULEVARD,WINSTON-SALEM,FORSYTH,36.103238,-80.258638,ON SCREEN PLACEMENT ON GEOREFERENCED MAP,ACMEMAPPER,FALSE,FALSE,https://edocs.deq.nc.gov/WasteManagement/Search.aspx?dbid=0&searchcommand=%7B%5BWM%5D:%5BProgram_ID%5D%20%3D%20%22*NONCD0002737*%22%7D,7/2/2026 12:00:00 AM,-80.258638,36.103238
49806,NONCD0002740,WILSON TECH-FIRE TRAINING,2315 WHITLEY RD,WILSON,WILSON,35.72988,-77.88096,ON SCREEN PLACEMENT ON GEOREFERENCED MAP,ACMEMAPPER,FALSE,FALSE,https://edocs.deq.nc.gov/WasteManagement/Search.aspx?dbid=0&searchcommand=%7B%5BWM%5D:%5BProgram_ID%5D%20%3D%20%22*NONCD0002738*%22%7D,7/2/2026 12:00:00 AM,-77.88096,35.72988
49807,NONCD0002742,PARKWAY CHEVROLET (FRMR),205 SMOKEY PARK HWY,ASHEVILLE,BUNCOMBE,35.56422,-82.63101,ON SCREEN PLACEMENT ON GEOREFERENCED MAP,ACMEMAPPER,FALSE,FALSE,https://edocs.deq.nc.gov/WasteManagement/Search.aspx?dbid=0&searchcommand=%7B%5BWM%5D:%5BProgram_ID%5D%20%3D%20%22*NONCD0002740*%22%7D,7/2/2026 12:00:00 AM,-82.6310099999999,35.56422
49808,NONCD0002748,RAIL ROAD FRICTION PRODUCTS,13601 AIRPORT RD,MAXTON,SCOTLAND,34.762758,-79.367521,ON SCREEN PLACEMENT ON GEOREFERENCED MAP,ESRI AGOL BASE MAP,FALSE,FALSE,https://edocs.deq.nc.gov/WasteManagement/Search.aspx?dbid=0&searchcommand=%7B%5BWM%5D:%5BProgram_ID%5D%20%3D%20%22*NONCD0002742*%22%7D,7/2/2026 12:00:00 AM,-79.367521,34.7627580000001
49809,NONCD0002749,WISCASSETT MILLS,233 MONTGOMERY AVENUE,ALBEMARLE,STANLY,35.356646,-80.195898,ON SCREEN PLACEMENT ON GEOREFERENCED MAP,ACMEMAPPER,FALSE,FALSE,https://edocs.deq.nc.gov/WasteManagement/Search.aspx?dbid=0&searchcommand=%7B%5BWM%5D:%5BProgram_ID%5D%20%3D%20%22*NONCD0002748*%22%7D,7/2/2026 12:00:00 AM,-80.1958979999999,35.3566460000001
49810,NONCD0002753,WOODLAWN CENTER PROPERTY,1600 WOODLAWN ROAD,CHARLOTTE,MECKLENBURG,35.1716,-80.84888,ON SCREEN PLACEMENT ON GEOREFERENCED MAP,ACMEMAPPER,FALSE,FALSE,https://edocs.deq.nc.gov/WasteManagement/Search.aspx?dbid=0&searchcommand=%7B%5BWM%5D:%5BProgram_ID%5D%20%3D%20%22*NONCD0002749*%22%7D,7/2/2026 12:00:00 AM,-80.84888,35.1716000000001
49811,NONCD0002754,WOODLEAF ROAD SOLVENT SITE,2021 WOODLEAF ROAD,SALISBURY,ROWAN,35.694849,-80.514367,ON SCREEN PLACEMENT ON GEOREFERENCED MAP,ACMEMAPPER,FALSE,FALSE,https://edocs.deq.nc.gov/WasteManagement/Search.aspx?dbid=0&searchcommand=%7B%5BWM%5D:%5BProgram_ID%5D%20%3D%20%22*NONCD0002753*%22%7D,7/2/2026 12:00:00 AM,-80.5143669999999,35.694849
49812,NONCD0002755,WOODS SERVICE STATION - FORMER,108 W. WASHINGTON STREET,LA GRANGE,LENOIR,35.305779,-77.789834,ON SCREEN PLACEMENT ON GEOREFERENCED MAP,ACMEMAPPER,FALSE,FALSE,https://edocs.deq.nc.gov/WasteManagement/Search.aspx?dbid=0&searchcommand=%7B%5BWM%5D:%5BProgram_ID%5D%20%3D%20%22*NONCD0002754*%22%7D,7/2/2026 12:00:00 AM,-77.789834,35.305779
49813,NONCD0002756,WOODWARD NITRATES,19714 STOUGH FARM ROAD,CORNELIUS,MECKLENBURG,35.48009,-80.90659,ON SCREEN PLACEMENT ON GEOREFERENCED MAP,ACMEMAPPER,FALSE,FALSE,https://edocs.deq.nc.gov/WasteManagement/Search.aspx?dbid=0&searchcommand=%7B%5BWM%5D:%5BProgram_ID%5D%20%3D%20%22*NONCD0002755*%22%7D,7/2/2026 12:00:00 AM,-80.9065899999999,35.4800900000001
49814,NONCD0002757,IDLEWILD RD CARBON TETRACHLORIDE,13101 IDLEWILD RD,MINT HILL,MECKLENBURG,35.13788,-80.68282,ON SCREEN PLACEMENT ON GEOREFERENCED MAP,ACMEMAPPER,FALSE,FALSE,https://edocs.deq.nc.gov/WasteManagement/Search.aspx?dbid=0&searchcommand=%7B%5BWM%5D:%5BProgram_ID%5D%20%3D%20%22*NONCD0002756*%22%7D,7/2/2026 12:00:00 AM,-80.6828199999999,35.1378800000001
49815,NONCD0002759,WORKMAN PROPERTY,1361-1375 NORTH CHURCH STREET,BURLINGTON,ALAMANCE,36.09683,-79.41493,ON SCREEN PLACEMENT ON GEOREFERENCED MAP,ACMEMAPPER,FALSE,FALSE,https://edocs.deq.nc.gov/WasteManagement/Search.aspx?dbid=0&searchcommand=%7B%5BWM%5D:%5BProgram_ID%5D%20%3D%20%22*NONCD0002757*%22%7D,7/2/2026 12:00:00 AM,-79.41493,36.0968300000001
49816,NONCD0002760,WORTH CHEMICAL,818 TUCKASEEGEE ROAD,CHARLOTTE,MECKLENBURG,35.237316,-80.8706,ON SCREEN PLACEMENT ON GEOREFERENCED MAP,ACMEMAPPER,FALSE,FALSE,https://edocs.deq.nc.gov/WasteManagement/Search.aspx?dbid=0&searchcommand=%7B%5BWM%5D:%5BProgram_ID%5D%20%3D%20%22*NONCD0002759*%22%7D,7/2/2026 12:00:00 AM,-80.8706,35.2373160000001
49817,NONCD0002765,DUDLEY PRODUCTS,1080 OLD GREENSBORO RD,KERNERSVILLE,FORSYTH,36.10992,-80.05137,ON SCREEN PLACEMENT ON GEOREFERENCED MAP,ESRI AGOL BASE MAP,FALSE,TRUE,https://edocs.deq.nc.gov/WasteManagement/Search.aspx?dbid=0&searchcommand=%7B%5BWM%5D:%5BProgram_ID%5D%20%3D%20%22*NONCD0002760*%22%7D,7/2/2026 12:00:00 AM,-80.05137,36.10992
49818,NONCD0002766,WRIGHT OF THOMASVILLE - NONUST,SR 1619,THOMASVILLE,RANDOLPH,35.893055,-80.041666,ON SCREEN PLACEMENT ON GEOREFERENCED MAP,ACMEMAPPER,FALSE,FALSE,https://edocs.deq.nc.gov/WasteManagement/Search.aspx?dbid=0&searchcommand=%7B%5BWM%5D:%5BProgram_ID%5D%20%3D%20%22*NONCD0002765*%22%7D,7/2/2026 12:00:00 AM,-80.041666,35.8930550000001
49819,NONCD0002770,YADKIN BRICK COMPANY,44266 MOSS LANE,NEW LONDON,STANLY,35.4502,-80.156382,ON SCREEN PLACEMENT ON GEOREFERENCED MAP,ACMEMAPPER,FALSE,FALSE,https://edocs.deq.nc.gov/WasteManagement/Search.aspx?dbid=0&searchcommand=%7B%5BWM%5D:%5BProgram_ID%5D%20%3D%20%22*NONCD0002766*%22%7D,7/2/2026 12:00:00 AM,-80.156382,35.4502000000001
49820,NONCD0002771,YELLOW FREIGHT SYSTEM 3,11001 REAMES ROAD,CHARLOTTE,MECKLENBURG,35.347222,-80.833611,ON SCREEN PLACEMENT ON GEOREFERENCED MAP,ACMEMAPPER,FALSE,FALSE,https://edocs.deq.nc.gov/WasteManagement/Search.aspx?dbid=0&searchcommand=%7B%5BWM%5D:%5BProgram_ID%5D%20%3D%20%22*NONCD0002770*%22%7D,7/2/2026 12:00:00 AM,-80.833611,35.347222
49821,NONCD0002772,YOCO RENTAL PROPERTY,110 QUAKER ROAD,MT. AIRY,SURRY,36.511757,-80.569945,ON SCREEN PLACEMENT ON GEOREFERENCED MAP,ACMEMAPPER,FALSE,FALSE,https://edocs.deq.nc.gov/WasteManagement/Search.aspx?dbid=0&searchcommand=%7B%5BWM%5D:%5BProgram_ID%5D%20%3D%20%22*NONCD0002771*%22%7D,7/2/2026 12:00:00 AM,-80.569945,36.511757
49822,NONCD0002773,ZEMA CORP.,6514 CHAPEL HILL RD.,RALEIGH,WAKE,35.790277,-78.7375,ON SCREEN PLACEMENT ON GEOREFERENCED MAP,ACMEMAPPER,FALSE,FALSE,https://edocs.deq.nc.gov/WasteManagement/Search.aspx?dbid=0&searchcommand=%7B%5BWM%5D:%5BProgram_ID%5D%20%3D%20%22*NONCD0002772*%22%7D,7/2/2026 12:00:00 AM,-78.7375,35.7902770000001
49823,NONCD0002776,CSX-ROSINDALE,7 MI. EAST OF CLARKTON,CLARKTON,BLADEN,34.43454,-78.50459,ON SCREEN PLACEMENT ON GEOREFERENCED MAP,ACMEMAPPER,TRUE,FALSE,https://edocs.deq.nc.gov/WasteManagement/Search.aspx?dbid=0&searchcommand=%7B%5BWM%5D:%5BProgram_ID%5D%20%3D%20%22*NONCD0002773*%22%7D,7/2/2026 12:00:00 AM,-78.50459,34.43454
49824,NONCD0002777,APAC-GOLDSBORO ASPHALT PLANT,2421 ARRINGTON BRIDGE RD,GOLDSBORO,WAYNE,35.288,-77.9547,ON SCREEN PLACEMENT ON GEOREFERENCED MAP,UNKNOWN,FALSE,FALSE,https://edocs.deq.nc.gov/WasteManagement/Search.aspx?dbid=0&searchcommand=%7B%5BWM%5D:%5BProgram_ID%5D%20%3D%20%22*NONCD0002776*%22%7D,7/2/2026 12:00:00 AM,-77.9546999999999,35.2880000000001
49825,NONCD0002778,SHELBY FARMERS MARKET,200 W WARREN ST,SHELBY,CLEVELAND,35.29125,-81.5423,ON SCREEN PLACEMENT ON GEOREFERENCED MAP,ACMEMAPPER,FALSE,FALSE,https://edocs.deq.nc.gov/WasteManagement/Search.aspx?dbid=0&searchcommand=%7B%5BWM%5D:%5BProgram_ID%5D%20%3D%20%22*NONCD0002777*%22%7D,7/2/2026 12:00:00 AM,-81.5423,35.29125
49826,NONCD0002779,APAC-CASTLE HAYNE ASPHALT PLANT,4909 N COLLEGE RD,CASTLE HAYNE,NEW HANOVER,34.3419,-77.8969,ON SCREEN PLACEMENT ON GEOREFERENCED MAP,ACMEMAPPER,FALSE,FALSE,https://edocs.deq.nc.gov/WasteManagement/Search.aspx?dbid=0&searchcommand=%7B%5BWM%5D:%5BProgram_ID%5D%20%3D%20%22*NONCD0002778*%22%7D,7/2/2026 12:00:00 AM,-77.8969,34.3419000000001
49827,NONCD0002781,ADAMS PAINTING SERVICE,722 WELLINGTON AVE,WILMINGTON,NEW HANOVER,34.19503,-77.93239,ON SCREEN PLACEMENT ON GEOREFERENCED MAP,ACMEMAPPER,FALSE,FALSE,https://edocs.deq.nc.gov/WasteManagement/Search.aspx?dbid=0&searchcommand=%7B%5BWM%5D:%5BProgram_ID%5D%20%3D%20%22*NONCD0002779*%22%7D,7/2/2026 12:00:00 AM,-77.9323899999999,34.19503
49828,NONCD0002782,NELLO TEER-CAMDEN AVE,1435 CAMDEN AVE,DURHAM,DURHAM,36.01699,-78.87519,ON SCREEN PLACEMENT ON GEOREFERENCED MAP,ACMEMAPPER,FALSE,FALSE,https://edocs.deq.nc.gov/WasteManagement/Search.aspx?dbid=0&searchcommand=%7B%5BWM%5D:%5BProgram_ID%5D%20%3D%20%22*NONCD0002781*%22%7D,7/2/2026 12:00:00 AM,-78.87519,36.0169900000001
49829,NONCD0002785,BROYHILL/FURNITURE BRANDS,409 4TH ST PLACE SE,CONOVER,CATAWBA,35.70307,-81.21897,ON SCREEN PLACEMENT ON GEOREFERENCED MAP,ACMEMAPPER,FALSE,FALSE,https://edocs.deq.nc.gov/WasteManagement/Search.aspx?dbid=0&searchcommand=%7B%5BWM%5D:%5BProgram_ID%5D%20%3D%20%22*NONCD0002782*%22%7D,7/2/2026 12:00:00 AM,-81.21897,35.70307
49830,NONCD0002787,"TRAVIS KNITS, INC (AKA MOHICAN MILLS)",1515 WEST ACADEMY ST,CHERRYVILLE,GASTON,35.36986,-81.40083,ON SCREEN PLACEMENT ON GEOREFERENCED MAP,ACMEMAPPER,FALSE,TRUE,https://edocs.deq.nc.gov/WasteManagement/Search.aspx?dbid=0&searchcommand=%7B%5BWM%5D:%5BProgram_ID%5D%20%3D%20%22*NONCD0002785*%22%7D,7/2/2026 12:00:00 AM,-81.40083,35.3698600000001
49831,NONCD0002790,RIVERS JUNKYARD,5501 DOGWOOD ST,WINNABOW,BRUNSWICK,34.1245,-78.137,ON SCREEN PLACEMENT ON GEOREFERENCED MAP,ACMEMAPPER,FALSE,FALSE,https://edocs.deq.nc.gov/WasteManagement/Search.aspx?dbid=0&searchcommand=%7B%5BWM%5D:%5BProgram_ID%5D%20%3D%20%22*NONCD0002787*%22%7D,7/2/2026 12:00:00 AM,-78.1369999999999,34.1245000000001
49832,NONCD0002791,THE TRIBUNE,214 E MAIN ST,ELKIN,SURRY,36.24445,-80.84923,ON SCREEN PLACEMENT ON GEOREFERENCED MAP,ACMEMAPPER,FALSE,FALSE,https://edocs.deq.nc.gov/WasteManagement/Search.aspx?dbid=0&searchcommand=%7B%5BWM%5D:%5BProgram_ID%5D%20%3D%20%22*NONCD0002790*%22%7D,7/2/2026 12:00:00 AM,-80.84923,36.24445
49833,NONCD0002792,MARSHALLBERG BOAT YARD,1290 & 1295 MARSHALLBERG RD,MARSHALLBERG,CARTERET,34.72051,-76.51976,ON SCREEN PLACEMENT ON GEOREFERENCED MAP,ACMEMAPPER,FALSE,FALSE,https://edocs.deq.nc.gov/WasteManagement/Search.aspx?dbid=0&searchcommand=%7B%5BWM%5D:%5BProgram_ID%5D%20%3D%20%22*NONCD0002791*%22%7D,7/2/2026 12:00:00 AM,-76.51976,34.72051
49834,NONCD0002793,H&S OIL COMPNAY,5280 HIGHT POINT RD,KERNERSVILLE,FORSYTH,36.01883,-80.05967,GPS (2-5 METER),,FALSE,FALSE,https://edocs.deq.nc.gov/WasteManagement/Search.aspx?dbid=0&searchcommand=%7B%5BWM%5D:%5BProgram_ID%5D%20%3D%20%22*NONCD0002792*%22%7D,7/2/2026 12:00:00 AM,-80.05967,36.01883
49835,NONCD0002795,RD PATE ESTATE,101 E MAIN ST,PIKEVILLE,WAYNE,35.49733,-77.98308,ON SCREEN PLACEMENT ON GEOREFERENCED MAP,ACMEMAPPER,FALSE,FALSE,https://edocs.deq.nc.gov/WasteManagement/Search.aspx?dbid=0&searchcommand=%7B%5BWM%5D:%5BProgram_ID%5D%20%3D%20%22*NONCD0002793*%22%7D,7/2/2026 12:00:00 AM,-77.98308,35.49733
49836,NONCD0002796,BRENNTAG SOUTHEAST,11750 FRUEHAUF DR,CHARLOTTE,MECKLENBURG,35.12539,-80.96082,ON SCREEN PLACEMENT ON GEOREFERENCED MAP,ACMEMAPPER,FALSE,FALSE,https://edocs.deq.nc.gov/WasteManagement/Search.aspx?dbid=0&searchcommand=%7B%5BWM%5D:%5BProgram_ID%5D%20%3D%20%22*NONCD0002795*%22%7D,7/2/2026 12:00:00 AM,-80.96082,35.12539
49837,NONCD0002797,KOCH NORTH PARAXYLENE,3225 RIVER RD,WILMINGTON,NEW HANOVER,34.1894,-77.9491,ON SCREEN PLACEMENT ON GEOREFERENCED MAP,ACMEMAPPER,FALSE,FALSE,https://edocs.deq.nc.gov/WasteManagement/Search.aspx?dbid=0&searchcommand=%7B%5BWM%5D:%5BProgram_ID%5D%20%3D%20%22*NONCD0002796*%22%7D,7/2/2026 12:00:00 AM,-77.9491,34.1894
49838,NONCD0002798,TOWN AND COUNTRY CLEANERS,617 WASHINGTON ST,WILLIAMSTON,MARTIN,35.84607,-77.06006,ON SCREEN PLACEMENT ON GEOREFERENCED MAP,ACMEMAPPER,FALSE,FALSE,https://edocs.deq.nc.gov/WasteManagement/Search.aspx?dbid=0&searchcommand=%7B%5BWM%5D:%5BProgram_ID%5D%20%3D%20%22*NONCD0002797*%22%7D,7/2/2026 12:00:00 AM,-77.06006,35.8460700000001
49839,NONCD0002799,WRIGHTSVILLE AVE,2501-2509 WRIGHTSVILLE AVE,WILMINGTON,NEW HANOVER,34.226706,-77.914264,ON SCREEN PLACEMENT ON GEOREFERENCED MAP,ACMEMAPPER,FALSE,FALSE,https://edocs.deq.nc.gov/WasteManagement/Search.aspx?dbid=0&searchcommand=%7B%5BWM%5D:%5BProgram_ID%5D%20%3D%20%22*NONCD0002798*%22%7D,7/2/2026 12:00:00 AM,-77.9142639999999,34.226706
49840,NONCD0002800,SPRINGS ROAD 76,2048 12TH AVE NE,HICKORY,CATAWBA,35.74309,-81.29762,ON SCREEN PLACEMENT ON GEOREFERENCED MAP,ACMEMAPPER,FALSE,FALSE,https://edocs.deq.nc.gov/WasteManagement/Search.aspx?dbid=0&searchcommand=%7B%5BWM%5D:%5BProgram_ID%5D%20%3D%20%22*NONCD0002799*%22%7D,7/2/2026 12:00:00 AM,-81.2976199999999,35.7430900000001
49841,NONCD0002801,SWANNANOA DJJDP PROPERTY,WOODLAND DR,SWANNANOA,BUNCOMBE,35.61917,-82.37661,ON SCREEN PLACEMENT ON GEOREFERENCED MAP,ACMEMAPPER,TRUE,FALSE,https://edocs.deq.nc.gov/WasteManagement/Search.aspx?dbid=0&searchcommand=%7B%5BWM%5D:%5BProgram_ID%5D%20%3D%20%22*NONCD0002800*%22%7D,7/2/2026 12:00:00 AM,-82.37661,35.6191700000001
49842,NONCD0002802,NEWLAND PESTICIDES SITE,1339 NEWLAND HWY,NEWLAND,AVERY,36.07623,-81.91635,ON SCREEN PLACEMENT ON GEOREFERENCED MAP,ACMEMAPPER,FALSE,TRUE,https://edocs.deq.nc.gov/WasteManagement/Search.aspx?dbid=0&searchcommand=%7B%5BWM%5D:%5BProgram_ID%5D%20%3D%20%22*NONCD0002801*%22%7D,7/2/2026 12:00:00 AM,-81.91635,36.0762300000001
49843,NONCD0002804,PETRO EXPRESS #31,131 TURNERSBURG HWY (HWY21),STATESVILLE,IREDELL,35.80961,-80.87594,ON SCREEN PLACEMENT ON GEOREFERENCED MAP,ACMEMAPPER,FALSE,FALSE,https://edocs.deq.nc.gov/WasteManagement/Search.aspx?dbid=0&searchcommand=%7B%5BWM%5D:%5BProgram_ID%5D%20%3D%20%22*NONCD0002802*%22%7D,7/2/2026 12:00:00 AM,-80.87594,35.8096100000001
49844,NONCD0002805,CITY OF CHARLOTTE-SCALEYBARK SITE,3610 SOUTH BLVD & CLANTON RD,CHARLOTTE,MECKLENBURG,35.19356,-80.87471,ON SCREEN PLACEMENT ON GEOREFERENCED MAP,ACMEMAPPER,FALSE,FALSE,https://edocs.deq.nc.gov/WasteManagement/Search.aspx?dbid=0&searchcommand=%7B%5BWM%5D:%5BProgram_ID%5D%20%3D%20%22*NONCD0002804*%22%7D,7/2/2026 12:00:00 AM,-80.8747099999999,35.19356
49845,NONCD0002806,CHILDRESS DRY CLEANING/GREYLYN BUS PK,9101 MONROE RD,CHARLOTTE,MECKLENBURG,35.14743,-80.744,ON SCREEN PLACEMENT ON GEOREFERENCED MAP,ACMEMAPPER,FALSE,FALSE,https://edocs.deq.nc.gov/WasteManagement/Search.aspx?dbid=0&searchcommand=%7B%5BWM%5D:%5BProgram_ID%5D%20%3D%20%22*NONCD0002805*%22%7D,7/2/2026 12:00:00 AM,-80.744,35.14743
49846,NONCD0002807,MORNINGSIDE VILLAGE APTS,1418/1420 IRIS DR,CHARLOTTE,MECKLENBURG,35.21798,-80.80178,ON SCREEN PLACEMENT ON GEOREFERENCED MAP,ACMEMAPPER,FALSE,FALSE,https://edocs.deq.nc.gov/WasteManagement/Search.aspx?dbid=0&searchcommand=%7B%5BWM%5D:%5BProgram_ID%5D%20%3D%20%22*NONCD0002806*%22%7D,7/2/2026 12:00:00 AM,-80.80178,35.2179800000001
49847,NONCD0002809,HIGH POINT ENTERPRISE,210 CHURCH AVE,HIGH POINT,GUILFORD,35.95953,-80.01115,ON SCREEN PLACEMENT ON GEOREFERENCED MAP,ACMEMAPPER,FALSE,FALSE,https://edocs.deq.nc.gov/WasteManagement/Search.aspx?dbid=0&searchcommand=%7B%5BWM%5D:%5BProgram_ID%5D%20%3D%20%22*NONCD0002807*%22%7D,7/2/2026 12:00:00 AM,-80.01115,35.95953
49848,NONCD0002811,PERFECT IMAGE (THE),1907 3RD AVENUE DR NW,HICKORY,CATAWBA,35.73982,-81.35864,ON SCREEN PLACEMENT ON GEOREFERENCED MAP,ACMEMAPPER,FALSE,FALSE,https://edocs.deq.nc.gov/WasteManagement/Search.aspx?dbid=0&searchcommand=%7B%5BWM%5D:%5BProgram_ID%5D%20%3D%20%22*NONCD0002809*%22%7D,7/2/2026 12:00:00 AM,-81.35864,35.7398200000001
49849,NONCD0002812,RANDALLS FERRY RD SUPPLY WELLS,17586 RANDALLS FERRY RD,NORWOOD,STANLY,35.26181,-80.10104,ON SCREEN PLACEMENT ON GEOREFERENCED MAP,UNKNOWN,FALSE,FALSE,https://edocs.deq.nc.gov/WasteManagement/Search.aspx?dbid=0&searchcommand=%7B%5BWM%5D:%5BProgram_ID%5D%20%3D%20%22*NONCD0002811*%22%7D,7/2/2026 12:00:00 AM,-80.10104,35.26181
49850,NONCD0002813,OLD MOUNTAIN RD WATER SUPPLY WELLS,OLD MOUNTAIN RD & N MAIN ST,TROUTMAN,IREDELL,35.7129,-80.90012,ON SCREEN PLACEMENT ON GEOREFERENCED MAP,ACMEMAPPER,FALSE,FALSE,https://edocs.deq.nc.gov/WasteManagement/Search.aspx?dbid=0&searchcommand=%7B%5BWM%5D:%5BProgram_ID%5D%20%3D%20%22*NONCD0002812*%22%7D,7/2/2026 12:00:00 AM,-80.90012,35.7129
49851,NONCD0002814,HANCOCK COUNTRY HAMS,3484 NC HWY 22 N,FRANKLINVILLE,RANDOLPH,35.780278,-79.694444,ON SCREEN PLACEMENT ON GEOREFERENCED MAP,ACMEMAPPER,FALSE,FALSE,https://edocs.deq.nc.gov/WasteManagement/Search.aspx?dbid=0&searchcommand=%7B%5BWM%5D:%5BProgram_ID%5D%20%3D%20%22*NONCD0002813*%22%7D,7/2/2026 12:00:00 AM,-79.694444,35.7802780000001
49852,NONCD0002815,CAROLINA CHEMICAL CORP (FORMER),6600 WARD BLVD,WILSON,WILSON,35.70812,-77.90947,ON SCREEN PLACEMENT ON GEOREFERENCED MAP,ACMEMAPPER,FALSE,FALSE,https://edocs.deq.nc.gov/WasteManagement/Search.aspx?dbid=0&searchcommand=%7B%5BWM%5D:%5BProgram_ID%5D%20%3D%20%22*NONCD0002814*%22%7D,7/2/2026 12:00:00 AM,-77.9094699999999,35.7081200000001
49853,NONCD0002816,RADCLIFFE MARINE (PRIVATEER BOATS),HWY 264 BYPASS N,BELHAVEN,BEAUFORT,35.553055,-76.626944,ON SCREEN PLACEMENT ON GEOREFERENCED MAP,ACMEMAPPER,FALSE,FALSE,https://edocs.deq.nc.gov/WasteManagement/Search.aspx?dbid=0&searchcommand=%7B%5BWM%5D:%5BProgram_ID%5D%20%3D%20%22*NONCD0002815*%22%7D,7/2/2026 12:00:00 AM,-76.626944,35.553055
49854,NONCD0002818,DUPONT-KENTEC,BRAXTON RD (SR 1802),GRIFTON,LENOIR,35.34332,-77.46632,ON SCREEN PLACEMENT ON GEOREFERENCED MAP,ACMEMAPPER,FALSE,TRUE,https://edocs.deq.nc.gov/WasteManagement/Search.aspx?dbid=0&searchcommand=%7B%5BWM%5D:%5BProgram_ID%5D%20%3D%20%22*NONCD0002816*%22%7D,7/2/2026 12:00:00 AM,-77.4663199999999,35.3433200000001
49855,NONCD0002820,MELATEX INC (FORMER MELODY CHEMICALS),3818 NORTHMORE ST,CHARLOTTE,MECKLENBURG,35.24889,-80.79222,ON SCREEN PLACEMENT ON GEOREFERENCED MAP,ACMEMAPPER,FALSE,FALSE,https://edocs.deq.nc.gov/WasteManagement/Search.aspx?dbid=0&searchcommand=%7B%5BWM%5D:%5BProgram_ID%5D%20%3D%20%22*NONCD0002818*%22%7D,7/2/2026 12:00:00 AM,-80.79222,35.2488900000001
49856,NONCD0002821,COMPLETE AUTO CENTER,909 CAPITAL BLVD,RALEIGH,WAKE,35.79441,-78.64168,ON SCREEN PLACEMENT ON GEOREFERENCED MAP,ACMEMAPPER,FALSE,FALSE,https://edocs.deq.nc.gov/WasteManagement/Search.aspx?dbid=0&searchcommand=%7B%5BWM%5D:%5BProgram_ID%5D%20%3D%20%22*NONCD0002820*%22%7D,7/2/2026 12:00:00 AM,-78.64168,35.79441
49857,NONCD0002822,GRAY & CREECH (FRMR),8024 GLENWOOD AVE,RALEIGH,WAKE,35.87422,-78.72681,ON SCREEN PLACEMENT ON GEOREFERENCED MAP,ACMEMAPPER,TRUE,FALSE,https://edocs.deq.nc.gov/WasteManagement/Search.aspx?dbid=0&searchcommand=%7B%5BWM%5D:%5BProgram_ID%5D%20%3D%20%22*NONCD0002821*%22%7D,7/2/2026 12:00:00 AM,-78.7268099999999,35.87422
49858,NONCD0002823,STOGNER RESIDENCE,8500 FLOWE'S ST,CONCORD,CABARRUS,35.29954,-80.55755,ON SCREEN PLACEMENT ON GEOREFERENCED MAP,ACMEMAPPER,FALSE,FALSE,https://edocs.deq.nc.gov/WasteManagement/Search.aspx?dbid=0&searchcommand=%7B%5BWM%5D:%5BProgram_ID%5D%20%3D%20%22*NONCD0002822*%22%7D,7/2/2026 12:00:00 AM,-80.5575499999999,35.29954
49859,NONCD0002824,DUKE ENERGY-ALLEN STEAM,253 PLANT ALLEN RD,BELMONT,GASTON,35.18819,-81.01127,ON SCREEN PLACEMENT ON GEOREFERENCED MAP,ACMEMAPPER,FALSE,FALSE,https://edocs.deq.nc.gov/WasteManagement/Search.aspx?dbid=0&searchcommand=%7B%5BWM%5D:%5BProgram_ID%5D%20%3D%20%22*NONCD0002823*%22%7D,7/2/2026 12:00:00 AM,-81.01127,35.1881900000001
49860,NONCD0002825,ROBERT EXPRESS,606 LENOIR RHYNE BLVD,HICKORY,CATAWBA,35.72505,-81.32202,ON SCREEN PLACEMENT ON GEOREFERENCED MAP,UNKNOWN,FALSE,FALSE,https://edocs.deq.nc.gov/WasteManagement/Search.aspx?dbid=0&searchcommand=%7B%5BWM%5D:%5BProgram_ID%5D%20%3D%20%22*NONCD0002824*%22%7D,7/2/2026 12:00:00 AM,-81.32202,35.7250500000001
49861,NONCD0002826,HAMILTON STREET PROPERTY-B,330 N HAMILTON ST,HIGH POINT,GUILFORD,35.96222,-80.00694,ON SCREEN PLACEMENT ON GEOREFERENCED MAP,ACMEMAPPER,FALSE,FALSE,https://edocs.deq.nc.gov/WasteManagement/Search.aspx?dbid=0&searchcommand=%7B%5BWM%5D:%5BProgram_ID%5D%20%3D%20%22*NONCD0002825*%22%7D,7/2/2026 12:00:00 AM,-80.00694,35.9622200000001
49862,NONCD0002828,TP SHERWOOD LLC PROPERTY,2001 SHERWOOD ST,GREENSBORO,GUILFORD,36.065278,-79.82583,ON SCREEN PLACEMENT ON GEOREFERENCED MAP,ACMEMAPPER,FALSE,FALSE,https://edocs.deq.nc.gov/WasteManagement/Search.aspx?dbid=0&searchcommand=%7B%5BWM%5D:%5BProgram_ID%5D%20%3D%20%22*NONCD0002826*%22%7D,7/2/2026 12:00:00 AM,-79.8258299999999,36.065278
49863,NONCD0002829,TWIN CITY INDUSTRIAL CENTER,800 CHATHAM RD,WINSTON-SALEM,FORSYTH,36.105368,-80.25459,GPS (2-5 METER),,FALSE,FALSE,https://edocs.deq.nc.gov/WasteManagement/Search.aspx?dbid=0&searchcommand=%7B%5BWM%5D:%5BProgram_ID%5D%20%3D%20%22*NONCD0002828*%22%7D,7/2/2026 12:00:00 AM,-80.25459,36.1053680000001
49864,NONCD0002830,"CSX RAILWAY, NORLINA TO LITTLETON",RR TRACK NORLINA TO LITTLETON,,WARREN,36.43581,-78.04515,ON SCREEN PLACEMENT ON GEOREFERENCED MAP,ACMEMAPPER,FALSE,FALSE,https://edocs.deq.nc.gov/WasteManagement/Search.aspx?dbid=0&searchcommand=%7B%5BWM%5D:%5BProgram_ID%5D%20%3D%20%22*NONCD0002829*%22%7D,7/2/2026 12:00:00 AM,-78.04515,36.4358100000001
49865,NONCD0002832,HWY 177 TCE,1061 HWY 177,HAMLET,RICHMOND,34.930641,-79.638485,GPS (2-5 METER),,FALSE,FALSE,https://edocs.deq.nc.gov/WasteManagement/Search.aspx?dbid=0&searchcommand=%7B%5BWM%5D:%5BProgram_ID%5D%20%3D%20%22*NONCD0002830*%22%7D,7/2/2026 12:00:00 AM,-79.6384849999999,34.930641
49866,NONCD0002833,UMICORE CSM NA,17180 AIRPORT RD,MAXTON,SCOTLAND,34.803188,-79.36328,ON SCREEN PLACEMENT ON GEOREFERENCED MAP,ACMEMAPPER,FALSE,TRUE,https://edocs.deq.nc.gov/WasteManagement/Search.aspx?dbid=0&searchcommand=%7B%5BWM%5D:%5BProgram_ID%5D%20%3D%20%22*NONCD0002832*%22%7D,7/2/2026 12:00:00 AM,-79.36328,34.803188
49867,NONCD0002834,BURLINGTON INDUSTRIES,1000 TURNPIKE RD,RAEFORD,HOKE,34.987945,-79.243555,ON SCREEN PLACEMENT ON GEOREFERENCED MAP,ACMEMAPPER,FALSE,FALSE,https://edocs.deq.nc.gov/WasteManagement/Search.aspx?dbid=0&searchcommand=%7B%5BWM%5D:%5BProgram_ID%5D%20%3D%20%22*NONCD0002833*%22%7D,7/2/2026 12:00:00 AM,-79.243555,34.987945
49868,NONCD0002835,PRIME EQUIPMENT CO,1020 N FRONT ST,WILMINGTON,NEW HANOVER,34.24763,-77.94802,ON SCREEN PLACEMENT ON GEOREFERENCED MAP,ACMEMAPPER,FALSE,FALSE,https://edocs.deq.nc.gov/WasteManagement/Search.aspx?dbid=0&searchcommand=%7B%5BWM%5D:%5BProgram_ID%5D%20%3D%20%22*NONCD0002834*%22%7D,7/2/2026 12:00:00 AM,-77.94802,34.2476300000001
49869,NONCD0002836,RABO CLEANERS,701 HOOKER RD,GREENVILLE,PITT,35.59149,-77.38922,ON SCREEN PLACEMENT ON GEOREFERENCED MAP,ACMEMAPPER,FALSE,FALSE,https://edocs.deq.nc.gov/WasteManagement/Search.aspx?dbid=0&searchcommand=%7B%5BWM%5D:%5BProgram_ID%5D%20%3D%20%22*NONCD0002835*%22%7D,7/2/2026 12:00:00 AM,-77.38922,35.5914900000001
49870,NONCD0002837,B & C GROCERY,942 E HARDEN ST,GRAHAM,ALAMANCE,36.0602,-79.38011,ON SCREEN PLACEMENT ON GEOREFERENCED MAP,ACMEMAPPER,FALSE,FALSE,https://edocs.deq.nc.gov/WasteManagement/Search.aspx?dbid=0&searchcommand=%7B%5BWM%5D:%5BProgram_ID%5D%20%3D%20%22*NONCD0002836*%22%7D,7/2/2026 12:00:00 AM,-79.3801099999999,36.0602000000001
49871,NONCD0002838,WACCAMAW TRANSPORT (FORMER),1106 S 2ND ST,WILMINGTON,NEW HANOVER,34.22094,-77.94579,ON SCREEN PLACEMENT ON GEOREFERENCED MAP,ACMEMAPPER,FALSE,FALSE,https://edocs.deq.nc.gov/WasteManagement/Search.aspx?dbid=0&searchcommand=%7B%5BWM%5D:%5BProgram_ID%5D%20%3D%20%22*NONCD0002837*%22%7D,7/2/2026 12:00:00 AM,-77.94579,34.22094
49872,NONCD0002841,GOBLE WELL,444 MCGUIRE ST,GASTONIA,GASTON,35.2718,-81.21674,ON SCREEN PLACEMENT ON GEOREFERENCED MAP,UNKNOWN,FALSE,FALSE,https://edocs.deq.nc.gov/WasteManagement/Search.aspx?dbid=0&searchcommand=%7B%5BWM%5D:%5BProgram_ID%5D%20%3D%20%22*NONCD0002838*%22%7D,7/2/2026 12:00:00 AM,-81.21674,35.2718
49873,NONCD0002842,SOUTH COLLEGE RD PCP SPILL,145-147 S COLLEGE RD,WILMINGTON,NEW HANOVER,34.2404,-77.8701,ON SCREEN PLACEMENT ON GEOREFERENCED MAP,ACMEMAPPER,FALSE,FALSE,https://edocs.deq.nc.gov/WasteManagement/Search.aspx?dbid=0&searchcommand=%7B%5BWM%5D:%5BProgram_ID%5D%20%3D%20%22*NONCD0002841*%22%7D,7/2/2026 12:00:00 AM,-77.8701,34.2404000000001
49874,NONCD0002845,CLAWSON RADIATOR (FORMER),108 WEST PARK RD,CHARLOTTE,MECKLENBURG,35.21505,-80.85731,ON SCREEN PLACEMENT ON GEOREFERENCED MAP,UNKNOWN,FALSE,FALSE,https://edocs.deq.nc.gov/WasteManagement/Search.aspx?dbid=0&searchcommand=%7B%5BWM%5D:%5BProgram_ID%5D%20%3D%20%22*NONCD0002842*%22%7D,7/2/2026 12:00:00 AM,-80.85731,35.2150500000001
49875,NONCD0002846,HICKORY WIRE (AKA MOSER PROPERTY),1711 11TH AVE SW,HICKORY,CATAWBA,35.72039,-81.36998,ON SCREEN PLACEMENT ON GEOREFERENCED MAP,ACMEMAPPER,FALSE,FALSE,https://edocs.deq.nc.gov/WasteManagement/Search.aspx?dbid=0&searchcommand=%7B%5BWM%5D:%5BProgram_ID%5D%20%3D%20%22*NONCD0002845*%22%7D,7/2/2026 12:00:00 AM,-81.3699799999999,35.7203900000001
49876,NONCD0002850,BUSICK ROAD TCE,BUSICK RD,REIDSVILLE,ROCKINGHAM,36.32623,-79.61999,ON SCREEN PLACEMENT ON GEOREFERENCED MAP,ACMEMAPPER,FALSE,FALSE,https://edocs.deq.nc.gov/WasteManagement/Search.aspx?dbid=0&searchcommand=%7B%5BWM%5D:%5BProgram_ID%5D%20%3D%20%22*NONCD0002846*%22%7D,7/2/2026 12:00:00 AM,-79.61999,36.3262300000001
49877,NONCD0002852,CLAYTON FARMS,1833 LOOP RD,CLAYTON,JOHNSTON,35.67656,-78.42426,ON SCREEN PLACEMENT ON GEOREFERENCED MAP,ACMEMAPPER,FALSE,FALSE,https://edocs.deq.nc.gov/WasteManagement/Search.aspx?dbid=0&searchcommand=%7B%5BWM%5D:%5BProgram_ID%5D%20%3D%20%22*NONCD0002850*%22%7D,7/2/2026 12:00:00 AM,-78.4242599999999,35.6765600000001
49878,NONCD0002853,EATON MANUFACTURING,1100 E PRESTON ST,SELMA,JOHNSTON,35.5253,-78.28336,ON SCREEN PLACEMENT ON GEOREFERENCED MAP,ACMEMAPPER,FALSE,TRUE,https://edocs.deq.nc.gov/WasteManagement/Search.aspx?dbid=0&searchcommand=%7B%5BWM%5D:%5BProgram_ID%5D%20%3D%20%22*NONCD0002852*%22%7D,7/2/2026 12:00:00 AM,-78.28336,35.5253000000001
49879,NONCD0002854,FIBER DYNAMICS,200 SOUTH WEST POINT AVE,HIGH POINT,GUILFORD,35.94637,-80.01763,ON SCREEN PLACEMENT ON GEOREFERENCED MAP,ACMEMAPPER,FALSE,TRUE,https://edocs.deq.nc.gov/WasteManagement/Search.aspx?dbid=0&searchcommand=%7B%5BWM%5D:%5BProgram_ID%5D%20%3D%20%22*NONCD0002853*%22%7D,7/2/2026 12:00:00 AM,-80.0176299999999,35.9463700000001
49880,NONCD0002855,PATTERSON PROPERTY,900 JEFFERSON ST,ROANOKE RAPIDS,HALIFAX,36.45654,-77.65206,ON SCREEN PLACEMENT ON GEOREFERENCED MAP,ACMEMAPPER,FALSE,FALSE,https://edocs.deq.nc.gov/WasteManagement/Search.aspx?dbid=0&searchcommand=%7B%5BWM%5D:%5BProgram_ID%5D%20%3D%20%22*NONCD0002854*%22%7D,7/2/2026 12:00:00 AM,-77.6520599999999,36.4565400000001
49881,NONCD0002857,ABERDEEN FLORIST & GARDEN CENTER,500 S SANDHILLS BLVD,ABERDEEN,MOORE,35.127701,-79.433081,ON SCREEN PLACEMENT ON GEOREFERENCED MAP,ESRI AGOL BASE MAP,FALSE,FALSE,https://edocs.deq.nc.gov/WasteManagement/Search.aspx?dbid=0&searchcommand=%7B%5BWM%5D:%5BProgram_ID%5D%20%3D%20%22*NONCD0002855*%22%7D,7/2/2026 12:00:00 AM,-79.433081,35.1277010000001
49882,NONCD0002858,DURHAM PUBLIC SERVICE CO PROP (FORMER),309 BLACKWELL ST,DURHAM,DURHAM,35.9931,-78.90354,ON SCREEN PLACEMENT ON GEOREFERENCED MAP,ACMEMAPPER,FALSE,FALSE,https://edocs.deq.nc.gov/WasteManagement/Search.aspx?dbid=0&searchcommand=%7B%5BWM%5D:%5BProgram_ID%5D%20%3D%20%22*NONCD0002857*%22%7D,7/2/2026 12:00:00 AM,-78.90354,35.9931
49883,NONCD0002859,WILCO #301,3610 W WENDOVER AVE,GREENSBORO,GUILFORD,36.06048,-79.86989,ON SCREEN PLACEMENT ON GEOREFERENCED MAP,ACMEMAPPER,FALSE,FALSE,https://edocs.deq.nc.gov/WasteManagement/Search.aspx?dbid=0&searchcommand=%7B%5BWM%5D:%5BProgram_ID%5D%20%3D%20%22*NONCD0002858*%22%7D,7/2/2026 12:00:00 AM,-79.8698899999999,36.06048
49884,NONCD0002860,BREVARD & 4TH STS CONTAMINATION,BREVARD AND 4TH STS,CHARLOTTE,MECKLENBURG,35.22327,-80.84134,ON SCREEN PLACEMENT ON GEOREFERENCED MAP,ACMEMAPPER,FALSE,FALSE,https://edocs.deq.nc.gov/WasteManagement/Search.aspx?dbid=0&searchcommand=%7B%5BWM%5D:%5BProgram_ID%5D%20%3D%20%22*NONCD0002859*%22%7D,7/2/2026 12:00:00 AM,-80.8413399999999,35.2232700000001
49885,NONCD0002863,BABY DIAPER SERVICE,1819 SPRING GARDEN ST,GREENSBORO,GUILFORD,36.06322,-79.82258,ON SCREEN PLACEMENT ON GEOREFERENCED MAP,ACMEMAPPER,FALSE,FALSE,https://edocs.deq.nc.gov/WasteManagement/Search.aspx?dbid=0&searchcommand=%7B%5BWM%5D:%5BProgram_ID%5D%20%3D%20%22*NONCD0002860*%22%7D,7/2/2026 12:00:00 AM,-79.82258,36.0632200000001
49886,NONCD0002865,PIEDMONT TRIAD AIRPORT-AIR CARGO,6415 AIRPORT PKWY,GREENSBORO,GUILFORD,36.10797,-79.94248,ON SCREEN PLACEMENT ON GEOREFERENCED MAP,ACMEMAPPER,FALSE,FALSE,https://edocs.deq.nc.gov/WasteManagement/Search.aspx?dbid=0&searchcommand=%7B%5BWM%5D:%5BProgram_ID%5D%20%3D%20%22*NONCD0002863*%22%7D,7/2/2026 12:00:00 AM,-79.94248,36.1079700000001
49887,NONCD0002866,OMC/BOMBARDIER,1 OMC DRIVE,BURNSVILLE,YANCEY,35.91531,-82.27684,ON SCREEN PLACEMENT ON GEOREFERENCED MAP,UNKNOWN,FALSE,FALSE,https://edocs.deq.nc.gov/WasteManagement/Search.aspx?dbid=0&searchcommand=%7B%5BWM%5D:%5BProgram_ID%5D%20%3D%20%22*NONCD0002865*%22%7D,7/2/2026 12:00:00 AM,-82.2768399999999,35.91531
49888,NONCD0002867,ATKINSON ST CONTAMINATION,109 ATKINSON ST,HAMLET,RICHMOND,34.90692,-79.67698,ON SCREEN PLACEMENT ON GEOREFERENCED MAP,ACMEMAPPER,FALSE,FALSE,https://edocs.deq.nc.gov/WasteManagement/Search.aspx?dbid=0&searchcommand=%7B%5BWM%5D:%5BProgram_ID%5D%20%3D%20%22*NONCD0002866*%22%7D,7/2/2026 12:00:00 AM,-79.67698,34.9069200000001
49889,NONCD0002868,STATESVILLE BLVD CONTAMINATION,2620 STATESVILLE BLVD,SALISBURY,ROWAN,35.7,-80.53489,ON SCREEN PLACEMENT ON GEOREFERENCED MAP,ACMEMAPPER,FALSE,FALSE,https://edocs.deq.nc.gov/WasteManagement/Search.aspx?dbid=0&searchcommand=%7B%5BWM%5D:%5BProgram_ID%5D%20%3D%20%22*NONCD0002867*%22%7D,7/2/2026 12:00:00 AM,-80.53489,35.7
49890,NONCD0002869,NCDOT ASPHALT TESTING SITE #70,HWY 74,LUMBERTON,ROBESON,34.60987,-79.11849,ON SCREEN PLACEMENT ON GEOREFERENCED MAP,ACMEMAPPER,FALSE,FALSE,https://edocs.deq.nc.gov/WasteManagement/Search.aspx?dbid=0&searchcommand=%7B%5BWM%5D:%5BProgram_ID%5D%20%3D%20%22*NONCD0002868*%22%7D,7/2/2026 12:00:00 AM,-79.11849,34.6098700000001
49891,NONCD0002870,RPM NISSAN,3930 CHAPEL HILL BLVD,DURHAM,DURHAM,35.97045,-78.95632,ON SCREEN PLACEMENT ON GEOREFERENCED MAP,ACMEMAPPER,FALSE,FALSE,https://edocs.deq.nc.gov/WasteManagement/Search.aspx?dbid=0&searchcommand=%7B%5BWM%5D:%5BProgram_ID%5D%20%3D%20%22*NONCD0002869*%22%7D,7/2/2026 12:00:00 AM,-78.9563199999999,35.97045
49892,NONCD0002871,UNITED METAL FINISHING,133 BLUE BELL RD,GREENSBORO,GUILFORD,36.02814,-79.78996,ON SCREEN PLACEMENT ON GEOREFERENCED MAP,ACMEMAPPER,FALSE,TRUE,https://edocs.deq.nc.gov/WasteManagement/Search.aspx?dbid=0&searchcommand=%7B%5BWM%5D:%5BProgram_ID%5D%20%3D%20%22*NONCD0002870*%22%7D,7/2/2026 12:00:00 AM,-79.78996,36.0281400000001
49893,NONCD0002872,"WALNUT COVE TIRE CENTER, INC",1293 US HWY 311,WALNUT COVE,STOKES,36.268277,-80.145136,ON SCREEN PLACEMENT ON GEOREFERENCED MAP,ESRI AGOL BASE MAP,FALSE,FALSE,https://edocs.deq.nc.gov/WasteManagement/Search.aspx?dbid=0&searchcommand=%7B%5BWM%5D:%5BProgram_ID%5D%20%3D%20%22*NONCD0002871*%22%7D,7/2/2026 12:00:00 AM,-80.145136,36.2682770000001
49894,NONCD0002873,NELLO TEER QUARRY-DENFIELD,5013 DENFIELD ST,DURHAM,DURHAM,36.06763,-78.89282,ON SCREEN PLACEMENT ON GEOREFERENCED MAP,ACMEMAPPER,FALSE,FALSE,https://edocs.deq.nc.gov/WasteManagement/Search.aspx?dbid=0&searchcommand=%7B%5BWM%5D:%5BProgram_ID%5D%20%3D%20%22*NONCD0002872*%22%7D,7/2/2026 12:00:00 AM,-78.89282,36.0676300000001
49895,NONCD0002874,MOHAWK-KARASTAN,2007 DICKINSON AVE,GREENVILLE,PITT,35.600587,-77.390456,ON SCREEN PLACEMENT ON GEOREFERENCED MAP,ACMEMAPPER,FALSE,FALSE,https://edocs.deq.nc.gov/WasteManagement/Search.aspx?dbid=0&searchcommand=%7B%5BWM%5D:%5BProgram_ID%5D%20%3D%20%22*NONCD0002873*%22%7D,7/2/2026 12:00:00 AM,-77.390456,35.6005870000001
49896,NONCD0002875,CONTEMPORARY ART MUSEUM,409 W MARTIN ST,RALEIGH,WAKE,35.77692,-78.64568,ON SCREEN PLACEMENT ON GEOREFERENCED MAP,ACMEMAPPER,FALSE,FALSE,https://edocs.deq.nc.gov/WasteManagement/Search.aspx?dbid=0&searchcommand=%7B%5BWM%5D:%5BProgram_ID%5D%20%3D%20%22*NONCD0002874*%22%7D,7/2/2026 12:00:00 AM,-78.64568,35.7769200000001
49897,NONCD0002877,VIRGINIA AVE PCE CONTAMINATION,8TH ST & VIRGINIA AVE,BESSEMER CITY,GASTON,35.28329,-81.27511,ON SCREEN PLACEMENT ON GEOREFERENCED MAP,ACMEMAPPER,FALSE,FALSE,https://edocs.deq.nc.gov/WasteManagement/Search.aspx?dbid=0&searchcommand=%7B%5BWM%5D:%5BProgram_ID%5D%20%3D%20%22*NONCD0002875*%22%7D,7/2/2026 12:00:00 AM,-81.27511,35.2832900000001
49898,NONCD0002878,ROBERTS ST HATCHERY,144 ROBERTS ST,ASHEVILLE,BUNCOMBE,35.58612,-82.56613,ON SCREEN PLACEMENT ON GEOREFERENCED MAP,UNKNOWN,FALSE,FALSE,https://edocs.deq.nc.gov/WasteManagement/Search.aspx?dbid=0&searchcommand=%7B%5BWM%5D:%5BProgram_ID%5D%20%3D%20%22*NONCD0002877*%22%7D,7/2/2026 12:00:00 AM,-82.56613,35.5861200000001
49899,NONCD0002879,TAYLOR ROAD WELLS,801 TAYLOR RD,STONEVILLE,ROCKINGHAM,36.48462,-79.89008,ON SCREEN PLACEMENT ON GEOREFERENCED MAP,ACMEMAPPER,FALSE,FALSE,https://edocs.deq.nc.gov/WasteManagement/Search.aspx?dbid=0&searchcommand=%7B%5BWM%5D:%5BProgram_ID%5D%20%3D%20%22*NONCD0002878*%22%7D,7/2/2026 12:00:00 AM,-79.89008,36.4846200000001
49900,NONCD0002880,PATCHES BODY SHOP,1903 E GREEN ST,HIGH POINT,GUILFORD,35.95347,-79.98374,ON SCREEN PLACEMENT ON GEOREFERENCED MAP,ESRI AGOL BASE MAP,FALSE,FALSE,https://edocs.deq.nc.gov/WasteManagement/Search.aspx?dbid=0&searchcommand=%7B%5BWM%5D:%5BProgram_ID%5D%20%3D%20%22*NONCD0002879*%22%7D,7/2/2026 12:00:00 AM,-79.98374,35.95347
49901,NONCD0002881,ARDEE/TRANSLITE,639 WASHBURN SWITCH RD,SHELBY,CLEVELAND,35.31245,-81.60761,ON SCREEN PLACEMENT ON GEOREFERENCED MAP,ACMEMAPPER,FALSE,TRUE,https://edocs.deq.nc.gov/WasteManagement/Search.aspx?dbid=0&searchcommand=%7B%5BWM%5D:%5BProgram_ID%5D%20%3D%20%22*NONCD0002880*%22%7D,7/2/2026 12:00:00 AM,-81.60761,35.3124500000001
49902,NONCD0002882,NEEDMORE GENERAL STORE,1921 BASS LAKE RD,FUQUAY-VARINA,WAKE,35.628151,-78.78024,ON SCREEN PLACEMENT ON GEOREFERENCED MAP,ACMEMAPPER,FALSE,FALSE,https://edocs.deq.nc.gov/WasteManagement/Search.aspx?dbid=0&searchcommand=%7B%5BWM%5D:%5BProgram_ID%5D%20%3D%20%22*NONCD0002881*%22%7D,7/2/2026 12:00:00 AM,-78.7802399999999,35.6281510000001
49903,NONCD0002883,BIDDLE STREET-1104,1104 BIDDLE ST,NEW BERN,CRAVEN,35.11579,-77.05443,ON SCREEN PLACEMENT ON GEOREFERENCED MAP,ACMEMAPPER,FALSE,FALSE,https://edocs.deq.nc.gov/WasteManagement/Search.aspx?dbid=0&searchcommand=%7B%5BWM%5D:%5BProgram_ID%5D%20%3D%20%22*NONCD0002882*%22%7D,7/2/2026 12:00:00 AM,-77.05443,35.1157900000001
49904,NONCD0002884,KING'S SCOOTERS,501 N 3RD ST,WILMINGTON,NEW HANOVER,34.24145,-77.94703,ON SCREEN PLACEMENT ON GEOREFERENCED MAP,UNKNOWN,FALSE,FALSE,https://edocs.deq.nc.gov/WasteManagement/Search.aspx?dbid=0&searchcommand=%7B%5BWM%5D:%5BProgram_ID%5D%20%3D%20%22*NONCD0002883*%22%7D,7/2/2026 12:00:00 AM,-77.94703,34.24145
49905,NONCD0002885,ANNEDEEN HOSIERY BLDG,717 NORTH PARK AVE,BURLINGTON,ALAMANCE,36.10215,-79.4433,ON SCREEN PLACEMENT ON GEOREFERENCED MAP,ACMEMAPPER,FALSE,FALSE,https://edocs.deq.nc.gov/WasteManagement/Search.aspx?dbid=0&searchcommand=%7B%5BWM%5D:%5BProgram_ID%5D%20%3D%20%22*NONCD0002884*%22%7D,7/2/2026 12:00:00 AM,-79.4433,36.1021500000001
49906,NONCD0002887,VOLVO CONSTRUCTION EQUIPMENT (FRMR),2169 HENDERSONVILLE RD,ASHEVILLE,BUNCOMBE,35.47989,-82.52847,ON SCREEN PLACEMENT ON GEOREFERENCED MAP,ACMEMAPPER,FALSE,FALSE,https://edocs.deq.nc.gov/WasteManagement/Search.aspx?dbid=0&searchcommand=%7B%5BWM%5D:%5BProgram_ID%5D%20%3D%20%22*NONCD0002885*%22%7D,7/2/2026 12:00:00 AM,-82.52847,35.4798900000001
49907,NONCD0002890,YARDS AT NODA,400 E 33RD ST,CHARLOTTE,MECKLENBURG,35.24684,-80.81088,ON SCREEN PLACEMENT ON GEOREFERENCED MAP,ACMEMAPPER,FALSE,FALSE,https://edocs.deq.nc.gov/WasteManagement/Search.aspx?dbid=0&searchcommand=%7B%5BWM%5D:%5BProgram_ID%5D%20%3D%20%22*NONCD0002887*%22%7D,7/2/2026 12:00:00 AM,-80.8108799999999,35.2468400000001
49908,NONCD0002891,GOLDSBORO MILLING-MILL #1 & #2,938 MILLERS CHAPEL RD,GOLDSBORO,WAYNE,35.36271,-77.88808,ON SCREEN PLACEMENT ON GEOREFERENCED MAP,ACMEMAPPER,FALSE,TRUE,https://edocs.deq.nc.gov/WasteManagement/Search.aspx?dbid=0&searchcommand=%7B%5BWM%5D:%5BProgram_ID%5D%20%3D%20%22*NONCD0002890*%22%7D,7/2/2026 12:00:00 AM,-77.8880799999999,35.36271
49909,NONCD0002892,MERCHANTS METALS (MMI PRODUCTS),165 FANJOY RD,STATESVILLE,IREDELL,35.76304,-80.8244,ON SCREEN PLACEMENT ON GEOREFERENCED MAP,ACMEMAPPER,FALSE,FALSE,https://edocs.deq.nc.gov/WasteManagement/Search.aspx?dbid=0&searchcommand=%7B%5BWM%5D:%5BProgram_ID%5D%20%3D%20%22*NONCD0002891*%22%7D,7/2/2026 12:00:00 AM,-80.8244,35.76304
49910,NONCD0002894,VFW ROAD CONTAMINATION,VFW ROAD,REIDSVILLE,ROCKINGHAM,36.38448,-79.6463,ON SCREEN PLACEMENT ON GEOREFERENCED MAP,ACMEMAPPER,FALSE,FALSE,https://edocs.deq.nc.gov/WasteManagement/Search.aspx?dbid=0&searchcommand=%7B%5BWM%5D:%5BProgram_ID%5D%20%3D%20%22*NONCD0002892*%22%7D,7/2/2026 12:00:00 AM,-79.6462999999999,36.3844800000001
49911,NONCD0002895,"UNITED SCRAP, INC.",3600 PRIMROSE AVE,CHARLOTTE,MECKLENBURG,35.22133,-80.90779,ON SCREEN PLACEMENT ON GEOREFERENCED MAP,ACMEMAPPER,FALSE,FALSE,https://edocs.deq.nc.gov/WasteManagement/Search.aspx?dbid=0&searchcommand=%7B%5BWM%5D:%5BProgram_ID%5D%20%3D%20%22*NONCD0002894*%22%7D,7/2/2026 12:00:00 AM,-80.90779,35.2213300000001
49912,NONCD0002896,NC DOT BRIDGE #80,BLACK CRK & STATONSBURG RD BRG,FARMVILLE,PITT,35.62493,-77.59282,ON SCREEN PLACEMENT ON GEOREFERENCED MAP,UNKNOWN,FALSE,FALSE,https://edocs.deq.nc.gov/WasteManagement/Search.aspx?dbid=0&searchcommand=%7B%5BWM%5D:%5BProgram_ID%5D%20%3D%20%22*NONCD0002895*%22%7D,7/2/2026 12:00:00 AM,-77.59282,35.6249300000001
49913,NONCD0002897,NC DOT BRIDGE #71,BUFFALO CRK & NC96 BRIDGE,SELMA,JOHNSTON,35.62015,-78.29144,ON SCREEN PLACEMENT ON GEOREFERENCED MAP,ACMEMAPPER,FALSE,FALSE,https://edocs.deq.nc.gov/WasteManagement/Search.aspx?dbid=0&searchcommand=%7B%5BWM%5D:%5BProgram_ID%5D%20%3D%20%22*NONCD0002896*%22%7D,7/2/2026 12:00:00 AM,-78.29144,35.62015
49914,NONCD0002898,WOODLEAF & RIDGE PCE,3150 WOODLEAF RD,SALISBURY,ROWAN,35.70948,-80.52531,ON SCREEN PLACEMENT ON GEOREFERENCED MAP,ACMEMAPPER,FALSE,FALSE,https://edocs.deq.nc.gov/WasteManagement/Search.aspx?dbid=0&searchcommand=%7B%5BWM%5D:%5BProgram_ID%5D%20%3D%20%22*NONCD0002897*%22%7D,7/2/2026 12:00:00 AM,-80.5253099999999,35.70948
49915,NONCD0002899,STATELINE SCRAP METAL,5401 SOUTH YORK HWY,GASTONIA,GASTON,35.17417,-81.19542,ON SCREEN PLACEMENT ON GEOREFERENCED MAP,ACMEMAPPER,FALSE,FALSE,https://edocs.deq.nc.gov/WasteManagement/Search.aspx?dbid=0&searchcommand=%7B%5BWM%5D:%5BProgram_ID%5D%20%3D%20%22*NONCD0002898*%22%7D,7/2/2026 12:00:00 AM,-81.19542,35.1741700000001
49916,NONCD0002902,R.L. STOWE MILLS (FRMR CHRONICLE MILLS),96 E CATAWBA ST,BELMONT,GASTON,35.24299,-81.03399,ON SCREEN PLACEMENT ON GEOREFERENCED MAP,ACMEMAPPER,FALSE,FALSE,https://edocs.deq.nc.gov/WasteManagement/Search.aspx?dbid=0&searchcommand=%7B%5BWM%5D:%5BProgram_ID%5D%20%3D%20%22*NONCD0002899*%22%7D,7/2/2026 12:00:00 AM,-81.03399,35.2429900000001
49917,NONCD0002903,ENGINEERED CONTROLS INTERNATIONAL,1239 ROCK CREEK DAIRY RD,WHITSETT,GUILFORD,36.052835,-79.597785,ON SCREEN PLACEMENT ON GEOREFERENCED MAP,ACMEMAPPER,FALSE,TRUE,https://edocs.deq.nc.gov/WasteManagement/Search.aspx?dbid=0&searchcommand=%7B%5BWM%5D:%5BProgram_ID%5D%20%3D%20%22*NONCD0002902*%22%7D,7/2/2026 12:00:00 AM,-79.597785,36.0528350000001
49918,NONCD0002904,ENGINEERED CONTROLS INTERNATIONAL,100 REGO DR,ELON,ALAMANCE,36.10163,-79.51694,ON SCREEN PLACEMENT ON GEOREFERENCED MAP,ACMEMAPPER,FALSE,TRUE,https://edocs.deq.nc.gov/WasteManagement/Search.aspx?dbid=0&searchcommand=%7B%5BWM%5D:%5BProgram_ID%5D%20%3D%20%22*NONCD0002903*%22%7D,7/2/2026 12:00:00 AM,-79.51694,36.1016300000001
49919,NONCD0002906,BRIDGETON HARBOUR MARINA,1101 NORTH B ST,BRIDGETON,CRAVEN,35.1267,-77.02694,ON SCREEN PLACEMENT ON GEOREFERENCED MAP,ACMEMAPPER,FALSE,FALSE,https://edocs.deq.nc.gov/WasteManagement/Search.aspx?dbid=0&searchcommand=%7B%5BWM%5D:%5BProgram_ID%5D%20%3D%20%22*NONCD0002904*%22%7D,7/2/2026 12:00:00 AM,-77.02694,35.1267
49920,NONCD0002907,CHEM-TEX (FRMR) AKA CLASSIC COFFEE,1016 & 1024 MONTANA DR,CHARLOTTE,MECKLENBURG,35.26808,-80.86682,ON SCREEN PLACEMENT ON GEOREFERENCED MAP,ACMEMAPPER,FALSE,FALSE,https://edocs.deq.nc.gov/WasteManagement/Search.aspx?dbid=0&searchcommand=%7B%5BWM%5D:%5BProgram_ID%5D%20%3D%20%22*NONCD0002906*%22%7D,7/2/2026 12:00:00 AM,-80.86682,35.2680800000001
49921,NONCD0002909,PLANTERS CHEMICAL,636 ROBESON ST,FAYETTEVILLE,CUMBERLAND,35.04381,-78.89566,ON SCREEN PLACEMENT ON GEOREFERENCED MAP,ACMEMAPPER,FALSE,FALSE,https://edocs.deq.nc.gov/WasteManagement/Search.aspx?dbid=0&searchcommand=%7B%5BWM%5D:%5BProgram_ID%5D%20%3D%20%22*NONCD0002907*%22%7D,7/2/2026 12:00:00 AM,-78.89566,35.0438100000001
49922,NONCD0002911,ONE HOUR MARTINIZING,2519 HIGH POINT RD,GREENSBORO,GUILFORD,36.054186,-79.83141,ON SCREEN PLACEMENT ON GEOREFERENCED MAP,ACMEMAPPER,FALSE,FALSE,https://edocs.deq.nc.gov/WasteManagement/Search.aspx?dbid=0&searchcommand=%7B%5BWM%5D:%5BProgram_ID%5D%20%3D%20%22*NONCD0002909*%22%7D,7/2/2026 12:00:00 AM,-79.8314099999999,36.0541860000001
49923,NONCD0002912,PRIMROSE AVE PCE CONTAMINATION,2310 OLD STEELE CREEK RD,CHARLOTTE,MECKLENBURG,35.2197,-80.90582,ON SCREEN PLACEMENT ON GEOREFERENCED MAP,ACMEMAPPER,FALSE,FALSE,https://edocs.deq.nc.gov/WasteManagement/Search.aspx?dbid=0&searchcommand=%7B%5BWM%5D:%5BProgram_ID%5D%20%3D%20%22*NONCD0002911*%22%7D,7/2/2026 12:00:00 AM,-80.9058199999999,35.2197
49924,NONCD0002913,WALLACE AIRPORT,250 HENDERSON FIELD RD,WALLACE,PENDER,34.71976,-78.00463,ON SCREEN PLACEMENT ON GEOREFERENCED MAP,ACMEMAPPER,FALSE,FALSE,https://edocs.deq.nc.gov/WasteManagement/Search.aspx?dbid=0&searchcommand=%7B%5BWM%5D:%5BProgram_ID%5D%20%3D%20%22*NONCD0002912*%22%7D,7/2/2026 12:00:00 AM,-78.00463,34.7197600000001
49925,NONCD0002914,HERNDON CHAPEL CHURCH LANE,225&235 HERNDON CHAPEL CHURCH,LINCOLNTON,LINCOLN,35.45715,-81.24462,ON SCREEN PLACEMENT ON GEOREFERENCED MAP,ACMEMAPPER,FALSE,FALSE,https://edocs.deq.nc.gov/WasteManagement/Search.aspx?dbid=0&searchcommand=%7B%5BWM%5D:%5BProgram_ID%5D%20%3D%20%22*NONCD0002913*%22%7D,7/2/2026 12:00:00 AM,-81.2446199999999,35.4571500000001
49926,NONCD0002915,SUTTON PROPERTY,223 E WASHINGTON ST,LA GRANGE,LENOIR,35.30347,-77.78406,ON SCREEN PLACEMENT ON GEOREFERENCED MAP,ACMEMAPPER,FALSE,FALSE,https://edocs.deq.nc.gov/WasteManagement/Search.aspx?dbid=0&searchcommand=%7B%5BWM%5D:%5BProgram_ID%5D%20%3D%20%22*NONCD0002914*%22%7D,7/2/2026 12:00:00 AM,-77.78406,35.3034700000001
49927,NONCD0002916,COASTAL LUMBER,1772 TRUEBLOOD RD,WELDON,HALIFAX,36.40205,-77.61077,ON SCREEN PLACEMENT ON GEOREFERENCED MAP,UNKNOWN,FALSE,FALSE,https://edocs.deq.nc.gov/WasteManagement/Search.aspx?dbid=0&searchcommand=%7B%5BWM%5D:%5BProgram_ID%5D%20%3D%20%22*NONCD0002915*%22%7D,7/2/2026 12:00:00 AM,-77.6107699999999,36.40205
49928,NONCD0002917,LANE VENTURE PLANT 14,1405 DEBORAH HERMAN RD,CONOVER,CATAWBA,35.71403,-81.24924,ON SCREEN PLACEMENT ON GEOREFERENCED MAP,ACMEMAPPER,FALSE,FALSE,https://edocs.deq.nc.gov/WasteManagement/Search.aspx?dbid=0&searchcommand=%7B%5BWM%5D:%5BProgram_ID%5D%20%3D%20%22*NONCD0002916*%22%7D,7/2/2026 12:00:00 AM,-81.24924,35.71403
49929,NONCD0002919,ROCKY RIVER RD PCE,3501 N ROCKY RIVER RD,MONROE,UNION,35.05786,-80.59383,ON SCREEN PLACEMENT ON GEOREFERENCED MAP,ACMEMAPPER,FALSE,FALSE,https://edocs.deq.nc.gov/WasteManagement/Search.aspx?dbid=0&searchcommand=%7B%5BWM%5D:%5BProgram_ID%5D%20%3D%20%22*NONCD0002917*%22%7D,7/2/2026 12:00:00 AM,-80.59383,35.0578600000001
49930,NONCD0002920,FCX CHEMICALS (FRMR),KLUMAC RD,SALISBURY,ROWAN,35.65386,-80.48928,ON SCREEN PLACEMENT ON GEOREFERENCED MAP,ACMEMAPPER,FALSE,FALSE,https://edocs.deq.nc.gov/WasteManagement/Search.aspx?dbid=0&searchcommand=%7B%5BWM%5D:%5BProgram_ID%5D%20%3D%20%22*NONCD0002919*%22%7D,7/2/2026 12:00:00 AM,-80.48928,35.6538600000001
49931,NONCD0002921,CHINA GROVE TOWN MAINTENANCE AREA,618 SALISBURY ST,CHINA GROVE,ROWAN,35.5725,-80.57252,ON SCREEN PLACEMENT ON GEOREFERENCED MAP,ACMEMAPPER,FALSE,FALSE,https://edocs.deq.nc.gov/WasteManagement/Search.aspx?dbid=0&searchcommand=%7B%5BWM%5D:%5BProgram_ID%5D%20%3D%20%22*NONCD0002920*%22%7D,7/2/2026 12:00:00 AM,-80.5725199999999,35.5725
49932,NONCD0002922,ANTIOCH FOOD MART,2940 NC 18,MORGANTON,BURKE,35.80966,-81.66166,ON SCREEN PLACEMENT ON GEOREFERENCED MAP,ACMEMAPPER,FALSE,FALSE,https://edocs.deq.nc.gov/WasteManagement/Search.aspx?dbid=0&searchcommand=%7B%5BWM%5D:%5BProgram_ID%5D%20%3D%20%22*NONCD0002921*%22%7D,7/2/2026 12:00:00 AM,-81.66166,35.8096600000001
49933,NONCD0002923,"COOPER TOOLS, LLC",3012 MASON ST,MONROE,UNION,34.98986,-80.48935,ON SCREEN PLACEMENT ON GEOREFERENCED MAP,ACMEMAPPER,FALSE,FALSE,https://edocs.deq.nc.gov/WasteManagement/Search.aspx?dbid=0&searchcommand=%7B%5BWM%5D:%5BProgram_ID%5D%20%3D%20%22*NONCD0002922*%22%7D,7/2/2026 12:00:00 AM,-80.4893499999999,34.9898600000001
49934,NONCD0002924,US $2.50 CLEANERS,7558 HWY 73,DENVER,LINCOLN,35.44344,-80.99208,ON SCREEN PLACEMENT ON GEOREFERENCED MAP,ACMEMAPPER,FALSE,FALSE,https://edocs.deq.nc.gov/WasteManagement/Search.aspx?dbid=0&searchcommand=%7B%5BWM%5D:%5BProgram_ID%5D%20%3D%20%22*NONCD0002923*%22%7D,7/2/2026 12:00:00 AM,-80.99208,35.4434400000001
49935,NONCD0002926,REICH ST PESTICDE-PAH CONTAMINATION,4000 BLOCK REICH ST,WINSTON-SALEM,FORSYTH,36.1385,-80.25888,ON SCREEN PLACEMENT ON GEOREFERENCED MAP,ACMEMAPPER,FALSE,FALSE,https://edocs.deq.nc.gov/WasteManagement/Search.aspx?dbid=0&searchcommand=%7B%5BWM%5D:%5BProgram_ID%5D%20%3D%20%22*NONCD0002924*%22%7D,7/2/2026 12:00:00 AM,-80.25888,36.1385000000001
49936,NONCD0002927,SELLERS SERVICE STATION,7202 DALLAS CHERRYVILLE HWY,CHERRYVILLE,GASTON,35.37375,-81.33417,ON SCREEN PLACEMENT ON GEOREFERENCED MAP,ACMEMAPPER,FALSE,FALSE,https://edocs.deq.nc.gov/WasteManagement/Search.aspx?dbid=0&searchcommand=%7B%5BWM%5D:%5BProgram_ID%5D%20%3D%20%22*NONCD0002926*%22%7D,7/2/2026 12:00:00 AM,-81.33417,35.37375
49937,NONCD0002928,SKYWAY DR PCE,1012 SKYWAY DR,MONROE,UNION,34.9899,-80.54846,ON SCREEN PLACEMENT ON GEOREFERENCED MAP,ACMEMAPPER,FALSE,FALSE,https://edocs.deq.nc.gov/WasteManagement/Search.aspx?dbid=0&searchcommand=%7B%5BWM%5D:%5BProgram_ID%5D%20%3D%20%22*NONCD0002927*%22%7D,7/2/2026 12:00:00 AM,-80.54846,34.9899
49938,NONCD0002929,BRUMLEY AVE NE & CHUCH ST N,BRUMLEY AVE NE & CHURCH ST N,CONCORD,CABARRUS,35.41198,-80.58079,ON SCREEN PLACEMENT ON GEOREFERENCED MAP,ACMEMAPPER,FALSE,FALSE,https://edocs.deq.nc.gov/WasteManagement/Search.aspx?dbid=0&searchcommand=%7B%5BWM%5D:%5BProgram_ID%5D%20%3D%20%22*NONCD0002928*%22%7D,7/2/2026 12:00:00 AM,-80.58079,35.41198
49939,NONCD0002930,ALABAMA AVE PCE,ALABAMA AVE & 11TH ST,BESSEMER CITY,GASTON,35.2828,-81.28312,ON SCREEN PLACEMENT ON GEOREFERENCED MAP,ACMEMAPPER,FALSE,FALSE,https://edocs.deq.nc.gov/WasteManagement/Search.aspx?dbid=0&searchcommand=%7B%5BWM%5D:%5BProgram_ID%5D%20%3D%20%22*NONCD0002929*%22%7D,7/2/2026 12:00:00 AM,-81.2831199999999,35.2828000000001
49940,NONCD0002932,WIX FILTRATION CORP-OZARK PLANT,1301 OZARK AVE,GASTONIA,GASTON,35.26946,-81.16366,ON SCREEN PLACEMENT ON GEOREFERENCED MAP,ACMEMAPPER,FALSE,FALSE,https://edocs.deq.nc.gov/WasteManagement/Search.aspx?dbid=0&searchcommand=%7B%5BWM%5D:%5BProgram_ID%5D%20%3D%20%22*NONCD0002930*%22%7D,7/2/2026 12:00:00 AM,-81.1636599999999,35.26946
49941,NONCD0002933,FAIRCHILD RD SOLVENT-BOWEN BRANCH,1105 FAIRCHILD RD,WINSTON-SALEM,FORSYTH,36.1312,-80.22831,ON SCREEN PLACEMENT ON GEOREFERENCED MAP,ESRI AGOL BASE MAP,FALSE,FALSE,https://edocs.deq.nc.gov/WasteManagement/Search.aspx?dbid=0&searchcommand=%7B%5BWM%5D:%5BProgram_ID%5D%20%3D%20%22*NONCD0002932*%22%7D,7/2/2026 12:00:00 AM,-80.22831,36.1312
49942,NONCD0002934,BANCROFT ST GROUNDWATER CONTAMINATION,1906 BANCROFT ST,CHARLOTTE,MECKLENBURG,35.24473,-80.82717,ON SCREEN PLACEMENT ON GEOREFERENCED MAP,ACMEMAPPER,FALSE,FALSE,https://edocs.deq.nc.gov/WasteManagement/Search.aspx?dbid=0&searchcommand=%7B%5BWM%5D:%5BProgram_ID%5D%20%3D%20%22*NONCD0002933*%22%7D,7/2/2026 12:00:00 AM,-80.82717,35.2447300000001
49943,NONCD0002935,SPATCO FACILITY,1680 LOWRY ST,WINSTON-SALEM,FORSYTH,36.09351,-80.22215,GEOCODE (ADDRESS MATCH),ACMEMAPPER,FALSE,FALSE,https://edocs.deq.nc.gov/WasteManagement/Search.aspx?dbid=0&searchcommand=%7B%5BWM%5D:%5BProgram_ID%5D%20%3D%20%22*NONCD0002934*%22%7D,7/2/2026 12:00:00 AM,-80.2221499999999,36.09351
49944,NONCD0002936,CONCRETE SUPPLY COMPANY,115 AQUADALE DR,ALBERMARLE,STANLY,35.34104,-80.19877,GEOCODE (ADDRESS MATCH),ACMEMAPPER,FALSE,FALSE,https://edocs.deq.nc.gov/WasteManagement/Search.aspx?dbid=0&searchcommand=%7B%5BWM%5D:%5BProgram_ID%5D%20%3D%20%22*NONCD0002935*%22%7D,7/2/2026 12:00:00 AM,-80.19877,35.3410400000001
49945,NONCD0002937,I-40 INDUSTRIAL PARK,1640 LOWERY ST,WINSTON-SALEM,FORSYTH,36.09361,-80.22497,ON SCREEN PLACEMENT ON GEOREFERENCED MAP,TERRASERVER,FALSE,FALSE,https://edocs.deq.nc.gov/WasteManagement/Search.aspx?dbid=0&searchcommand=%7B%5BWM%5D:%5BProgram_ID%5D%20%3D%20%22*NONCD0002936*%22%7D,7/2/2026 12:00:00 AM,-80.22497,36.0936100000001
49946,NONCD0002941,GRANDE AVE PCE,GRANDE AVE & DICKINSON AVE,GREENVILLE,PITT,35.60733,-77.37999,ON SCREEN PLACEMENT ON GEOREFERENCED MAP,ACMEMAPPER,FALSE,FALSE,https://edocs.deq.nc.gov/WasteManagement/Search.aspx?dbid=0&searchcommand=%7B%5BWM%5D:%5BProgram_ID%5D%20%3D%20%22*NONCD0002937*%22%7D,7/2/2026 12:00:00 AM,-77.37999,35.60733
49947,NONCD0002943,POOLE ROAD PCE,POOLE RD,RALEIGH,WAKE,35.75457,-78.51552,ON SCREEN PLACEMENT ON GEOREFERENCED MAP,ACMEMAPPER,FALSE,FALSE,https://edocs.deq.nc.gov/WasteManagement/Search.aspx?dbid=0&searchcommand=%7B%5BWM%5D:%5BProgram_ID%5D%20%3D%20%22*NONCD0002941*%22%7D,7/2/2026 12:00:00 AM,-78.51552,35.7545700000001
49948,NONCD0002944,PANTRY 385,3420 WICKER ST,SANFORD,LEE,35.47128,-79.21985,GEOCODE (ADDRESS MATCH),ACMEMAPPER,FALSE,FALSE,https://edocs.deq.nc.gov/WasteManagement/Search.aspx?dbid=0&searchcommand=%7B%5BWM%5D:%5BProgram_ID%5D%20%3D%20%22*NONCD0002943*%22%7D,7/2/2026 12:00:00 AM,-79.21985,35.47128
49949,NONCD0002945,HANESBRANDS INDUSTRIAL FACILITY,700 SOUTH STRATFORD RD,WINSTON-SALEM,FORSYTH,36.08491,-80.29271,ON SCREEN PLACEMENT ON GEOREFERENCED MAP,ACMEMAPPER,FALSE,FALSE,https://edocs.deq.nc.gov/WasteManagement/Search.aspx?dbid=0&searchcommand=%7B%5BWM%5D:%5BProgram_ID%5D%20%3D%20%22*NONCD0002944*%22%7D,7/2/2026 12:00:00 AM,-80.2927099999999,36.08491
49950,NONCD0002946,APEX VILLAGE,500-610 WILLIAMS ST,APEX,WAKE,35.72389,-78.84764,ON SCREEN PLACEMENT ON GEOREFERENCED MAP,ACMEMAPPER,FALSE,FALSE,https://edocs.deq.nc.gov/WasteManagement/Search.aspx?dbid=0&searchcommand=%7B%5BWM%5D:%5BProgram_ID%5D%20%3D%20%22*NONCD0002945*%22%7D,7/2/2026 12:00:00 AM,-78.84764,35.72389
49951,NONCD0002948,GREEN CROSS DRY CLEANERS,9101 MONROE RD; STE 100,CHARLOTTE,MECKLENBURG,35.147571,-80.744297,ON SCREEN PLACEMENT ON GEOREFERENCED MAP,GOOGLE MAPS,FALSE,FALSE,https://edocs.deq.nc.gov/WasteManagement/Search.aspx?dbid=0&searchcommand=%7B%5BWM%5D:%5BProgram_ID%5D%20%3D%20%22*NONCD0002946*%22%7D,7/2/2026 12:00:00 AM,-80.744297,35.147571
49952,NONCD0002949,SCOTLAND COUNTY PRISON (FRMR),22600 WAGRAM RD,WAGRAM,SCOTLAND,34.86889,-79.38494,GEOCODE (ADDRESS MATCH),ACMEMAPPER,FALSE,FALSE,https://edocs.deq.nc.gov/WasteManagement/Search.aspx?dbid=0&searchcommand=%7B%5BWM%5D:%5BProgram_ID%5D%20%3D%20%22*NONCD0002948*%22%7D,7/2/2026 12:00:00 AM,-79.38494,34.8688900000001
49953,NONCD0002950,UNIMIN CRYSTAL PLANT,136 CRYSTAL DR,SPRUCE PINE,MITCHELL,35.89775,-82.06137,GEOCODE (ADDRESS MATCH),ACMEMAPPER,FALSE,FALSE,https://edocs.deq.nc.gov/WasteManagement/Search.aspx?dbid=0&searchcommand=%7B%5BWM%5D:%5BProgram_ID%5D%20%3D%20%22*NONCD0002949*%22%7D,7/2/2026 12:00:00 AM,-82.06137,35.89775
49954,NONCD0002951,MUDDY WATERS PROPERTY,105 & 125 BATTLESHIP RD,WILMINGTON,NEW HANOVER,34.23324,-77.95242,ON SCREEN PLACEMENT ON GEOREFERENCED MAP,ACMEMAPPER,FALSE,FALSE,https://edocs.deq.nc.gov/WasteManagement/Search.aspx?dbid=0&searchcommand=%7B%5BWM%5D:%5BProgram_ID%5D%20%3D%20%22*NONCD0002950*%22%7D,7/2/2026 12:00:00 AM,-77.95242,34.23324
49955,NONCD0002952,ET'S QUICK STOP,5703 NC HWY 96 WEST,YOUNGSVILLE,FRANKLIN,36.044719,-78.502816,ON SCREEN PLACEMENT ON GEOREFERENCED MAP,ACMEMAPPER,FALSE,FALSE,https://edocs.deq.nc.gov/WasteManagement/Search.aspx?dbid=0&searchcommand=%7B%5BWM%5D:%5BProgram_ID%5D%20%3D%20%22*NONCD0002951*%22%7D,7/2/2026 12:00:00 AM,-78.5028159999999,36.044719
49956,NONCD0002953,CORNELL DUBLIER ELECTRONICS (FRMR),118 E JONES ST,FUQUA-VARINA,WAKE,35.58617,-78.79885,ON SCREEN PLACEMENT ON GEOREFERENCED MAP,ACMEMAPPER,FALSE,FALSE,https://edocs.deq.nc.gov/WasteManagement/Search.aspx?dbid=0&searchcommand=%7B%5BWM%5D:%5BProgram_ID%5D%20%3D%20%22*NONCD0002952*%22%7D,7/2/2026 12:00:00 AM,-78.79885,35.58617
49957,NONCD0002954,WATTS INDUSTRIES,100 WATTS RD,SPINDALE,RUTHERFORD,35.35106,-81.91256,ON SCREEN PLACEMENT ON GEOREFERENCED MAP,ACMEMAPPER,FALSE,FALSE,https://edocs.deq.nc.gov/WasteManagement/Search.aspx?dbid=0&searchcommand=%7B%5BWM%5D:%5BProgram_ID%5D%20%3D%20%22*NONCD0002953*%22%7D,7/2/2026 12:00:00 AM,-81.91256,35.3510600000001
49958,NONCD0002955,ANDREWS AVE SOLVENT RELEASE,172 S ANDREWS AVE,HOT SPRINGS,MADISON,35.8874,-82.82668,ON SCREEN PLACEMENT ON GEOREFERENCED MAP,ACMEMAPPER,FALSE,FALSE,https://edocs.deq.nc.gov/WasteManagement/Search.aspx?dbid=0&searchcommand=%7B%5BWM%5D:%5BProgram_ID%5D%20%3D%20%22*NONCD0002954*%22%7D,7/2/2026 12:00:00 AM,-82.82668,35.8874000000001
49959,NONCD0002956,FIE TOP ROAD SALT SITE,FIE TOP RD,MAGGIE VALLEY,HAYWOOD,35.551143,-83.093779,ON SCREEN PLACEMENT ON GEOREFERENCED MAP,GOOGLE MAPS,FALSE,FALSE,https://edocs.deq.nc.gov/WasteManagement/Search.aspx?dbid=0&searchcommand=%7B%5BWM%5D:%5BProgram_ID%5D%20%3D%20%22*NONCD0002955*%22%7D,7/2/2026 12:00:00 AM,-83.093779,35.551143
49960,NONCD0002958,ELIZABETH CITY SHIPYARD,722 RIVERSIDE AVE,ELIZABETH CITY,PASQUOTANK,36.2959,-76.21384,ON SCREEN PLACEMENT ON GEOREFERENCED MAP,ACMEMAPPER,FALSE,FALSE,https://edocs.deq.nc.gov/WasteManagement/Search.aspx?dbid=0&searchcommand=%7B%5BWM%5D:%5BProgram_ID%5D%20%3D%20%22*NONCD0002956*%22%7D,7/2/2026 12:00:00 AM,-76.2138399999999,36.2959000000001
49961,NONCD0002959,MARVE ST TCE CONTAMINATION,908 MARVE ST,GASTONIA,GASTON,35.24927,-81.22796,ON SCREEN PLACEMENT ON GEOREFERENCED MAP,ACMEMAPPER,FALSE,FALSE,https://edocs.deq.nc.gov/WasteManagement/Search.aspx?dbid=0&searchcommand=%7B%5BWM%5D:%5BProgram_ID%5D%20%3D%20%22*NONCD0002958*%22%7D,7/2/2026 12:00:00 AM,-81.2279599999999,35.24927
49962,NONCD0002960,EASTWAY DRIVE & THE PLAZA SOLVENTS,EASTWAY DR & THE PLAZA,CHARLOTTE,MECKLENBURG,35.24927,-80.78074,ON SCREEN PLACEMENT ON GEOREFERENCED MAP,ACMEMAPPER,FALSE,FALSE,https://edocs.deq.nc.gov/WasteManagement/Search.aspx?dbid=0&searchcommand=%7B%5BWM%5D:%5BProgram_ID%5D%20%3D%20%22*NONCD0002959*%22%7D,7/2/2026 12:00:00 AM,-80.78074,35.24927
49963,NONCD0002961,CARTER COIN LAUNDRY & CLEANERS,1018 N 3RD ST,WILMINGTON,NEW HANOVER,34.24797,-77.94724,ON SCREEN PLACEMENT ON GEOREFERENCED MAP,ACMEMAPPER,FALSE,FALSE,https://edocs.deq.nc.gov/WasteManagement/Search.aspx?dbid=0&searchcommand=%7B%5BWM%5D:%5BProgram_ID%5D%20%3D%20%22*NONCD0002960*%22%7D,7/2/2026 12:00:00 AM,-77.94724,34.2479700000001
49964,NONCD0002962,JEFF FOUNTAIN TIRE SALES & SERVICE,4400 OLEANDER DR,WILMINGTON,NEW HANOVER,34.21026,-77.88945,ON SCREEN PLACEMENT ON GEOREFERENCED MAP,ACMEMAPPER,FALSE,FALSE,https://edocs.deq.nc.gov/WasteManagement/Search.aspx?dbid=0&searchcommand=%7B%5BWM%5D:%5BProgram_ID%5D%20%3D%20%22*NONCD0002961*%22%7D,7/2/2026 12:00:00 AM,-77.88945,34.2102600000001
49965,NONCD0002963,CARTER LUMBER,747 OLD HARGRAVE RD,LEXINGTON,DAVIDSON,35.78687,-80.30961,ON SCREEN PLACEMENT ON GEOREFERENCED MAP,ACMEMAPPER,FALSE,FALSE,https://edocs.deq.nc.gov/WasteManagement/Search.aspx?dbid=0&searchcommand=%7B%5BWM%5D:%5BProgram_ID%5D%20%3D%20%22*NONCD0002962*%22%7D,7/2/2026 12:00:00 AM,-80.30961,35.7868700000001
49966,NONCD0002964,1400 BLOCK S MAIN ST SOLVENTS,1400 BLOCK S MAIN ST,WINSTON-SALEM,FORSYTH,36.07849,-80.2403,ON SCREEN PLACEMENT ON GEOREFERENCED MAP,ACMEMAPPER,FALSE,FALSE,https://edocs.deq.nc.gov/WasteManagement/Search.aspx?dbid=0&searchcommand=%7B%5BWM%5D:%5BProgram_ID%5D%20%3D%20%22*NONCD0002963*%22%7D,7/2/2026 12:00:00 AM,-80.2402999999999,36.07849
49967,NONCD0002965,CLASSIC TOYOTA,4513 CHAPEL HILL RD,DURHAM,DURHAM,35.961305,-78.974653,ON SCREEN PLACEMENT ON GEOREFERENCED MAP,ESRI AGOL BASE MAP,FALSE,FALSE,https://edocs.deq.nc.gov/WasteManagement/Search.aspx?dbid=0&searchcommand=%7B%5BWM%5D:%5BProgram_ID%5D%20%3D%20%22*NONCD0002964*%22%7D,7/2/2026 12:00:00 AM,-78.974653,35.961305
49968,NONCD0002966,HOMETOWN CONVENIENCE L610,8830 E FRANKLIN ST,MT PLEASANT,CABARRUS,35.39671,-80.43195,ON SCREEN PLACEMENT ON GEOREFERENCED MAP,ACMEMAPPER,FALSE,FALSE,https://edocs.deq.nc.gov/WasteManagement/Search.aspx?dbid=0&searchcommand=%7B%5BWM%5D:%5BProgram_ID%5D%20%3D%20%22*NONCD0002965*%22%7D,7/2/2026 12:00:00 AM,-80.43195,35.39671
49969,NONCD0002967,PARRISH PROPERTY-DESOTO TRAIL,3370 BRYSON CITY RD,FRANKLIN,MACON,35.221039,-83.397702,ON SCREEN PLACEMENT ON GEOREFERENCED MAP,ESRI AGOL BASE MAP,FALSE,FALSE,https://edocs.deq.nc.gov/WasteManagement/Search.aspx?dbid=0&searchcommand=%7B%5BWM%5D:%5BProgram_ID%5D%20%3D%20%22*NONCD0002966*%22%7D,7/2/2026 12:00:00 AM,-83.397702,35.2210390000001
49970,NONCD0002968,TOWN OF EDENTON STREET DEPT,120 W HICKS ST,EDENTON,CHOWAN,36.067639,-76.608306,GEOCODE (ADDRESS MATCH),ACMEMAPPER,FALSE,FALSE,https://edocs.deq.nc.gov/WasteManagement/Search.aspx?dbid=0&searchcommand=%7B%5BWM%5D:%5BProgram_ID%5D%20%3D%20%22*NONCD0002967*%22%7D,7/2/2026 12:00:00 AM,-76.608306,36.067639
49971,NONCD0002969,CAPITAL INN,1625 CAPITAL BLVD,RALEIGH,WAKE,35.80211,-78.62181,ON SCREEN PLACEMENT ON GEOREFERENCED MAP,ACMEMAPPER,FALSE,FALSE,https://edocs.deq.nc.gov/WasteManagement/Search.aspx?dbid=0&searchcommand=%7B%5BWM%5D:%5BProgram_ID%5D%20%3D%20%22*NONCD0002968*%22%7D,7/2/2026 12:00:00 AM,-78.62181,35.80211
49972,NONCD0002970,ELLA MILL,1012 S WASHINGTON ST,SHELBY,CLEVELAND,35.27628,-81.54222,ON SCREEN PLACEMENT ON GEOREFERENCED MAP,ACMEMAPPER,FALSE,FALSE,https://edocs.deq.nc.gov/WasteManagement/Search.aspx?dbid=0&searchcommand=%7B%5BWM%5D:%5BProgram_ID%5D%20%3D%20%22*NONCD0002969*%22%7D,7/2/2026 12:00:00 AM,-81.54222,35.27628
49973,NONCD0002971,NEW LEICESTER HWY PCE CONTAMINATION,3161 NEW LEICESTER HWY,LEICESTER,BUNCOMBE,35.658765,-82.72533,ON SCREEN PLACEMENT ON GEOREFERENCED MAP,GOOGLE MAPS,FALSE,FALSE,https://edocs.deq.nc.gov/WasteManagement/Search.aspx?dbid=0&searchcommand=%7B%5BWM%5D:%5BProgram_ID%5D%20%3D%20%22*NONCD0002970*%22%7D,7/2/2026 12:00:00 AM,-82.72533,35.6587650000001
49974,NONCD0002972,TRIUMPH ACTUATION SYSTEMS,4520 HAMPTON RD,CLEMMONS,FORSYTH,36.00217,-80.37247,ON SCREEN PLACEMENT ON GEOREFERENCED MAP,ACMEMAPPER,FALSE,FALSE,https://edocs.deq.nc.gov/WasteManagement/Search.aspx?dbid=0&searchcommand=%7B%5BWM%5D:%5BProgram_ID%5D%20%3D%20%22*NONCD0002971*%22%7D,7/2/2026 12:00:00 AM,-80.37247,36.00217
49975,NONCD0002973,TONYS AUTOMOTIVE,2396 N GARNETT ST,HENDERSON,VANCE,36.34964,-78.37933,ON SCREEN PLACEMENT ON GEOREFERENCED MAP,ACMEMAPPER,FALSE,FALSE,https://edocs.deq.nc.gov/WasteManagement/Search.aspx?dbid=0&searchcommand=%7B%5BWM%5D:%5BProgram_ID%5D%20%3D%20%22*NONCD0002972*%22%7D,7/2/2026 12:00:00 AM,-78.37933,36.3496400000001
49976,NONCD0002974,EAST 27TH ST METALS CONTAMINATION,740 E 27TH ST,WINSTON-SALEM,FORSYTH,36.12275,-80.23595,ON SCREEN PLACEMENT ON GEOREFERENCED MAP,ACMEMAPPER,FALSE,FALSE,https://edocs.deq.nc.gov/WasteManagement/Search.aspx?dbid=0&searchcommand=%7B%5BWM%5D:%5BProgram_ID%5D%20%3D%20%22*NONCD0002973*%22%7D,7/2/2026 12:00:00 AM,-80.2359499999999,36.1227500000001
49977,NONCD0002976,PARKWOOD STATION,1721 N CALDWELL ST,CHARLOTTE,MECKLENBURG,35.23681,-80.8215,GEOCODE (ADDRESS MATCH),ACMEMAPPER,FALSE,FALSE,https://edocs.deq.nc.gov/WasteManagement/Search.aspx?dbid=0&searchcommand=%7B%5BWM%5D:%5BProgram_ID%5D%20%3D%20%22*NONCD0002974*%22%7D,7/2/2026 12:00:00 AM,-80.8215,35.23681
49978,NONCD0002977,RESINALL CORPORATION,302 WATER ST,SEVERN,NORTHAMPTON,36.51854,-77.18763,ON SCREEN PLACEMENT ON GEOREFERENCED MAP,ACMEMAPPER,FALSE,FALSE,https://edocs.deq.nc.gov/WasteManagement/Search.aspx?dbid=0&searchcommand=%7B%5BWM%5D:%5BProgram_ID%5D%20%3D%20%22*NONCD0002976*%22%7D,7/2/2026 12:00:00 AM,-77.18763,36.51854
49979,NONCD0002979,PRICE-SMITH PROPERTY,6116 HICKORY CREEK RD,HIGH POINT,GUILFORD,35.938235,-79.885465,ON SCREEN PLACEMENT ON GEOREFERENCED MAP,ACMEMAPPER,FALSE,FALSE,https://edocs.deq.nc.gov/WasteManagement/Search.aspx?dbid=0&searchcommand=%7B%5BWM%5D:%5BProgram_ID%5D%20%3D%20%22*NONCD0002977*%22%7D,7/2/2026 12:00:00 AM,-79.885465,35.9382350000001
49980,NONCD0002980,WARREN CLEANERS,127 CHURCH LANE,KENERSVILLE,FORSYTH,36.11985,-80.07198,ON SCREEN PLACEMENT ON GEOREFERENCED MAP,ACMEMAPPER,FALSE,FALSE,https://edocs.deq.nc.gov/WasteManagement/Search.aspx?dbid=0&searchcommand=%7B%5BWM%5D:%5BProgram_ID%5D%20%3D%20%22*NONCD0002979*%22%7D,7/2/2026 12:00:00 AM,-80.0719799999999,36.11985
49981,NONCD0002981,TRI POINT-CAROLINA FREIGHTLINER,3500 YONKERS RD,RALEIGH,WAKE,35.79464,-78.58619,ON SCREEN PLACEMENT ON GEOREFERENCED MAP,ACMEMAPPER,FALSE,TRUE,https://edocs.deq.nc.gov/WasteManagement/Search.aspx?dbid=0&searchcommand=%7B%5BWM%5D:%5BProgram_ID%5D%20%3D%20%22*NONCD0002980*%22%7D,7/2/2026 12:00:00 AM,-78.58619,35.7946400000001
49982,NONCD0002982,TURKEY ROAD PCE,TURKEY RD,KANNAPOLIS,CABARRUS,35.49805,-80.55876,ON SCREEN PLACEMENT ON GEOREFERENCED MAP,ESRI AGOL BASE MAP,FALSE,FALSE,https://edocs.deq.nc.gov/WasteManagement/Search.aspx?dbid=0&searchcommand=%7B%5BWM%5D:%5BProgram_ID%5D%20%3D%20%22*NONCD0002981*%22%7D,7/2/2026 12:00:00 AM,-80.5587599999999,35.49805
49983,NONCD0002983,WOODLAWN ST-180 BLOCK SOLVENTS,180 BLOCK WOODLAWN ST,BELMONT,GASTON,35.26896,-81.04604,ON SCREEN PLACEMENT ON GEOREFERENCED MAP,ACMEMAPPER,FALSE,FALSE,https://edocs.deq.nc.gov/WasteManagement/Search.aspx?dbid=0&searchcommand=%7B%5BWM%5D:%5BProgram_ID%5D%20%3D%20%22*NONCD0002982*%22%7D,7/2/2026 12:00:00 AM,-81.0460399999999,35.26896
49984,NONCD0002984,HWY 70 W 1100 BLOCK SOLVENTS,US HWY 70 WEST,GARNER,WAKE,35.718846,-78.6368,ON SCREEN PLACEMENT ON GEOREFERENCED MAP,ESRI AGOL BASE MAP,TRUE,FALSE,https://edocs.deq.nc.gov/WasteManagement/Search.aspx?dbid=0&searchcommand=%7B%5BWM%5D:%5BProgram_ID%5D%20%3D%20%22*NONCD0002983*%22%7D,7/2/2026 12:00:00 AM,-78.6367999999999,35.718846
49985,NONCD0002985,TOTAL AUTO REPAIR & SERVICE,325 ROSMAN HWY,BREVARD,TRANSYLVANIA,35.22301,-82.74115,ON SCREEN PLACEMENT ON GEOREFERENCED MAP,ACMEMAPPER,FALSE,FALSE,https://edocs.deq.nc.gov/WasteManagement/Search.aspx?dbid=0&searchcommand=%7B%5BWM%5D:%5BProgram_ID%5D%20%3D%20%22*NONCD0002984*%22%7D,7/2/2026 12:00:00 AM,-82.7411499999999,35.22301
49986,NONCD0002986,PARKS SUZUKI/PARKS HOLDINGS,2307 & 2309 N MAIN ST,HIGH POINT,GUILFORD,35.98565,-80.02526,ON SCREEN PLACEMENT ON GEOREFERENCED MAP,ACMEMAPPER,FALSE,FALSE,https://edocs.deq.nc.gov/WasteManagement/Search.aspx?dbid=0&searchcommand=%7B%5BWM%5D:%5BProgram_ID%5D%20%3D%20%22*NONCD0002985*%22%7D,7/2/2026 12:00:00 AM,-80.0252599999999,35.9856500000001
49987,NONCD0002987,CMI DRUM CLEANING AREA,200 BLANKET LANE,ELKIN,SURRY,36.250261,-80.84305,ON SCREEN PLACEMENT ON GEOREFERENCED MAP,GOOGLE MAPS,TRUE,FALSE,https://edocs.deq.nc.gov/WasteManagement/Search.aspx?dbid=0&searchcommand=%7B%5BWM%5D:%5BProgram_ID%5D%20%3D%20%22*NONCD0002986*%22%7D,7/2/2026 12:00:00 AM,-80.8430499999999,36.2502610000001
49988,NONCD0002988,PEMBROKE FARM HOME & GARDEN,302 W 3RD ST,PEMBROKE,ROBESON,34.681813,-79.195872,ON SCREEN PLACEMENT ON GEOREFERENCED MAP,ESRI AGOL BASE MAP,FALSE,FALSE,https://edocs.deq.nc.gov/WasteManagement/Search.aspx?dbid=0&searchcommand=%7B%5BWM%5D:%5BProgram_ID%5D%20%3D%20%22*NONCD0002987*%22%7D,7/2/2026 12:00:00 AM,-79.195872,34.681813
49989,NONCD0002989,ANTIQUE WAREHOUSE,1302 AND 1308 W GATE CITY BLVD,GREENSBORO,GUILFORD,36.062933,-79.812272,ON SCREEN PLACEMENT ON GEOREFERENCED MAP,ACMEMAPPER,FALSE,FALSE,https://edocs.deq.nc.gov/WasteManagement/Search.aspx?dbid=0&searchcommand=%7B%5BWM%5D:%5BProgram_ID%5D%20%3D%20%22*NONCD0002988*%22%7D,7/2/2026 12:00:00 AM,-79.812272,36.062933
49990,NONCD0002990,CROWN ACURA,3908 W WENDOVER AVE,GREENSBORO,GUILFORD,36.060611,-79.879043,ON SCREEN PLACEMENT ON GEOREFERENCED MAP,ACMEMAPPER,FALSE,TRUE,https://edocs.deq.nc.gov/WasteManagement/Search.aspx?dbid=0&searchcommand=%7B%5BWM%5D:%5BProgram_ID%5D%20%3D%20%22*NONCD0002989*%22%7D,7/2/2026 12:00:00 AM,-79.879043,36.0606110000001
49991,NONCD0002991,QUARLES PETROLEUM-WEST CRAIGHEAD RD,1509 W CRAIGHEAD RD,CHARLOTTE,MECKLENBURG,35.269411,-80.813217,GEOCODE (ADDRESS MATCH),GOOGLE MAPS,FALSE,FALSE,https://edocs.deq.nc.gov/WasteManagement/Search.aspx?dbid=0&searchcommand=%7B%5BWM%5D:%5BProgram_ID%5D%20%3D%20%22*NONCD0002990*%22%7D,7/2/2026 12:00:00 AM,-80.813217,35.269411
49992,NONCD0002993,PARKS BLDG SUPPLY/TERMINEX,OWEN DR & ENTERPRISE AVE,FAYETTEVILLE,CUMBERLAND,35.02243,-78.91994,ON SCREEN PLACEMENT ON GEOREFERENCED MAP,ESRI AGOL BASE MAP,FALSE,FALSE,https://edocs.deq.nc.gov/WasteManagement/Search.aspx?dbid=0&searchcommand=%7B%5BWM%5D:%5BProgram_ID%5D%20%3D%20%22*NONCD0002991*%22%7D,7/2/2026 12:00:00 AM,-78.9199399999999,35.02243
49993,NONCD0002994,CLARKSON STREET CONTAMINATION,908 S CLARKSON ST,CHARLOTTE,MECKLENBURG,35.22749,-80.85843,ON SCREEN PLACEMENT ON GEOREFERENCED MAP,ACMEMAPPER,FALSE,FALSE,https://edocs.deq.nc.gov/WasteManagement/Search.aspx?dbid=0&searchcommand=%7B%5BWM%5D:%5BProgram_ID%5D%20%3D%20%22*NONCD0002993*%22%7D,7/2/2026 12:00:00 AM,-80.8584299999999,35.22749
49994,NONCD0002995,JOHNS MANVILLE LDFL,SKYWAY CHURCH RD,MAXTON,SCOTLAND,34.762357,-79.363264,ON SCREEN PLACEMENT ON GEOREFERENCED MAP,ESRI AGOL BASE MAP,FALSE,FALSE,https://edocs.deq.nc.gov/WasteManagement/Search.aspx?dbid=0&searchcommand=%7B%5BWM%5D:%5BProgram_ID%5D%20%3D%20%22*NONCD0002994*%22%7D,7/2/2026 12:00:00 AM,-79.363264,34.7623570000001
49995,NONCD0002996,DICEY MILLS,430 NEISLER ST,SHELBY,CLEVELAND,35.28891,-81.5676,GEOCODE (ADDRESS MATCH),ACMEMAPPER,FALSE,FALSE,https://edocs.deq.nc.gov/WasteManagement/Search.aspx?dbid=0&searchcommand=%7B%5BWM%5D:%5BProgram_ID%5D%20%3D%20%22*NONCD0002995*%22%7D,7/2/2026 12:00:00 AM,-81.5676,35.28891
49996,NONCD0002997,VANDER SOUTH 115KV SUBSTN,711 JOHN B CARTER RD,FAYETTEVILLE,CUMBERLAND,35.01979,-78.78561,ON SCREEN PLACEMENT ON GEOREFERENCED MAP,ACMEMAPPER,FALSE,FALSE,https://edocs.deq.nc.gov/WasteManagement/Search.aspx?dbid=0&searchcommand=%7B%5BWM%5D:%5BProgram_ID%5D%20%3D%20%22*NONCD0002996*%22%7D,7/2/2026 12:00:00 AM,-78.78561,35.0197900000001
49997,NONCD0002998,WICKER ST NAPHTHALENE,229 WICKER ST,SANFORD,LEE,35.47858,-79.17851,ON SCREEN PLACEMENT ON GEOREFERENCED MAP,ACMEMAPPER,FALSE,FALSE,https://edocs.deq.nc.gov/WasteManagement/Search.aspx?dbid=0&searchcommand=%7B%5BWM%5D:%5BProgram_ID%5D%20%3D%20%22*NONCD0002997*%22%7D,7/2/2026 12:00:00 AM,-79.17851,35.4785800000001
49998,NONCD0002999,PARRIS & N MAIN ST SOLVENTS,2300 BLOCK N MAIN STREET,HIGH POINT,GUILFORD,35.98591,-80.02451,ON SCREEN PLACEMENT ON GEOREFERENCED MAP,ACMEMAPPER,FALSE,FALSE,https://edocs.deq.nc.gov/WasteManagement/Search.aspx?dbid=0&searchcommand=%7B%5BWM%5D:%5BProgram_ID%5D%20%3D%20%22*NONCD0002998*%22%7D,7/2/2026 12:00:00 AM,-80.02451,35.98591
49999,NONCD0003000,REIDSVILLE MCDONALD'S,665 S SCALES ST,REIDSVILLE,ROCKINGHAM,36.35297,-79.66407,ON SCREEN PLACEMENT ON GEOREFERENCED MAP,ACMEMAPPER,FALSE,FALSE,https://edocs.deq.nc.gov/WasteManagement/Search.aspx?dbid=0&searchcommand=%7B%5BWM%5D:%5BProgram_ID%5D%20%3D%20%22*NONCD0002999*%22%7D,7/2/2026 12:00:00 AM,-79.66407,36.35297
50000,NONCD0003001,SMOKEY HOLLOW,WEST AND PEACE STREETS,RALEIGH,WAKE,35.78802,-78.64502,ON SCREEN PLACEMENT ON GEOREFERENCED MAP,ACMEMAPPER,FALSE,FALSE,https://edocs.deq.nc.gov/WasteManagement/Search.aspx?dbid=0&searchcommand=%7B%5BWM%5D:%5BProgram_ID%5D%20%3D%20%22*NONCD0003000*%22%7D,7/2/2026 12:00:00 AM,-78.64502,35.7880200000001
50001,NONCD0003002,DELBURG STREET SOLVENTS,DELBURG ST 200-300 BLOCK,DAVIDSON,MECKLENBURG,35.504069,-80.8486356,ON SCREEN PLACEMENT ON GEOREFERENCED MAP,GOOGLE MAPS,FALSE,FALSE,https://edocs.deq.nc.gov/WasteManagement/Search.aspx?dbid=0&searchcommand=%7B%5BWM%5D:%5BProgram_ID%5D%20%3D%20%22*NONCD0003001*%22%7D,7/2/2026 12:00:00 AM,-80.8486356,35.5040690000001
50002,NONCD0003003,GATE CITY MOTOR COMPANY,300 N CHURCH ST,GREENSBORO,GUILFORD,36.076087,-79.786294,ON SCREEN PLACEMENT ON GEOREFERENCED MAP,ACMEMAPPER,FALSE,FALSE,https://edocs.deq.nc.gov/WasteManagement/Search.aspx?dbid=0&searchcommand=%7B%5BWM%5D:%5BProgram_ID%5D%20%3D%20%22*NONCD0003002*%22%7D,7/2/2026 12:00:00 AM,-79.7862939999999,36.076087
50003,NONCD0003004,SOUTH GASTON RESIDENTIAL WELL,4804 HEMPHILL RD,GASTONIA,GASTON,35.198635,-81.188568,ON SCREEN PLACEMENT ON GEOREFERENCED MAP,ESRI AGOL BASE MAP,FALSE,FALSE,https://edocs.deq.nc.gov/WasteManagement/Search.aspx?dbid=0&searchcommand=%7B%5BWM%5D:%5BProgram_ID%5D%20%3D%20%22*NONCD0003003*%22%7D,7/2/2026 12:00:00 AM,-81.188568,35.198635
50004,NONCD0003005,PHILEMON AVE SITE,E CRAIGHEAD RD & PHILEMON AVE,CHARLOTTE,MECKLENBURG,35.25258,-80.80127,ON SCREEN PLACEMENT ON GEOREFERENCED MAP,ACMEMAPPER,FALSE,FALSE,https://edocs.deq.nc.gov/WasteManagement/Search.aspx?dbid=0&searchcommand=%7B%5BWM%5D:%5BProgram_ID%5D%20%3D%20%22*NONCD0003004*%22%7D,7/2/2026 12:00:00 AM,-80.80127,35.2525800000001
50005,NONCD0003006,STORAGE MAX VI,1932 WAKE FOREST RD,RALEIGH,WAKE,35.80705,-78.6243,ON SCREEN PLACEMENT ON GEOREFERENCED MAP,ACMEMAPPER,FALSE,FALSE,https://edocs.deq.nc.gov/WasteManagement/Search.aspx?dbid=0&searchcommand=%7B%5BWM%5D:%5BProgram_ID%5D%20%3D%20%22*NONCD0003005*%22%7D,7/2/2026 12:00:00 AM,-78.6242999999999,35.8070500000001
50006,NONCD0003007,BRAGG BLVD SOLVENTS,BRAGG BLVD,FAYETTEVILLE,CUMBERLAND,35.09627,-78.95569,ON SCREEN PLACEMENT ON GEOREFERENCED MAP,ACMEMAPPER,FALSE,FALSE,https://edocs.deq.nc.gov/WasteManagement/Search.aspx?dbid=0&searchcommand=%7B%5BWM%5D:%5BProgram_ID%5D%20%3D%20%22*NONCD0003006*%22%7D,7/2/2026 12:00:00 AM,-78.9556899999999,35.0962700000001
50007,NONCD0003008,RIVERSIDE DRIVE CONTAMINATION,RIVERSIDE DR,WOODFIN,BUNCOMBE,35.62611,-82.60036,ON SCREEN PLACEMENT ON GEOREFERENCED MAP,ACMEMAPPER,FALSE,FALSE,https://edocs.deq.nc.gov/WasteManagement/Search.aspx?dbid=0&searchcommand=%7B%5BWM%5D:%5BProgram_ID%5D%20%3D%20%22*NONCD0003007*%22%7D,7/2/2026 12:00:00 AM,-82.60036,35.62611
50008,NONCD0003009,A&H CLEANERS,4515 BRAGG BLVD,FAYETTEVILLE,CUMBERLAND,35.08626,-78.95121,ON SCREEN PLACEMENT ON GEOREFERENCED MAP,ACMEMAPPER,FALSE,FALSE,https://edocs.deq.nc.gov/WasteManagement/Search.aspx?dbid=0&searchcommand=%7B%5BWM%5D:%5BProgram_ID%5D%20%3D%20%22*NONCD0003008*%22%7D,7/2/2026 12:00:00 AM,-78.9512099999999,35.08626
50009,NONCD0003010,TRIANGLE RENT-A-CAR,5401 HILLSBOROUGH ST,RALEIGH,WAKE,35.79041,-78.71576,ON SCREEN PLACEMENT ON GEOREFERENCED MAP,ACMEMAPPER,FALSE,FALSE,https://edocs.deq.nc.gov/WasteManagement/Search.aspx?dbid=0&searchcommand=%7B%5BWM%5D:%5BProgram_ID%5D%20%3D%20%22*NONCD0003009*%22%7D,7/2/2026 12:00:00 AM,-78.71576,35.7904100000001
50010,NONCD0003011,DAVIS ACRES LANE,DAVIS ACRES LANE,WINSTON-SALEM,FORSYTH,36.16915,-80.33506,ON SCREEN PLACEMENT ON GEOREFERENCED MAP,ESRI AGOL BASE MAP,FALSE,FALSE,https://edocs.deq.nc.gov/WasteManagement/Search.aspx?dbid=0&searchcommand=%7B%5BWM%5D:%5BProgram_ID%5D%20%3D%20%22*NONCD0003010*%22%7D,7/2/2026 12:00:00 AM,-80.3350599999999,36.1691500000001
50011,NONCD0003012,"CHADBOURN GOTHAM, INC",JORDAN PL & DAVIDSON ST,CHARLOTTE,MECKLENBURG,35.2435,-80.81298,ON SCREEN PLACEMENT ON GEOREFERENCED MAP,ACMEMAPPER,FALSE,FALSE,https://edocs.deq.nc.gov/WasteManagement/Search.aspx?dbid=0&searchcommand=%7B%5BWM%5D:%5BProgram_ID%5D%20%3D%20%22*NONCD0003011*%22%7D,7/2/2026 12:00:00 AM,-80.81298,35.2435
50012,NONCD0003013,BURK ST SOLVENTS,1020 BURK ST,WINSTON-SALEM,FORSYTH,36.09515,-80.2579,ON SCREEN PLACEMENT ON GEOREFERENCED MAP,ACMEMAPPER,FALSE,FALSE,https://edocs.deq.nc.gov/WasteManagement/Search.aspx?dbid=0&searchcommand=%7B%5BWM%5D:%5BProgram_ID%5D%20%3D%20%22*NONCD0003012*%22%7D,7/2/2026 12:00:00 AM,-80.2578999999999,36.09515
50013,NONCD0003014,CITY OF RALEIGH VEHICLE MAINT.,901 CAPITAL BLVD,RALEIGH,WAKE,35.79351,-78.64209,ON SCREEN PLACEMENT ON GEOREFERENCED MAP,ACMEMAPPER,FALSE,FALSE,https://edocs.deq.nc.gov/WasteManagement/Search.aspx?dbid=0&searchcommand=%7B%5BWM%5D:%5BProgram_ID%5D%20%3D%20%22*NONCD0003013*%22%7D,7/2/2026 12:00:00 AM,-78.6420899999999,35.79351
50014,NONCD0003017,WINNER CHEVROLET,6246 NC 11 SOUTH,AYDEN,PITT,35.47959,-77.43454,ON SCREEN PLACEMENT ON GEOREFERENCED MAP,ACMEMAPPER,FALSE,FALSE,https://edocs.deq.nc.gov/WasteManagement/Search.aspx?dbid=0&searchcommand=%7B%5BWM%5D:%5BProgram_ID%5D%20%3D%20%22*NONCD0003014*%22%7D,7/2/2026 12:00:00 AM,-77.43454,35.47959
50015,NONCD0003018,SOUTH BLOUNT STREET SOLVENTS,S BLOUNT & S PERSON STS,RALEIGH,WAKE,35.77476,-78.6356,ON SCREEN PLACEMENT ON GEOREFERENCED MAP,ACMEMAPPER,FALSE,FALSE,https://edocs.deq.nc.gov/WasteManagement/Search.aspx?dbid=0&searchcommand=%7B%5BWM%5D:%5BProgram_ID%5D%20%3D%20%22*NONCD0003017*%22%7D,7/2/2026 12:00:00 AM,-78.6356,35.7747600000001
50016,NONCD0003020,OLD CHARLOTTE HWY PCE 3600 BLOCK,3600 BLOCK OLD CHARLOTTE HWY,MONROE,UNION,35.027,-80.6025,ON SCREEN PLACEMENT ON GEOREFERENCED MAP,ACMEMAPPER,FALSE,FALSE,https://edocs.deq.nc.gov/WasteManagement/Search.aspx?dbid=0&searchcommand=%7B%5BWM%5D:%5BProgram_ID%5D%20%3D%20%22*NONCD0003018*%22%7D,7/2/2026 12:00:00 AM,-80.6025,35.027
50017,NONCD0003021,AYDEN DIESEL,3890 JOLLY RD,AYDEN,PITT,35.48898,-77.4287,ON SCREEN PLACEMENT ON GEOREFERENCED MAP,ACMEMAPPER,FALSE,FALSE,https://edocs.deq.nc.gov/WasteManagement/Search.aspx?dbid=0&searchcommand=%7B%5BWM%5D:%5BProgram_ID%5D%20%3D%20%22*NONCD0003020*%22%7D,7/2/2026 12:00:00 AM,-77.4286999999999,35.48898
50018,NONCD0003022,AMETHYST RIDGE DRIVE SOLVENTS,AMETHYST RIDGE DR,RALEIGH,WAKE,35.82407,-78.49847,ON SCREEN PLACEMENT ON GEOREFERENCED MAP,ACMEMAPPER,FALSE,FALSE,https://edocs.deq.nc.gov/WasteManagement/Search.aspx?dbid=0&searchcommand=%7B%5BWM%5D:%5BProgram_ID%5D%20%3D%20%22*NONCD0003021*%22%7D,7/2/2026 12:00:00 AM,-78.4984699999999,35.8240700000001
50019,NONCD0003024,MOLPUS WOODLANDS PLANE CRASH SITE,TOWN CREEK RD,LELAND,BRUNSWICK,34.184817,-78.202578,ON SCREEN PLACEMENT ON GEOREFERENCED MAP,ACMEMAPPER,FALSE,FALSE,https://edocs.deq.nc.gov/WasteManagement/Search.aspx?dbid=0&searchcommand=%7B%5BWM%5D:%5BProgram_ID%5D%20%3D%20%22*NONCD0003022*%22%7D,7/2/2026 12:00:00 AM,-78.202578,34.1848170000001
50020,NONCD0003025,WORLD WOOD PRODUCTS,12045 OLD HWY 70 W,COVE CITY,CRAVEN,35.19743,-77.36875,ON SCREEN PLACEMENT ON GEOREFERENCED MAP,ACMEMAPPER,FALSE,FALSE,https://edocs.deq.nc.gov/WasteManagement/Search.aspx?dbid=0&searchcommand=%7B%5BWM%5D:%5BProgram_ID%5D%20%3D%20%22*NONCD0003024*%22%7D,7/2/2026 12:00:00 AM,-77.36875,35.1974300000001
50021,NONCD0003026,HARRIS & ROGERS TOBACCO SALES,PITT ST,GREENVILLE,PITT,35.61013,-77.37611,ON SCREEN PLACEMENT ON GEOREFERENCED MAP,ACMEMAPPER,FALSE,FALSE,https://edocs.deq.nc.gov/WasteManagement/Search.aspx?dbid=0&searchcommand=%7B%5BWM%5D:%5BProgram_ID%5D%20%3D%20%22*NONCD0003025*%22%7D,7/2/2026 12:00:00 AM,-77.37611,35.61013
50022,NONCD0003028,MARTEL MILL,1990 RIVERSIDE DR,ASHEVILLE,BUNCOMBE,35.63551,-82.59883,ON SCREEN PLACEMENT ON GEOREFERENCED MAP,ACMEMAPPER,FALSE,FALSE,https://edocs.deq.nc.gov/WasteManagement/Search.aspx?dbid=0&searchcommand=%7B%5BWM%5D:%5BProgram_ID%5D%20%3D%20%22*NONCD0003026*%22%7D,7/2/2026 12:00:00 AM,-82.59883,35.6355100000001
50023,NONCD0003029,BLOCK 42,500 N COLLEGE ST,CHARLOTTE,MECKLENBURG,35.22918,-80.83695,ON SCREEN PLACEMENT ON GEOREFERENCED MAP,ACMEMAPPER,FALSE,FALSE,https://edocs.deq.nc.gov/WasteManagement/Search.aspx?dbid=0&searchcommand=%7B%5BWM%5D:%5BProgram_ID%5D%20%3D%20%22*NONCD0003028*%22%7D,7/2/2026 12:00:00 AM,-80.8369499999999,35.22918
50024,NONCD0003030,EAST-WEST CAPITAL,217 COXE AVE,ASHEVILLE,BUNCOMBE,35.58990833,-82.555,ON SCREEN PLACEMENT ON GEOREFERENCED MAP,GOOGLE MAPS,FALSE,FALSE,https://edocs.deq.nc.gov/WasteManagement/Search.aspx?dbid=0&searchcommand=%7B%5BWM%5D:%5BProgram_ID%5D%20%3D%20%22*NONCD0003029*%22%7D,7/2/2026 12:00:00 AM,-82.5549999999999,35.5899083300001
50025,NONCD0003031,KINSTON SHIRT FACTORY,501 E CASWELL ST,KINSTON,LENOIR,35.25947,-77.57347,ON SCREEN PLACEMENT ON GEOREFERENCED MAP,ACMEMAPPER,FALSE,FALSE,https://edocs.deq.nc.gov/WasteManagement/Search.aspx?dbid=0&searchcommand=%7B%5BWM%5D:%5BProgram_ID%5D%20%3D%20%22*NONCD0003030*%22%7D,7/2/2026 12:00:00 AM,-77.57347,35.2594700000001
50026,NONCD0003032,SOUTH TRENTON STREET SOLVENTS,SOUTH TRENTON STREET,GASTONIA,GASTON,35.26298,-81.19266,ON SCREEN PLACEMENT ON GEOREFERENCED MAP,ACMEMAPPER,FALSE,FALSE,https://edocs.deq.nc.gov/WasteManagement/Search.aspx?dbid=0&searchcommand=%7B%5BWM%5D:%5BProgram_ID%5D%20%3D%20%22*NONCD0003031*%22%7D,7/2/2026 12:00:00 AM,-81.19266,35.26298
50027,NONCD0003034,NORFOLK SOUTHERN INTERMODAL,325 PARKWOOD AVE,CHARLOTTE,MECKLENBURG,35.2354,-80.82617,ON SCREEN PLACEMENT ON GEOREFERENCED MAP,ACMEMAPPER,FALSE,FALSE,https://edocs.deq.nc.gov/WasteManagement/Search.aspx?dbid=0&searchcommand=%7B%5BWM%5D:%5BProgram_ID%5D%20%3D%20%22*NONCD0003032*%22%7D,7/2/2026 12:00:00 AM,-80.8261699999999,35.2354
50028,NONCD0003035,CAROLINA ASBESTOS CORP,301 DEPOT ST,DAVIDSON,MECKLENBURG,35.50046,-80.850473,ON SCREEN PLACEMENT ON GEOREFERENCED MAP,ACMEMAPPER,FALSE,FALSE,https://edocs.deq.nc.gov/WasteManagement/Search.aspx?dbid=0&searchcommand=%7B%5BWM%5D:%5BProgram_ID%5D%20%3D%20%22*NONCD0003034*%22%7D,7/2/2026 12:00:00 AM,-80.850473,35.50046
50029,NONCD0003036,HOLCOMBE HERBICIDE FIRE,1717 NC HWY 581,PIKEVILLE,WAYNE,35.47803,-78.05692,ON SCREEN PLACEMENT ON GEOREFERENCED MAP,ACMEMAPPER,FALSE,FALSE,https://edocs.deq.nc.gov/WasteManagement/Search.aspx?dbid=0&searchcommand=%7B%5BWM%5D:%5BProgram_ID%5D%20%3D%20%22*NONCD0003035*%22%7D,7/2/2026 12:00:00 AM,-78.0569199999999,35.47803
50030,NONCD0003037,PARRISH TIRE,547 WINSTON ROAD,JONESVILLE,YADKIN,36.240897,-80.833714,ON SCREEN PLACEMENT ON GEOREFERENCED MAP,GOOGLE MAPS,FALSE,FALSE,https://edocs.deq.nc.gov/WasteManagement/Search.aspx?dbid=0&searchcommand=%7B%5BWM%5D:%5BProgram_ID%5D%20%3D%20%22*NONCD0003036*%22%7D,7/2/2026 12:00:00 AM,-80.833714,36.2408970000001
50031,NONCD0003038,AVERETTE ROAD SOLVENTS,900 AVERETTE ROAD,WAKE FOREST,WAKE,35.94863,-78.45447,ON SCREEN PLACEMENT ON GEOREFERENCED MAP,ACMEMAPPER,FALSE,FALSE,https://edocs.deq.nc.gov/WasteManagement/Search.aspx?dbid=0&searchcommand=%7B%5BWM%5D:%5BProgram_ID%5D%20%3D%20%22*NONCD0003037*%22%7D,7/2/2026 12:00:00 AM,-78.45447,35.94863
50032,NONCD0003039,MODERN INFINITI,1500 PETERS CREEK PKWY,WINSTON-SALEM,FORSYTH,36.072158,-80.259028,ON SCREEN PLACEMENT ON GEOREFERENCED MAP,GOOGLE MAPS,FALSE,FALSE,https://edocs.deq.nc.gov/WasteManagement/Search.aspx?dbid=0&searchcommand=%7B%5BWM%5D:%5BProgram_ID%5D%20%3D%20%22*NONCD0003038*%22%7D,7/2/2026 12:00:00 AM,-80.2590279999999,36.0721580000001
50033,NONCD0003040,GOODYEAR 2056,2088 STONE ROSE DRIVE,ROCKY MOUNT,NASH,35.95948,-77.82122,ON SCREEN PLACEMENT ON GEOREFERENCED MAP,ACMEMAPPER,FALSE,TRUE,https://edocs.deq.nc.gov/WasteManagement/Search.aspx?dbid=0&searchcommand=%7B%5BWM%5D:%5BProgram_ID%5D%20%3D%20%22*NONCD0003039*%22%7D,7/2/2026 12:00:00 AM,-77.82122,35.95948
50034,NONCD0003041,MODERN GARBAGE SERVICE,4102 W WENDOVER,GREENSBORO,GUILFORD,36.06018,-79.88422,ON SCREEN PLACEMENT ON GEOREFERENCED MAP,ACMEMAPPER,FALSE,FALSE,https://edocs.deq.nc.gov/WasteManagement/Search.aspx?dbid=0&searchcommand=%7B%5BWM%5D:%5BProgram_ID%5D%20%3D%20%22*NONCD0003040*%22%7D,7/2/2026 12:00:00 AM,-79.88422,36.0601800000001
50035,NONCD0003042,BALFOUR BP,1553 N FAYETTEVILLE ST,ASHEBORO,RANDOLPH,35.73942,-79.80867,ON SCREEN PLACEMENT ON GEOREFERENCED MAP,ACMEMAPPER,FALSE,FALSE,https://edocs.deq.nc.gov/WasteManagement/Search.aspx?dbid=0&searchcommand=%7B%5BWM%5D:%5BProgram_ID%5D%20%3D%20%22*NONCD0003041*%22%7D,7/2/2026 12:00:00 AM,-79.8086699999999,35.7394200000001
50036,NONCD0003044,PERFECTION DRY CLEANER & LAUNDRY,1423 E 4TH ST,CHARLOTTE,MECKLENBURG,35.21433,-80.82905,ON SCREEN PLACEMENT ON GEOREFERENCED MAP,ACMEMAPPER,FALSE,FALSE,https://edocs.deq.nc.gov/WasteManagement/Search.aspx?dbid=0&searchcommand=%7B%5BWM%5D:%5BProgram_ID%5D%20%3D%20%22*NONCD0003042*%22%7D,7/2/2026 12:00:00 AM,-80.8290499999999,35.2143300000001
50037,NONCD0003045,STERLING COTTON MILL,106 E GREEN ST,FRANKLINTON,FRANKLIN,36.09989,-78.4569,ON SCREEN PLACEMENT ON GEOREFERENCED MAP,ACMEMAPPER,FALSE,FALSE,https://edocs.deq.nc.gov/WasteManagement/Search.aspx?dbid=0&searchcommand=%7B%5BWM%5D:%5BProgram_ID%5D%20%3D%20%22*NONCD0003044*%22%7D,7/2/2026 12:00:00 AM,-78.4569,36.0998900000001
50038,NONCD0003046,MOYOCK MUSCLE,CARATOKE HWY,MOYOCK,CURRITUCK,36.53269,-76.18375,ON SCREEN PLACEMENT ON GEOREFERENCED MAP,ACMEMAPPER,FALSE,FALSE,https://edocs.deq.nc.gov/WasteManagement/Search.aspx?dbid=0&searchcommand=%7B%5BWM%5D:%5BProgram_ID%5D%20%3D%20%22*NONCD0003045*%22%7D,7/2/2026 12:00:00 AM,-76.18375,36.5326900000001
50039,NONCD0003047,MOUNT HOLLY STEAM STATION (FRMR),599 AMERICAN ST,MOUNT HOLLY,GASTON,35.29079,-81.00955,ON SCREEN PLACEMENT ON GEOREFERENCED MAP,ACMEMAPPER,TRUE,FALSE,https://edocs.deq.nc.gov/WasteManagement/Search.aspx?dbid=0&searchcommand=%7B%5BWM%5D:%5BProgram_ID%5D%20%3D%20%22*NONCD0003046*%22%7D,7/2/2026 12:00:00 AM,-81.00955,35.2907900000001
50040,NONCD0003049,NCDOT-1301 BLUE RIDGE RD,1301 BLUE RIDGE RD,RALEIGH,WAKE,35.79869,-78.70859,ON SCREEN PLACEMENT ON GEOREFERENCED MAP,ACMEMAPPER,FALSE,FALSE,https://edocs.deq.nc.gov/WasteManagement/Search.aspx?dbid=0&searchcommand=%7B%5BWM%5D:%5BProgram_ID%5D%20%3D%20%22*NONCD0003047*%22%7D,7/2/2026 12:00:00 AM,-78.70859,35.7986900000001
50041,NONCD0003050,VALLEY MOTORS,3203 BRAGG BLVD,FAYETTEVILLE,CUMBERLAND,35.075579,-78.932532,ON SCREEN PLACEMENT ON GEOREFERENCED MAP,ACMEMAPPER,FALSE,FALSE,https://edocs.deq.nc.gov/WasteManagement/Search.aspx?dbid=0&searchcommand=%7B%5BWM%5D:%5BProgram_ID%5D%20%3D%20%22*NONCD0003049*%22%7D,7/2/2026 12:00:00 AM,-78.932532,35.0755790000001
50042,NONCD0003051,SWAIM METALS,414 BERKLEY ST,HIGH POINT,RANDOLPH,35.92005,-80.04071,ON SCREEN PLACEMENT ON GEOREFERENCED MAP,ACMEMAPPER,FALSE,FALSE,https://edocs.deq.nc.gov/WasteManagement/Search.aspx?dbid=0&searchcommand=%7B%5BWM%5D:%5BProgram_ID%5D%20%3D%20%22*NONCD0003050*%22%7D,7/2/2026 12:00:00 AM,-80.04071,35.9200500000001
50043,NONCD0003052,TOWNSEND & MCCRARY,1101 AND 1200 E THIRD ST,SILER CITY,CHATHAM,35.73039,-79.44881,ON SCREEN PLACEMENT ON GEOREFERENCED MAP,ACMEMAPPER,FALSE,FALSE,https://edocs.deq.nc.gov/WasteManagement/Search.aspx?dbid=0&searchcommand=%7B%5BWM%5D:%5BProgram_ID%5D%20%3D%20%22*NONCD0003051*%22%7D,7/2/2026 12:00:00 AM,-79.44881,35.7303900000001
50044,NONCD0003053,FLYNT FABRICS MILL,202 S NASH ST,HILLSBOROUGH,ORANGE,36.07323,-79.11195,ON SCREEN PLACEMENT ON GEOREFERENCED MAP,ACMEMAPPER,FALSE,FALSE,https://edocs.deq.nc.gov/WasteManagement/Search.aspx?dbid=0&searchcommand=%7B%5BWM%5D:%5BProgram_ID%5D%20%3D%20%22*NONCD0003052*%22%7D,7/2/2026 12:00:00 AM,-79.11195,36.07323
50045,NONCD0003054,BROMMA INC,2285 DURHAM RD,ROXBORO,PERSON,36.36357,-78.98187,ON SCREEN PLACEMENT ON GEOREFERENCED MAP,ACMEMAPPER,FALSE,FALSE,https://edocs.deq.nc.gov/WasteManagement/Search.aspx?dbid=0&searchcommand=%7B%5BWM%5D:%5BProgram_ID%5D%20%3D%20%22*NONCD0003053*%22%7D,7/2/2026 12:00:00 AM,-78.98187,36.36357
50046,NONCD0003055,UNX PROPERTY,200 W 9TH ST,GREENVILLE,PITT,35.60784,-77.37513,ON SCREEN PLACEMENT ON GEOREFERENCED MAP,ACMEMAPPER,FALSE,FALSE,https://edocs.deq.nc.gov/WasteManagement/Search.aspx?dbid=0&searchcommand=%7B%5BWM%5D:%5BProgram_ID%5D%20%3D%20%22*NONCD0003054*%22%7D,7/2/2026 12:00:00 AM,-77.37513,35.6078400000001
50047,NONCD0003056,BRADLEY ST SOLVENTS,704 BRADLEY ST,BURLINGTON,ALAMANCE,36.07022,-79.43129,ON SCREEN PLACEMENT ON GEOREFERENCED MAP,ACMEMAPPER,FALSE,FALSE,https://edocs.deq.nc.gov/WasteManagement/Search.aspx?dbid=0&searchcommand=%7B%5BWM%5D:%5BProgram_ID%5D%20%3D%20%22*NONCD0003055*%22%7D,7/2/2026 12:00:00 AM,-79.43129,36.0702200000001
50048,NONCD0003058,ARLINGTON STREET CONTAMINATION,1109 ARLINGTON ST,GREENSBORO,GUILFORD,36.05712,-79.78974,ON SCREEN PLACEMENT ON GEOREFERENCED MAP,ACMEMAPPER,FALSE,FALSE,https://edocs.deq.nc.gov/WasteManagement/Search.aspx?dbid=0&searchcommand=%7B%5BWM%5D:%5BProgram_ID%5D%20%3D%20%22*NONCD0003056*%22%7D,7/2/2026 12:00:00 AM,-79.7897399999999,36.0571200000001
50049,NONCD0003059,EAST LINCOLN FIRE STATION (FRMR),7654 NC HWY 73,STANLEY,LINCOLN,35.21691,-80.78717,ON SCREEN PLACEMENT ON GEOREFERENCED MAP,ACMEMAPPER,FALSE,FALSE,https://edocs.deq.nc.gov/WasteManagement/Search.aspx?dbid=0&searchcommand=%7B%5BWM%5D:%5BProgram_ID%5D%20%3D%20%22*NONCD0003058*%22%7D,7/2/2026 12:00:00 AM,-80.7871699999999,35.21691
50050,NONCD0003060,CORNELIUS ARTS CENTER,21328 - 21348 CATAWBA AVE,CORNELIUS,MECKLENBURG,35.48139,-80.86059,ON SCREEN PLACEMENT ON GEOREFERENCED MAP,ACMEMAPPER,FALSE,FALSE,https://edocs.deq.nc.gov/WasteManagement/Search.aspx?dbid=0&searchcommand=%7B%5BWM%5D:%5BProgram_ID%5D%20%3D%20%22*NONCD0003059*%22%7D,7/2/2026 12:00:00 AM,-80.8605899999999,35.48139
50051,NONCD0003061,URETHANE INNOVATORS INC,403 INDUSTRIAL DR,NEW BERN,CRAVEN,35.140917,-77.157119,ON SCREEN PLACEMENT ON GEOREFERENCED MAP,ACMEMAPPER,TRUE,FALSE,https://edocs.deq.nc.gov/WasteManagement/Search.aspx?dbid=0&searchcommand=%7B%5BWM%5D:%5BProgram_ID%5D%20%3D%20%22*NONCD0003060*%22%7D,7/2/2026 12:00:00 AM,-77.157119,35.1409170000001
50052,NONCD0003062,SEPRO RESEARCH AND TECH CAMPUS,16013 WATSON SEED FARM RD,WHITAKERS,NASH,36.12398,-77.73541,ON SCREEN PLACEMENT ON GEOREFERENCED MAP,ACMEMAPPER,FALSE,FALSE,https://edocs.deq.nc.gov/WasteManagement/Search.aspx?dbid=0&searchcommand=%7B%5BWM%5D:%5BProgram_ID%5D%20%3D%20%22*NONCD0003061*%22%7D,7/2/2026 12:00:00 AM,-77.7354099999999,36.1239800000001
50053,NONCD0003063,MCNEILS GROCERY,2237 OLD US HWY 1,APEX,WAKE,35.698695,-78.89902,ON SCREEN PLACEMENT ON GEOREFERENCED MAP,ACMEMAPPER,FALSE,FALSE,https://edocs.deq.nc.gov/WasteManagement/Search.aspx?dbid=0&searchcommand=%7B%5BWM%5D:%5BProgram_ID%5D%20%3D%20%22*NONCD0003062*%22%7D,7/2/2026 12:00:00 AM,-78.89902,35.698695
50054,NONCD0003064,EXXON WOOSTER ST FRMR,315 WOOSTER ST,WILMINGTON,NEW HANOVER,34.225787,-77.944508,ON SCREEN PLACEMENT ON GEOREFERENCED MAP,GOOGLE MAPS,FALSE,FALSE,https://edocs.deq.nc.gov/WasteManagement/Search.aspx?dbid=0&searchcommand=%7B%5BWM%5D:%5BProgram_ID%5D%20%3D%20%22*NONCD0003063*%22%7D,7/2/2026 12:00:00 AM,-77.944508,34.225787
50055,NONCD0003065,PANTRY 219,1413 BROADWAY,SANFORD,LEE,35.45984,-79.11093,ON SCREEN PLACEMENT ON GEOREFERENCED MAP,ACMEMAPPER,FALSE,FALSE,https://edocs.deq.nc.gov/WasteManagement/Search.aspx?dbid=0&searchcommand=%7B%5BWM%5D:%5BProgram_ID%5D%20%3D%20%22*NONCD0003064*%22%7D,7/2/2026 12:00:00 AM,-79.1109299999999,35.45984
50056,NONCD0003066,YADKIN RD CIRCLE K,6489 YADKIN RD,FAYETTEVILLE,CUMBERLAND,35.105118,-78.995182,ON SCREEN PLACEMENT ON GEOREFERENCED MAP,ACMEMAPPER,FALSE,FALSE,https://edocs.deq.nc.gov/WasteManagement/Search.aspx?dbid=0&searchcommand=%7B%5BWM%5D:%5BProgram_ID%5D%20%3D%20%22*NONCD0003065*%22%7D,7/2/2026 12:00:00 AM,-78.9951819999999,35.1051180000001
50057,NONCD0003067,LEITH CHRYSLER JEEP,5500 CAPITAL BLVD,RALEIGH,WAKE,35.86075,-78.57925,ON SCREEN PLACEMENT ON GEOREFERENCED MAP,ACMEMAPPER,FALSE,FALSE,https://edocs.deq.nc.gov/WasteManagement/Search.aspx?dbid=0&searchcommand=%7B%5BWM%5D:%5BProgram_ID%5D%20%3D%20%22*NONCD0003066*%22%7D,7/2/2026 12:00:00 AM,-78.5792499999999,35.8607500000001
50058,NONCD0003068,EXXON GAS STATION FRMR,51 MERRIMON AVE,ASHEVILLE,BUNCOMBE,35.600836,-82.553348,ON SCREEN PLACEMENT ON GEOREFERENCED MAP,ACMEMAPPER,FALSE,FALSE,https://edocs.deq.nc.gov/WasteManagement/Search.aspx?dbid=0&searchcommand=%7B%5BWM%5D:%5BProgram_ID%5D%20%3D%20%22*NONCD0003067*%22%7D,7/2/2026 12:00:00 AM,-82.553348,35.6008360000001
50059,NONCD0003069,KALE BINDEX INC,HAWKINS AND DOGGETT STREETS,CHARLOTTE,MECKLENBURG,35.21137,-80.86149,ON SCREEN PLACEMENT ON GEOREFERENCED MAP,ACMEMAPPER,FALSE,FALSE,https://edocs.deq.nc.gov/WasteManagement/Search.aspx?dbid=0&searchcommand=%7B%5BWM%5D:%5BProgram_ID%5D%20%3D%20%22*NONCD0003068*%22%7D,7/2/2026 12:00:00 AM,-80.8614899999999,35.21137
50060,NONCD0003070,MCDOWELL ST SOLVENTS,3 MCDOWELL ST,ASHEVILLE,BUNCOMBE,35.58458,-82.55587,ON SCREEN PLACEMENT ON GEOREFERENCED MAP,ACMEMAPPER,FALSE,FALSE,https://edocs.deq.nc.gov/WasteManagement/Search.aspx?dbid=0&searchcommand=%7B%5BWM%5D:%5BProgram_ID%5D%20%3D%20%22*NONCD0003069*%22%7D,7/2/2026 12:00:00 AM,-82.55587,35.5845800000001
50061,NONCD0003073,BOB KING PONTIAC,5115 NEW CENTRE DR,WILMINGTON,NEW HANOVER,34.23867,-77.87464,ON SCREEN PLACEMENT ON GEOREFERENCED MAP,ACMEMAPPER,FALSE,TRUE,https://edocs.deq.nc.gov/WasteManagement/Search.aspx?dbid=0&searchcommand=%7B%5BWM%5D:%5BProgram_ID%5D%20%3D%20%22*NONCD0003070*%22%7D,7/2/2026 12:00:00 AM,-77.8746399999999,34.2386700000001
50062,NONCD0003074,R AND R CLEANERS,3601 S TRYON ST,CHARLOTTE,MECKLENBURG,35.19394,-80.87815,ON SCREEN PLACEMENT ON GEOREFERENCED MAP,ACMEMAPPER,FALSE,FALSE,https://edocs.deq.nc.gov/WasteManagement/Search.aspx?dbid=0&searchcommand=%7B%5BWM%5D:%5BProgram_ID%5D%20%3D%20%22*NONCD0003073*%22%7D,7/2/2026 12:00:00 AM,-80.8781499999999,35.1939400000001
50063,NONCD0003075,BEATTIES FORD RD PCE CONTAMINATION,BEATTIES FORD RD,CHARLOTTE,MECKLENBURG,35.32199,-80.86551,ON SCREEN PLACEMENT ON GEOREFERENCED MAP,ACMEMAPPER,FALSE,FALSE,https://edocs.deq.nc.gov/WasteManagement/Search.aspx?dbid=0&searchcommand=%7B%5BWM%5D:%5BProgram_ID%5D%20%3D%20%22*NONCD0003074*%22%7D,7/2/2026 12:00:00 AM,-80.86551,35.32199
50064,NONCD0003076,NORTH LIBERTY ST SOLVENTS 1100 BLK,1100 BLK NORTH LIBERTY ST,WINSTON-SALEM,FORSYTH,36.10852,-80.23624,ON SCREEN PLACEMENT ON GEOREFERENCED MAP,ACMEMAPPER,FALSE,FALSE,https://edocs.deq.nc.gov/WasteManagement/Search.aspx?dbid=0&searchcommand=%7B%5BWM%5D:%5BProgram_ID%5D%20%3D%20%22*NONCD0003075*%22%7D,7/2/2026 12:00:00 AM,-80.23624,36.1085200000001
50065,NONCD0003077,PHOENIX 308 TRAVEL CENTER,13493 NC HWY 210,ROCKY POINT,PENDER,34.439803,-77.877335,ON SCREEN PLACEMENT ON GEOREFERENCED MAP,ACMEMAPPER,FALSE,FALSE,https://edocs.deq.nc.gov/WasteManagement/Search.aspx?dbid=0&searchcommand=%7B%5BWM%5D:%5BProgram_ID%5D%20%3D%20%22*NONCD0003076*%22%7D,7/2/2026 12:00:00 AM,-77.877335,34.439803
50066,NONCD0003078,NORTH PATTERSON AVE SOLVENTS 3500 BLK,3591 N PATTERSON AVE,WINSTON-SALEM,FORSYTH,36.13572,-80.24241,ON SCREEN PLACEMENT ON GEOREFERENCED MAP,ACMEMAPPER,FALSE,FALSE,https://edocs.deq.nc.gov/WasteManagement/Search.aspx?dbid=0&searchcommand=%7B%5BWM%5D:%5BProgram_ID%5D%20%3D%20%22*NONCD0003077*%22%7D,7/2/2026 12:00:00 AM,-80.2424099999999,36.13572
50067,NONCD0003079,KINDER MORGAN SELMA SPILL,2200 W OAK ST,SELMA,JOHNSTON,35.552929,-78.305503,ON SCREEN PLACEMENT ON GEOREFERENCED MAP,ACMEMAPPER,FALSE,FALSE,https://edocs.deq.nc.gov/WasteManagement/Search.aspx?dbid=0&searchcommand=%7B%5BWM%5D:%5BProgram_ID%5D%20%3D%20%22*NONCD0003078*%22%7D,7/2/2026 12:00:00 AM,-78.305503,35.5529290000001
50068,NONCD0003080,CAROLINA PINES AVE CONTAMINATION,405 CAROLINA PINES AVE,RALEIGH,WAKE,35.74866,-78.65022,ON SCREEN PLACEMENT ON GEOREFERENCED MAP,ACMEMAPPER,FALSE,FALSE,https://edocs.deq.nc.gov/WasteManagement/Search.aspx?dbid=0&searchcommand=%7B%5BWM%5D:%5BProgram_ID%5D%20%3D%20%22*NONCD0003079*%22%7D,7/2/2026 12:00:00 AM,-78.6502199999999,35.74866
50069,NONCD0003082,SIMPSON STRONG TIE_FRMR,809 SOUNDSIDE RD,EDENTON,CHOWAN,36.01787,-76.5636,ON SCREEN PLACEMENT ON GEOREFERENCED MAP,ACMEMAPPER,FALSE,FALSE,https://edocs.deq.nc.gov/WasteManagement/Search.aspx?dbid=0&searchcommand=%7B%5BWM%5D:%5BProgram_ID%5D%20%3D%20%22*NONCD0003080*%22%7D,7/2/2026 12:00:00 AM,-76.5636,36.0178700000001
50070,NONCD0003083,NORTH GRAHAM ST SOLVENTS,4227 N GRAHAM ST,CHARLOTTE,MECKLENBURG,35.27358,-80.81224,ON SCREEN PLACEMENT ON GEOREFERENCED MAP,GOOGLE MAPS,FALSE,FALSE,https://edocs.deq.nc.gov/WasteManagement/Search.aspx?dbid=0&searchcommand=%7B%5BWM%5D:%5BProgram_ID%5D%20%3D%20%22*NONCD0003082*%22%7D,7/2/2026 12:00:00 AM,-80.81224,35.27358
50071,NONCD0003084,LELAND AUTO SALVAGE,142 AND 150 S NAVASSA RD,LELAND,BRUNSWICK,34.242602,-78.001347,ON SCREEN PLACEMENT ON GEOREFERENCED MAP,ACMEMAPPER,FALSE,FALSE,https://edocs.deq.nc.gov/WasteManagement/Search.aspx?dbid=0&searchcommand=%7B%5BWM%5D:%5BProgram_ID%5D%20%3D%20%22*NONCD0003083*%22%7D,7/2/2026 12:00:00 AM,-78.001347,34.242602
50072,NONCD0003085,COCA COLA SANFORD,1605 HAWKINS AVE,SANFORD,LEE,35.501756,-79.179962,ON SCREEN PLACEMENT ON GEOREFERENCED MAP,GOOGLE MAPS,FALSE,FALSE,https://edocs.deq.nc.gov/WasteManagement/Search.aspx?dbid=0&searchcommand=%7B%5BWM%5D:%5BProgram_ID%5D%20%3D%20%22*NONCD0003084*%22%7D,7/2/2026 12:00:00 AM,-79.179962,35.5017560000001
50073,NONCD0003086,ASHEVILLE TANNERY,339 OLD LYMAN STREET,ASHEVILLE,BUNCOMBE,35.576556,-82.565934,ON SCREEN PLACEMENT ON GEOREFERENCED MAP,ESRI AGOL BASE MAP,FALSE,FALSE,https://edocs.deq.nc.gov/WasteManagement/Search.aspx?dbid=0&searchcommand=%7B%5BWM%5D:%5BProgram_ID%5D%20%3D%20%22*NONCD0003085*%22%7D,7/2/2026 12:00:00 AM,-82.565934,35.576556
50074,NONCD0003087,MAIN ST SOLVENT CONTAMINATION_500 BLOCK,510 TO 520 S MAIN STREET,HENDERSONVILLE,HENDERSON,35.308438,-82.458509,ON SCREEN PLACEMENT ON GEOREFERENCED MAP,ESRI AGOL BASE MAP,FALSE,FALSE,https://edocs.deq.nc.gov/WasteManagement/Search.aspx?dbid=0&searchcommand=%7B%5BWM%5D:%5BProgram_ID%5D%20%3D%20%22*NONCD0003086*%22%7D,7/2/2026 12:00:00 AM,-82.4585089999999,35.308438
50075,NONCD0003088,MARKET ST GROUNDWATER PCE CONTAMINATION,7984 MARKET ST,WILMINGTON,NEW HANOVER,34.291574,-77.798559,ON SCREEN PLACEMENT ON GEOREFERENCED MAP,ESRI AGOL BASE MAP,FALSE,FALSE,https://edocs.deq.nc.gov/WasteManagement/Search.aspx?dbid=0&searchcommand=%7B%5BWM%5D:%5BProgram_ID%5D%20%3D%20%22*NONCD0003087*%22%7D,7/2/2026 12:00:00 AM,-77.798559,34.291574
50076,NONCD0003089,WEST 7TH ST PCE CONTAMINATION,310 WEST 7TH STREET,WINSTON-SALEM,FORSYTH,36.102732,-80.248588,ON SCREEN PLACEMENT ON GEOREFERENCED MAP,ESRI AGOL BASE MAP,FALSE,FALSE,https://edocs.deq.nc.gov/WasteManagement/Search.aspx?dbid=0&searchcommand=%7B%5BWM%5D:%5BProgram_ID%5D%20%3D%20%22*NONCD0003088*%22%7D,7/2/2026 12:00:00 AM,-80.248588,36.1027320000001
50077,NONCD0003090,WEST MOREHEAD II PCE IN GROUNDWATER,2100 TO 2200 W MOREHEAD ST,CHARLOTTE,MECKLENBURG,35.225633,-80.875131,ON SCREEN PLACEMENT ON GEOREFERENCED MAP,ESRI AGOL BASE MAP,FALSE,FALSE,https://edocs.deq.nc.gov/WasteManagement/Search.aspx?dbid=0&searchcommand=%7B%5BWM%5D:%5BProgram_ID%5D%20%3D%20%22*NONCD0003089*%22%7D,7/2/2026 12:00:00 AM,-80.875131,35.2256330000001
50078,NONCD0003091,NORTH MERRITT MILL RD PCE CONTAMINATION,N MERRITT MILL RD AND W FRANKL,CHAPEL HILL,ORANGE,35.910012,-79.064804,ON SCREEN PLACEMENT ON GEOREFERENCED MAP,ESRI AGOL BASE MAP,FALSE,FALSE,https://edocs.deq.nc.gov/WasteManagement/Search.aspx?dbid=0&searchcommand=%7B%5BWM%5D:%5BProgram_ID%5D%20%3D%20%22*NONCD0003090*%22%7D,7/2/2026 12:00:00 AM,-79.064804,35.9100120000001
50079,NONCD0003092,CHESTNUT AVE SOIL CONTAMINATION,203 CHESTNUT AVE,KANNAPOLIS,CABARRUS,35.498653,-80.628203,ON SCREEN PLACEMENT ON GEOREFERENCED MAP,ESRI AGOL BASE MAP,FALSE,FALSE,https://edocs.deq.nc.gov/WasteManagement/Search.aspx?dbid=0&searchcommand=%7B%5BWM%5D:%5BProgram_ID%5D%20%3D%20%22*NONCD0003091*%22%7D,7/2/2026 12:00:00 AM,-80.628203,35.498653
50080,NONCD0003093,WEST MOREHEAD TCE IN GROUNDWATER,1300 W MOREHEAD ST,CHARLOTTE,MECKLENBURG,35.229368,-80.862561,ON SCREEN PLACEMENT ON GEOREFERENCED MAP,ESRI AGOL BASE MAP,FALSE,FALSE,https://edocs.deq.nc.gov/WasteManagement/Search.aspx?dbid=0&searchcommand=%7B%5BWM%5D:%5BProgram_ID%5D%20%3D%20%22*NONCD0003092*%22%7D,7/2/2026 12:00:00 AM,-80.862561,35.2293680000001
50081,NONCD0003094,MINT ST TCE CONTAMINATION,1500 BLOCK S MINT ST,CHARLOTTE,MECKLENBURG,35.218674,-80.861083,ON SCREEN PLACEMENT ON GEOREFERENCED MAP,ESRI AGOL BASE MAP,FALSE,FALSE,https://edocs.deq.nc.gov/WasteManagement/Search.aspx?dbid=0&searchcommand=%7B%5BWM%5D:%5BProgram_ID%5D%20%3D%20%22*NONCD0003093*%22%7D,7/2/2026 12:00:00 AM,-80.861083,35.2186740000001
50082,NONCD0003095,NC HWY 86 METALS CONTAMINATION,1908 TO 2032 NC HWY 86,HILLSBOROUGH,ORANGE,36.055995,-79.078111,ON SCREEN PLACEMENT ON GEOREFERENCED MAP,ESRI AGOL BASE MAP,FALSE,FALSE,https://edocs.deq.nc.gov/WasteManagement/Search.aspx?dbid=0&searchcommand=%7B%5BWM%5D:%5BProgram_ID%5D%20%3D%20%22*NONCD0003094*%22%7D,7/2/2026 12:00:00 AM,-79.078111,36.0559950000001
50083,NONCD0003096,HUNT ST CHROMIUM CONTAMINATION,214 AND 216 HUNT ST,DURHAM,DURHAM,36.000195,-78.900465,ON SCREEN PLACEMENT ON GEOREFERENCED MAP,ESRI AGOL BASE MAP,FALSE,FALSE,https://edocs.deq.nc.gov/WasteManagement/Search.aspx?dbid=0&searchcommand=%7B%5BWM%5D:%5BProgram_ID%5D%20%3D%20%22*NONCD0003095*%22%7D,7/2/2026 12:00:00 AM,-78.9004649999999,36.0001950000001
50084,NONCD0003097,CFI READY MIX_FRMR,306 E MCNEIL ST,LILLINGTON,HARNETT,35.3919,-78.81365,ON SCREEN PLACEMENT ON GEOREFERENCED MAP,ACMEMAPPER,FALSE,FALSE,https://edocs.deq.nc.gov/WasteManagement/Search.aspx?dbid=0&searchcommand=%7B%5BWM%5D:%5BProgram_ID%5D%20%3D%20%22*NONCD0003096*%22%7D,7/2/2026 12:00:00 AM,-78.8136499999999,35.3919000000001
50085,NONCD0003099,BASF,7308 ROUSE RD,HOLLY SPRINGS,WAKE,35.60651,-78.8451,ON SCREEN PLACEMENT ON GEOREFERENCED MAP,ACMEMAPPER,TRUE,FALSE,https://edocs.deq.nc.gov/WasteManagement/Search.aspx?dbid=0&searchcommand=%7B%5BWM%5D:%5BProgram_ID%5D%20%3D%20%22*NONCD0003097*%22%7D,7/2/2026 12:00:00 AM,-78.8450999999999,35.6065100000001
50086,NONCD0003100,HILLTOP RD CONTAMINATION,5801 HILLTOP RD,RALEIGH,WAKE,35.70216,-78.64367,ON SCREEN PLACEMENT ON GEOREFERENCED MAP,ACMEMAPPER,FALSE,FALSE,https://edocs.deq.nc.gov/WasteManagement/Search.aspx?dbid=0&searchcommand=%7B%5BWM%5D:%5BProgram_ID%5D%20%3D%20%22*NONCD0003099*%22%7D,7/2/2026 12:00:00 AM,-78.64367,35.70216
50087,NONCD0003101,CORBETT FARMING FACILITY,2501 BLUE CLAY RD,WILMINGTON,NEW HANOVER,34.28499,-77.91389,ON SCREEN PLACEMENT ON GEOREFERENCED MAP,ACMEMAPPER,FALSE,FALSE,https://edocs.deq.nc.gov/WasteManagement/Search.aspx?dbid=0&searchcommand=%7B%5BWM%5D:%5BProgram_ID%5D%20%3D%20%22*NONCD0003100*%22%7D,7/2/2026 12:00:00 AM,-77.91389,34.2849900000001
50088,NONCD0003103,COMMONWEALTH AVENUE DRY CLEANERS,1809 COMMONWEALTH AVE,CHARLOTTE,MECKLENBURG,35.21889,-80.81392,ON SCREEN PLACEMENT ON GEOREFERENCED MAP,ACMEMAPPER,FALSE,FALSE,https://edocs.deq.nc.gov/WasteManagement/Search.aspx?dbid=0&searchcommand=%7B%5BWM%5D:%5BProgram_ID%5D%20%3D%20%22*NONCD0003101*%22%7D,7/2/2026 12:00:00 AM,-80.8139199999999,35.21889
50089,NONCD0003104,LEE AVE PCE CONTAMINATION,2820 LEE AVE,SANFORD,LEE,35.451749,-79.14702,ON SCREEN PLACEMENT ON GEOREFERENCED MAP,GOOGLE MAPS,FALSE,FALSE,https://edocs.deq.nc.gov/WasteManagement/Search.aspx?dbid=0&searchcommand=%7B%5BWM%5D:%5BProgram_ID%5D%20%3D%20%22*NONCD0003103*%22%7D,7/2/2026 12:00:00 AM,-79.1470199999999,35.4517490000001
50090,NONCD0003106,SIXTEENTH ST PCE_TCE,1400 16TH ST NE,HICKORY,CATAWBA,35.747117,-81.302798,ON SCREEN PLACEMENT ON GEOREFERENCED MAP,GOOGLE MAPS,FALSE,FALSE,https://edocs.deq.nc.gov/WasteManagement/Search.aspx?dbid=0&searchcommand=%7B%5BWM%5D:%5BProgram_ID%5D%20%3D%20%22*NONCD0003104*%22%7D,7/2/2026 12:00:00 AM,-81.3027979999999,35.7471170000001
50091,NONCD0003107,RIGSBEE AVE CR IN SOIL,730 AND 723 RIGSBEE AVENUE; 62,DURHAM,DURHAM,36.003247,-78.900766,ON SCREEN PLACEMENT ON GEOREFERENCED MAP,ESRI AGOL BASE MAP,FALSE,FALSE,https://edocs.deq.nc.gov/WasteManagement/Search.aspx?dbid=0&searchcommand=%7B%5BWM%5D:%5BProgram_ID%5D%20%3D%20%22*NONCD0003106*%22%7D,7/2/2026 12:00:00 AM,-78.900766,36.003247
50092,NONCD0003108,NC HWY 54 CONTAMINATION,4001 AND 4151 EAST NC HWY 54,DURHAM,DURHAM,35.88901,-78.846198,ON SCREEN PLACEMENT ON GEOREFERENCED MAP,ESRI AGOL BASE MAP,FALSE,FALSE,https://edocs.deq.nc.gov/WasteManagement/Search.aspx?dbid=0&searchcommand=%7B%5BWM%5D:%5BProgram_ID%5D%20%3D%20%22*NONCD0003107*%22%7D,7/2/2026 12:00:00 AM,-78.846198,35.88901
50093,NONCD0003109,MONROE RD VOCS,3412 MONROE RD,CHARLOTTE,MECKLENBURG,35.201153,-80.799681,ON SCREEN PLACEMENT ON GEOREFERENCED MAP,ESRI AGOL BASE MAP,FALSE,FALSE,https://edocs.deq.nc.gov/WasteManagement/Search.aspx?dbid=0&searchcommand=%7B%5BWM%5D:%5BProgram_ID%5D%20%3D%20%22*NONCD0003108*%22%7D,7/2/2026 12:00:00 AM,-80.799681,35.201153
50094,NONCD0003110,GREENSBORO ST TCE,4101 GREENSBORO ST.,CHARLOTTE,MECKLENBURG,35.254902,-80.795909,ON SCREEN PLACEMENT ON GEOREFERENCED MAP,ESRI AGOL BASE MAP,FALSE,FALSE,https://edocs.deq.nc.gov/WasteManagement/Search.aspx?dbid=0&searchcommand=%7B%5BWM%5D:%5BProgram_ID%5D%20%3D%20%22*NONCD0003109*%22%7D,7/2/2026 12:00:00 AM,-80.7959089999999,35.2549020000001
50095,NONCD0003111,WEST TREMONT CONTAMINATION,511 AND 527 WEST TREMONT AVE,CHARLOTTE,MECKLENBURG,35.210442,-80.868966,ON SCREEN PLACEMENT ON GEOREFERENCED MAP,ESRI AGOL BASE MAP,FALSE,FALSE,https://edocs.deq.nc.gov/WasteManagement/Search.aspx?dbid=0&searchcommand=%7B%5BWM%5D:%5BProgram_ID%5D%20%3D%20%22*NONCD0003110*%22%7D,7/2/2026 12:00:00 AM,-80.8689659999999,35.2104420000001
50096,NONCD0003112,EW GODWIN PROPERTY,1233 CASTLE HAYNE RD,WILMINGTON,NEW HANOVER,34.261596,-77.938716,ON SCREEN PLACEMENT ON GEOREFERENCED MAP,ACMEMAPPER,FALSE,FALSE,https://edocs.deq.nc.gov/WasteManagement/Search.aspx?dbid=0&searchcommand=%7B%5BWM%5D:%5BProgram_ID%5D%20%3D%20%22*NONCD0003111*%22%7D,7/2/2026 12:00:00 AM,-77.9387159999999,34.2615960000001
50097,NONCD0003113,3C PACKAGING,1000 CC DRIVE,CLAYTON,JOHNSTON,35.67202,-78.49463,ON SCREEN PLACEMENT ON GEOREFERENCED MAP,ACMEMAPPER,FALSE,FALSE,https://edocs.deq.nc.gov/WasteManagement/Search.aspx?dbid=0&searchcommand=%7B%5BWM%5D:%5BProgram_ID%5D%20%3D%20%22*NONCD0003112*%22%7D,7/2/2026 12:00:00 AM,-78.49463,35.67202
50098,NONCD0003114,DL ROGERS CORP,1814 NEUSE BLVD,NEW BERN,CRAVEN,35.111289,-77.064486,ON SCREEN PLACEMENT ON GEOREFERENCED MAP,ACMEMAPPER,FALSE,FALSE,https://edocs.deq.nc.gov/WasteManagement/Search.aspx?dbid=0&searchcommand=%7B%5BWM%5D:%5BProgram_ID%5D%20%3D%20%22*NONCD0003113*%22%7D,7/2/2026 12:00:00 AM,-77.064486,35.1112890000001
50099,NONCD0003115,BREWERS REPAIR SHOP,8325 NC HWY 705,EAGLE SPRINGS,MOORE,35.372558,-79.593427,ON SCREEN PLACEMENT ON GEOREFERENCED MAP,ACMEMAPPER,FALSE,FALSE,https://edocs.deq.nc.gov/WasteManagement/Search.aspx?dbid=0&searchcommand=%7B%5BWM%5D:%5BProgram_ID%5D%20%3D%20%22*NONCD0003114*%22%7D,7/2/2026 12:00:00 AM,-79.593427,35.372558
50100,NONCD0003116,HART FURNITURE CO,420 E 3RD ST,SILER CITY,CHATHAM,35.726765,-79.459165,ON SCREEN PLACEMENT ON GEOREFERENCED MAP,ACMEMAPPER,FALSE,FALSE,https://edocs.deq.nc.gov/WasteManagement/Search.aspx?dbid=0&searchcommand=%7B%5BWM%5D:%5BProgram_ID%5D%20%3D%20%22*NONCD0003115*%22%7D,7/2/2026 12:00:00 AM,-79.459165,35.7267650000001
50101,NONCD0003117,DENBUR DRIVE PCE,DENBUR DRIVE,CHARLOTTE,MECKLENBURG,35.23027,-80.67365,ON SCREEN PLACEMENT ON GEOREFERENCED MAP,ACMEMAPPER,FALSE,FALSE,https://edocs.deq.nc.gov/WasteManagement/Search.aspx?dbid=0&searchcommand=%7B%5BWM%5D:%5BProgram_ID%5D%20%3D%20%22*NONCD0003116*%22%7D,7/2/2026 12:00:00 AM,-80.67365,35.2302700000001
50102,NONCD0003118,MR TIRE,421 S FISHER ST,BURLINGTON,ALAMANCE,36.093384,-79.442284,ON SCREEN PLACEMENT ON GEOREFERENCED MAP,ACMEMAPPER,FALSE,FALSE,https://edocs.deq.nc.gov/WasteManagement/Search.aspx?dbid=0&searchcommand=%7B%5BWM%5D:%5BProgram_ID%5D%20%3D%20%22*NONCD0003117*%22%7D,7/2/2026 12:00:00 AM,-79.442284,36.0933840000001
50103,NONCD0003119,FORWARD HIGH POINT PROPERTY,720 N MAIN ST,HIGH POINT,GUILFORD,35.96333,-80.010278,ON SCREEN PLACEMENT ON GEOREFERENCED MAP,ACMEMAPPER,FALSE,FALSE,https://edocs.deq.nc.gov/WasteManagement/Search.aspx?dbid=0&searchcommand=%7B%5BWM%5D:%5BProgram_ID%5D%20%3D%20%22*NONCD0003118*%22%7D,7/2/2026 12:00:00 AM,-80.010278,35.96333
50104,NONCD0003120,NEUWIRTH MOTORS,219 S COLLEGE RD,WILMINGTON,NEW HANOVER,34.23921,-77.869906,ON SCREEN PLACEMENT ON GEOREFERENCED MAP,GOOGLE MAPS,FALSE,FALSE,https://edocs.deq.nc.gov/WasteManagement/Search.aspx?dbid=0&searchcommand=%7B%5BWM%5D:%5BProgram_ID%5D%20%3D%20%22*NONCD0003119*%22%7D,7/2/2026 12:00:00 AM,-77.869906,34.2392100000001
50105,NONCD0003121,BSC HOLDINGS,GUILFORD COLLEGE RD,JAMESTOWN,GUILFORD,36.04611,-79.924167,ON SCREEN PLACEMENT ON GEOREFERENCED MAP,GOOGLE MAPS,FALSE,FALSE,https://edocs.deq.nc.gov/WasteManagement/Search.aspx?dbid=0&searchcommand=%7B%5BWM%5D:%5BProgram_ID%5D%20%3D%20%22*NONCD0003120*%22%7D,7/2/2026 12:00:00 AM,-79.924167,36.0461100000001
50106,NONCD0003123,EAST MEADOW ROAD PCP,863 EAST MEADOW RD,EDEN,ROCKINGHAM,36.515731,-79.716381,GEOCODE (ADDRESS MATCH),ESRI AGOL BASE MAP,FALSE,FALSE,https://edocs.deq.nc.gov/WasteManagement/Search.aspx?dbid=0&searchcommand=%7B%5BWM%5D:%5BProgram_ID%5D%20%3D%20%22*NONCD0003121*%22%7D,7/2/2026 12:00:00 AM,-79.716381,36.5157310000001
50107,NONCD0003124,N COLLEGE ST METALS IN GW,300 N COLLEGE ST,CHARLOTTE,MECKLENBURG,35.22781,-80.839128,GEOCODE (ADDRESS MATCH),ESRI AGOL BASE MAP,FALSE,FALSE,https://edocs.deq.nc.gov/WasteManagement/Search.aspx?dbid=0&searchcommand=%7B%5BWM%5D:%5BProgram_ID%5D%20%3D%20%22*NONCD0003123*%22%7D,7/2/2026 12:00:00 AM,-80.839128,35.22781
50108,NONCD0003125,SALISBURY STREET CONTAMINATION,616 SOUTH SALISBURY ST,RALEIGH,WAKE,35.772627,-78.640803,GEOCODE (ADDRESS MATCH),ESRI AGOL BASE MAP,FALSE,FALSE,https://edocs.deq.nc.gov/WasteManagement/Search.aspx?dbid=0&searchcommand=%7B%5BWM%5D:%5BProgram_ID%5D%20%3D%20%22*NONCD0003124*%22%7D,7/2/2026 12:00:00 AM,-78.6408029999999,35.7726270000001
50109,NONCD0003126,WILKINSON BLVD PCE,2601 AND 2613 WILKINSON BLVD,CHARLOTTE,MECKLENBURG,35.223176,-80.884757,GEOCODE (ADDRESS MATCH),ESRI AGOL BASE MAP,FALSE,FALSE,https://edocs.deq.nc.gov/WasteManagement/Search.aspx?dbid=0&searchcommand=%7B%5BWM%5D:%5BProgram_ID%5D%20%3D%20%22*NONCD0003125*%22%7D,7/2/2026 12:00:00 AM,-80.884757,35.223176
50110,NONCD0003127,HANOVER CENTER METALS,1301 INDEPENDENCE BLVD,WILMINGTON,NEW HANOVER,34.217647,-77.903647,GEOCODE (ADDRESS MATCH),ESRI AGOL BASE MAP,FALSE,FALSE,https://edocs.deq.nc.gov/WasteManagement/Search.aspx?dbid=0&searchcommand=%7B%5BWM%5D:%5BProgram_ID%5D%20%3D%20%22*NONCD0003126*%22%7D,7/2/2026 12:00:00 AM,-77.903647,34.2176470000001
50111,NONCD0003128,TRYON STREET TCE,2321 SOUTH TRYON ST,CHARLOTTE,MECKLENBURG,35.20757,-80.867176,GEOCODE (ADDRESS MATCH),ESRI AGOL BASE MAP,FALSE,FALSE,https://edocs.deq.nc.gov/WasteManagement/Search.aspx?dbid=0&searchcommand=%7B%5BWM%5D:%5BProgram_ID%5D%20%3D%20%22*NONCD0003127*%22%7D,7/2/2026 12:00:00 AM,-80.867176,35.20757
50112,NONCD0003129,CENTRAL AVE METALS,1400 CENTRAL AVE,CHARLOTTE,MECKLENBURG,35.220261,-80.815312,GEOCODE (ADDRESS MATCH),ESRI AGOL BASE MAP,FALSE,FALSE,https://edocs.deq.nc.gov/WasteManagement/Search.aspx?dbid=0&searchcommand=%7B%5BWM%5D:%5BProgram_ID%5D%20%3D%20%22*NONCD0003128*%22%7D,7/2/2026 12:00:00 AM,-80.8153119999999,35.2202610000001
50113,NONCD0003130,ROBINSON TERRACE VOCS,810 ROBINSON TERRACE,HENDERSONVILLE,HENDERSON,35.324167,-82.454649,GEOCODE (ADDRESS MATCH),ESRI AGOL BASE MAP,FALSE,FALSE,https://edocs.deq.nc.gov/WasteManagement/Search.aspx?dbid=0&searchcommand=%7B%5BWM%5D:%5BProgram_ID%5D%20%3D%20%22*NONCD0003129*%22%7D,7/2/2026 12:00:00 AM,-82.454649,35.324167
50114,NONCD0003131,WILKINSON BLVD METALS,3015 WILKINSON BLVD,CHARLOTTE,MECKLENBURG,35.222903,-80.889657,GEOCODE (ADDRESS MATCH),ESRI AGOL BASE MAP,FALSE,FALSE,https://edocs.deq.nc.gov/WasteManagement/Search.aspx?dbid=0&searchcommand=%7B%5BWM%5D:%5BProgram_ID%5D%20%3D%20%22*NONCD0003130*%22%7D,7/2/2026 12:00:00 AM,-80.8896569999999,35.222903
50115,NONCD0003132,VERMEER ALL ROADS,201 CROMPTON ST,CHARLOTTE,MECKLENBURG,35.1164,-80.91624,ON SCREEN PLACEMENT ON GEOREFERENCED MAP,ACMEMAPPER,FALSE,FALSE,https://edocs.deq.nc.gov/WasteManagement/Search.aspx?dbid=0&searchcommand=%7B%5BWM%5D:%5BProgram_ID%5D%20%3D%20%22*NONCD0003131*%22%7D,7/2/2026 12:00:00 AM,-80.91624,35.1164000000001
50116,NONCD0003134,MONROE RD ORGANICS,4726 MONROE RD,CHARLOTTE,MECKLENBURG,35.19322,-80.7817,ON SCREEN PLACEMENT ON GEOREFERENCED MAP,ACMEMAPPER,FALSE,FALSE,https://edocs.deq.nc.gov/WasteManagement/Search.aspx?dbid=0&searchcommand=%7B%5BWM%5D:%5BProgram_ID%5D%20%3D%20%22*NONCD0003132*%22%7D,7/2/2026 12:00:00 AM,-80.7816999999999,35.1932200000001
50117,NONCD0003135,QUALITY CONCRETE,1587 WILMINGTON HWY,FAYETTEVILLE,CUMBERLAND,35.017554,-78.862967,ON SCREEN PLACEMENT ON GEOREFERENCED MAP,GOOGLE MAPS,FALSE,FALSE,https://edocs.deq.nc.gov/WasteManagement/Search.aspx?dbid=0&searchcommand=%7B%5BWM%5D:%5BProgram_ID%5D%20%3D%20%22*NONCD0003134*%22%7D,7/2/2026 12:00:00 AM,-78.862967,35.0175540000001
50118,NONCD0003137,ABC TOWING OF THE CAROLINAS,613 E SECOND ST,GASTONIA,GASTON,35.25984,-81.17288,ON SCREEN PLACEMENT ON GEOREFERENCED MAP,ACMEMAPPER,FALSE,FALSE,https://edocs.deq.nc.gov/WasteManagement/Search.aspx?dbid=0&searchcommand=%7B%5BWM%5D:%5BProgram_ID%5D%20%3D%20%22*NONCD0003135*%22%7D,7/2/2026 12:00:00 AM,-81.17288,35.2598400000001
50119,NONCD0003139,RTC HILL BLDG,862 N RALEIGH ST,GREENSBORO,GUILFORD,36.0825,-79.75778,ON SCREEN PLACEMENT ON GEOREFERENCED MAP,GOOGLE MAPS,FALSE,FALSE,https://edocs.deq.nc.gov/WasteManagement/Search.aspx?dbid=0&searchcommand=%7B%5BWM%5D:%5BProgram_ID%5D%20%3D%20%22*NONCD0003137*%22%7D,7/2/2026 12:00:00 AM,-79.75778,36.0825
50120,NONCD0003140,TRYON HILL DR SOLVENT CONTAMINATION,905 TRYON HILL DR,RALEIGH,WAKE,35.780834,-78.656699,GEOCODE (ADDRESS MATCH),ESRI AGOL BASE MAP,FALSE,FALSE,https://edocs.deq.nc.gov/WasteManagement/Search.aspx?dbid=0&searchcommand=%7B%5BWM%5D:%5BProgram_ID%5D%20%3D%20%22*NONCD0003139*%22%7D,7/2/2026 12:00:00 AM,-78.6566989999999,35.780834
50121,NONCD0003141,LYMAN ST SOLVENT CONTAMINATION,175 LYMAN ST,ASHEVILLE,BUNCOMBE,35.583893,-82.566395,GEOCODE (ADDRESS MATCH),ESRI AGOL BASE MAP,FALSE,FALSE,https://edocs.deq.nc.gov/WasteManagement/Search.aspx?dbid=0&searchcommand=%7B%5BWM%5D:%5BProgram_ID%5D%20%3D%20%22*NONCD0003140*%22%7D,7/2/2026 12:00:00 AM,-82.5663949999999,35.583893
50122,NONCD0003142,TRYON AND MATHESON PCE CONTAMINATION,110 MATHESON AVE,CHARLOTTE,MECKLENBURG,35.248469,-80.815836,GEOCODE (ADDRESS MATCH),ESRI AGOL BASE MAP,FALSE,FALSE,https://edocs.deq.nc.gov/WasteManagement/Search.aspx?dbid=0&searchcommand=%7B%5BWM%5D:%5BProgram_ID%5D%20%3D%20%22*NONCD0003141*%22%7D,7/2/2026 12:00:00 AM,-80.815836,35.2484690000001
50123,NONCD0003143,HOVIS RD SOIL CONTAMINATION,5205 HOVIS RD,CHARLOTTE,MECKLENBURG,35.272168,-80.899879,GEOCODE (ADDRESS MATCH),ESRI AGOL BASE MAP,FALSE,FALSE,https://edocs.deq.nc.gov/WasteManagement/Search.aspx?dbid=0&searchcommand=%7B%5BWM%5D:%5BProgram_ID%5D%20%3D%20%22*NONCD0003142*%22%7D,7/2/2026 12:00:00 AM,-80.8998789999999,35.2721680000001
50124,NONCD0003144,ELM ST DCA CONTAMINATION,225 NORTH ELM ST,HIGH POINT,GUILFORD,35.958446,-80.009456,GEOCODE (ADDRESS MATCH),ESRI AGOL BASE MAP,FALSE,FALSE,https://edocs.deq.nc.gov/WasteManagement/Search.aspx?dbid=0&searchcommand=%7B%5BWM%5D:%5BProgram_ID%5D%20%3D%20%22*NONCD0003143*%22%7D,7/2/2026 12:00:00 AM,-80.0094559999999,35.958446
50125,NONCD0003145,WEST CARSON GROUNDWATER CONTAMINATION,308 WEST CARSON BLVD,CHARLOTTE,MECKLENBURG,35.222157,-80.855367,GEOCODE (ADDRESS MATCH),ESRI AGOL BASE MAP,FALSE,FALSE,https://edocs.deq.nc.gov/WasteManagement/Search.aspx?dbid=0&searchcommand=%7B%5BWM%5D:%5BProgram_ID%5D%20%3D%20%22*NONCD0003144*%22%7D,7/2/2026 12:00:00 AM,-80.8553669999999,35.222157
50126,NONCD0003146,EAST 36TH ST LEAD CONTAMINATION,430 E 36TH ST,CHARLOTTE,MECKLENBURG,35.2489,-80.806053,GEOCODE (ADDRESS MATCH),ESRI AGOL BASE MAP,FALSE,FALSE,https://edocs.deq.nc.gov/WasteManagement/Search.aspx?dbid=0&searchcommand=%7B%5BWM%5D:%5BProgram_ID%5D%20%3D%20%22*NONCD0003145*%22%7D,7/2/2026 12:00:00 AM,-80.806053,35.2489
50127,NONCD0003147,EAST MARTIN ST SOLVENT CONTAMINATION,215 SOUTH PERSON ST,RALEIGH,WAKE,35.77746,-78.634144,GEOCODE (ADDRESS MATCH),ESRI AGOL BASE MAP,FALSE,FALSE,https://edocs.deq.nc.gov/WasteManagement/Search.aspx?dbid=0&searchcommand=%7B%5BWM%5D:%5BProgram_ID%5D%20%3D%20%22*NONCD0003146*%22%7D,7/2/2026 12:00:00 AM,-78.6341439999999,35.7774600000001
50128,NONCD0003148,KIMWELL DR SOLVENT CONTAMINATION,3803 KIMWELL DR,WINSTON-SALEM,FORSYTH,36.046486,-80.32101,GEOCODE (ADDRESS MATCH),ESRI AGOL BASE MAP,FALSE,FALSE,https://edocs.deq.nc.gov/WasteManagement/Search.aspx?dbid=0&searchcommand=%7B%5BWM%5D:%5BProgram_ID%5D%20%3D%20%22*NONCD0003147*%22%7D,7/2/2026 12:00:00 AM,-80.3210099999999,36.0464860000001
50129,NONCD0003149,GALLANT MARITIME,293 W BEAUFORT RD EXT,BEAUFORT,CARTERET,34.72895,-76.66641,ON SCREEN PLACEMENT ON GEOREFERENCED MAP,ACMEMAPPER,FALSE,FALSE,https://edocs.deq.nc.gov/WasteManagement/Search.aspx?dbid=0&searchcommand=%7B%5BWM%5D:%5BProgram_ID%5D%20%3D%20%22*NONCD0003148*%22%7D,7/2/2026 12:00:00 AM,-76.66641,34.7289500000001
50130,NONCD0003150,POWERSECURE MANUFACTURING INC,1410 COLTRANE MILL RD,RANDELMAN,RANDOLPH,35.911434,-79.851671,ON SCREEN PLACEMENT ON GEOREFERENCED MAP,ACMEMAPPER,TRUE,FALSE,https://edocs.deq.nc.gov/WasteManagement/Search.aspx?dbid=0&searchcommand=%7B%5BWM%5D:%5BProgram_ID%5D%20%3D%20%22*NONCD0003149*%22%7D,7/2/2026 12:00:00 AM,-79.851671,35.911434
50131,NONCD0003151,STEVENS PARK,W 9TH STREET AND MAPLE STREET,SOUTHPORT,BRUNSWICK,33.92703,-78.03465,ON SCREEN PLACEMENT ON GEOREFERENCED MAP,ACMEMAPPER,FALSE,FALSE,https://edocs.deq.nc.gov/WasteManagement/Search.aspx?dbid=0&searchcommand=%7B%5BWM%5D:%5BProgram_ID%5D%20%3D%20%22*NONCD0003150*%22%7D,7/2/2026 12:00:00 AM,-78.0346499999999,33.9270300000001
50132,NONCD0003152,SOUTHERN RESOURCES SCRAP METAL,3826 RALEIGH STREET,CHARLOTTE,MECKLENBURG,35.25228,-80.79805,ON SCREEN PLACEMENT ON GEOREFERENCED MAP,ACMEMAPPER,FALSE,FALSE,https://edocs.deq.nc.gov/WasteManagement/Search.aspx?dbid=0&searchcommand=%7B%5BWM%5D:%5BProgram_ID%5D%20%3D%20%22*NONCD0003151*%22%7D,7/2/2026 12:00:00 AM,-80.79805,35.25228
50133,NONCD0003153,FORMER CONOCO PHILLIPS 66,6000 GLENWOOD AVENUE,RALEIGH,WAKE,35.854658,-78.699798,ON SCREEN PLACEMENT ON GEOREFERENCED MAP,ACMEMAPPER,FALSE,FALSE,https://edocs.deq.nc.gov/WasteManagement/Search.aspx?dbid=0&searchcommand=%7B%5BWM%5D:%5BProgram_ID%5D%20%3D%20%22*NONCD0003152*%22%7D,7/2/2026 12:00:00 AM,-78.699798,35.854658
50134,NONCD0003154,NEBEL KNITTING,121 WEST BLVD,CHARLOTTE,MECKLENBURG,35.212678,-80.859937,GEOCODE (ADDRESS MATCH),ESRI AGOL BASE MAP,FALSE,FALSE,https://edocs.deq.nc.gov/WasteManagement/Search.aspx?dbid=0&searchcommand=%7B%5BWM%5D:%5BProgram_ID%5D%20%3D%20%22*NONCD0003153*%22%7D,7/2/2026 12:00:00 AM,-80.8599369999999,35.212678
50135,NONCD0003155,KESLER MILL,423 N. MARTIN LUTHER KING JR A,SALISBURY,ROWAN,35.664595,-80.458186,GEOCODE (ADDRESS MATCH),ESRI AGOL BASE MAP,FALSE,FALSE,https://edocs.deq.nc.gov/WasteManagement/Search.aspx?dbid=0&searchcommand=%7B%5BWM%5D:%5BProgram_ID%5D%20%3D%20%22*NONCD0003154*%22%7D,7/2/2026 12:00:00 AM,-80.458186,35.6645950000001
50136,NONCD0003156,ROSEMARY COMPLEX,1200 HENRY ST,ROANOKE RAPIDS,HALIFAX,36.454603,-77.662258,GEOCODE (ADDRESS MATCH),ESRI AGOL BASE MAP,FALSE,FALSE,https://edocs.deq.nc.gov/WasteManagement/Search.aspx?dbid=0&searchcommand=%7B%5BWM%5D:%5BProgram_ID%5D%20%3D%20%22*NONCD0003155*%22%7D,7/2/2026 12:00:00 AM,-77.662258,36.4546030000001
50137,NONCD0003157,UNIVERSITY FORD,601 WILLARD ST,DURHAM,DURHAM,35.993769,-78.906496,GEOCODE (ADDRESS MATCH),ESRI AGOL BASE MAP,FALSE,FALSE,https://edocs.deq.nc.gov/WasteManagement/Search.aspx?dbid=0&searchcommand=%7B%5BWM%5D:%5BProgram_ID%5D%20%3D%20%22*NONCD0003156*%22%7D,7/2/2026 12:00:00 AM,-78.9064959999999,35.993769
50138,NONCD0003158,BLAND STREET CONTAMINATION,322 W. BLAND ST,CHARLOTTE,MECKLENBURG,35.219927,-80.85758,GEOCODE (ADDRESS MATCH),ESRI AGOL BASE MAP,FALSE,FALSE,https://edocs.deq.nc.gov/WasteManagement/Search.aspx?dbid=0&searchcommand=%7B%5BWM%5D:%5BProgram_ID%5D%20%3D%20%22*NONCD0003157*%22%7D,7/2/2026 12:00:00 AM,-80.85758,35.219927
50139,NONCD0003159,SWEETEN CREEK ROAD CONTAMINATION,1140 SWEETEN CREEK RD,ASHEVILLE,BUNCOMBE,35.543074,-82.520964,GEOCODE (ADDRESS MATCH),ESRI AGOL BASE MAP,FALSE,FALSE,https://edocs.deq.nc.gov/WasteManagement/Search.aspx?dbid=0&searchcommand=%7B%5BWM%5D:%5BProgram_ID%5D%20%3D%20%22*NONCD0003158*%22%7D,7/2/2026 12:00:00 AM,-82.5209639999999,35.543074
50140,NONCD0003160,BELTEX MILL,130 PERFORMANCE DR,BELMONT,GASTON,35.257709,-81.061318,GEOCODE (ADDRESS MATCH),ESRI AGOL BASE MAP,FALSE,FALSE,https://edocs.deq.nc.gov/WasteManagement/Search.aspx?dbid=0&searchcommand=%7B%5BWM%5D:%5BProgram_ID%5D%20%3D%20%22*NONCD0003159*%22%7D,7/2/2026 12:00:00 AM,-81.061318,35.257709
50141,NONCD0003161,WINONA STREET CONTAMINATION,131 WINONA ST,CHARLOTTE,MECKLENBURG,35.216909,-80.856426,GEOCODE (ADDRESS MATCH),ESRI AGOL BASE MAP,FALSE,FALSE,https://edocs.deq.nc.gov/WasteManagement/Search.aspx?dbid=0&searchcommand=%7B%5BWM%5D:%5BProgram_ID%5D%20%3D%20%22*NONCD0003160*%22%7D,7/2/2026 12:00:00 AM,-80.8564259999999,35.216909
50142,NONCD0003162,JUDSON CHURCH ROAD TRUCK REPAIR,520 JUDSON CHURCH RD,FAYETTEVILLE,CUMBERLAND,35.00894,-78.816171,GEOCODE (ADDRESS MATCH),ESRI AGOL BASE MAP,FALSE,FALSE,https://edocs.deq.nc.gov/WasteManagement/Search.aspx?dbid=0&searchcommand=%7B%5BWM%5D:%5BProgram_ID%5D%20%3D%20%22*NONCD0003161*%22%7D,7/2/2026 12:00:00 AM,-78.8161709999999,35.0089400000001
50143,NONCD0003165,PERDUE AGRIBUSINESS - CHADBOURN,612 SOUTH BROWN ST,CHADBOURN,COLUMBUS,34.314032,-78.826886,ON SCREEN PLACEMENT ON GEOREFERENCED MAP,GOOGLE MAPS,FALSE,FALSE,https://edocs.deq.nc.gov/WasteManagement/Search.aspx?dbid=0&searchcommand=%7B%5BWM%5D:%5BProgram_ID%5D%20%3D%20%22*NONCD0003162*%22%7D,7/2/2026 12:00:00 AM,-78.8268859999999,34.3140320000001
50144,NONCD0003166,ROBB PROPERTIES,1300-1318 CAPITAL BOULEVARD,RALEIGH,WAKE,35.79831,-78.63771,ON SCREEN PLACEMENT ON GEOREFERENCED MAP,ACMEMAPPER,FALSE,FALSE,https://edocs.deq.nc.gov/WasteManagement/Search.aspx?dbid=0&searchcommand=%7B%5BWM%5D:%5BProgram_ID%5D%20%3D%20%22*NONCD0003165*%22%7D,7/2/2026 12:00:00 AM,-78.63771,35.7983100000001
50145,NONCD0003167,"CORMETECH, INC.",304 LINWOOD ROAD,KINGS MOUNTAIN,CLEVELAND,35.25105,-81.33539,ON SCREEN PLACEMENT ON GEOREFERENCED MAP,ACMEMAPPER,FALSE,FALSE,https://edocs.deq.nc.gov/WasteManagement/Search.aspx?dbid=0&searchcommand=%7B%5BWM%5D:%5BProgram_ID%5D%20%3D%20%22*NONCD0003166*%22%7D,7/2/2026 12:00:00 AM,-81.33539,35.2510500000001
50146,NONCD0003168,FORMER UNION 76 STATION,6101 GLENWOOD AVENUE,RALEIGH,WAKE,35.855078,-78.702064,ON SCREEN PLACEMENT ON GEOREFERENCED MAP,ACMEMAPPER,FALSE,FALSE,https://edocs.deq.nc.gov/WasteManagement/Search.aspx?dbid=0&searchcommand=%7B%5BWM%5D:%5BProgram_ID%5D%20%3D%20%22*NONCD0003167*%22%7D,7/2/2026 12:00:00 AM,-78.702064,35.855078
50147,NONCD0003169,LAKEFILL ROAD CONTAMINATION,LAKEFILL RD,CHARLOTTE,MECKLENBURG,35.21193,-80.73851,ON SCREEN PLACEMENT ON GEOREFERENCED MAP,ACMEMAPPER,FALSE,FALSE,https://edocs.deq.nc.gov/WasteManagement/Search.aspx?dbid=0&searchcommand=%7B%5BWM%5D:%5BProgram_ID%5D%20%3D%20%22*NONCD0003168*%22%7D,7/2/2026 12:00:00 AM,-80.73851,35.2119300000001
50148,NONCD0003170,ROZZELLES FERRY RD PCE,BUNGALOW & ROZZELLES FERRY RD,CHARLOTTE,MECKLENBURG,35.25091,-80.87067,ON SCREEN PLACEMENT ON GEOREFERENCED MAP,ACMEMAPPER,FALSE,FALSE,https://edocs.deq.nc.gov/WasteManagement/Search.aspx?dbid=0&searchcommand=%7B%5BWM%5D:%5BProgram_ID%5D%20%3D%20%22*NONCD0003169*%22%7D,7/2/2026 12:00:00 AM,-80.87067,35.25091
50149,NONCD0003171,SANITARY LAUNDRY,417 S MCDOWELL ST,RALEIGH,WAKE,35.774941,-78.641763,ON SCREEN PLACEMENT ON GEOREFERENCED MAP,ACMEMAPPER,FALSE,FALSE,https://edocs.deq.nc.gov/WasteManagement/Search.aspx?dbid=0&searchcommand=%7B%5BWM%5D:%5BProgram_ID%5D%20%3D%20%22*NONCD0003170*%22%7D,7/2/2026 12:00:00 AM,-78.641763,35.7749410000001
50150,NONCD0003172,SHOWROOM PROPERTIES,S ELM ST & W RUSSELL AVE,HIGH POINT,GUILFORD,35.95227,-80.0068,ON SCREEN PLACEMENT ON GEOREFERENCED MAP,ACMEMAPPER,FALSE,FALSE,https://edocs.deq.nc.gov/WasteManagement/Search.aspx?dbid=0&searchcommand=%7B%5BWM%5D:%5BProgram_ID%5D%20%3D%20%22*NONCD0003171*%22%7D,7/2/2026 12:00:00 AM,-80.0067999999999,35.9522700000001
50151,NONCD0003173,HOOPERS CREEK ROAD VOCS,HOOPERS CREEK ROAD,FLETCHER,HENDERSON,35.4383,-82.46758,ON SCREEN PLACEMENT ON GEOREFERENCED MAP,ACMEMAPPER,FALSE,FALSE,https://edocs.deq.nc.gov/WasteManagement/Search.aspx?dbid=0&searchcommand=%7B%5BWM%5D:%5BProgram_ID%5D%20%3D%20%22*NONCD0003172*%22%7D,7/2/2026 12:00:00 AM,-82.4675799999999,35.4383
50152,NONCD0003174,GRAHAM WWTP DISPOSAL AREA,1204 E GILBREATH ST,GRAHAM,ALAMANCE,36.049006,-79.371153,ON SCREEN PLACEMENT ON GEOREFERENCED MAP,ACMEMAPPER,FALSE,FALSE,https://edocs.deq.nc.gov/WasteManagement/Search.aspx?dbid=0&searchcommand=%7B%5BWM%5D:%5BProgram_ID%5D%20%3D%20%22*NONCD0003173*%22%7D,7/2/2026 12:00:00 AM,-79.3711529999999,36.0490060000001
50153,NONCD0003175,GUARDSMAN CHEMICALS INC,2147 BREVARD RD,HIGH POINT,GUILFORD,35.924607,-79.996722,ON SCREEN PLACEMENT ON GEOREFERENCED MAP,ESRI AGOL BASE MAP,FALSE,FALSE,https://edocs.deq.nc.gov/WasteManagement/Search.aspx?dbid=0&searchcommand=%7B%5BWM%5D:%5BProgram_ID%5D%20%3D%20%22*NONCD0003174*%22%7D,7/2/2026 12:00:00 AM,-79.996722,35.924607
50154,NONCD0003176,COROLLA CATTLE DIP,1215 PONTON LN,COROLLA,CURRITUCK,36.384208,-75.833723,ON SCREEN PLACEMENT ON GEOREFERENCED MAP,ACMEMAPPER,FALSE,FALSE,https://edocs.deq.nc.gov/WasteManagement/Search.aspx?dbid=0&searchcommand=%7B%5BWM%5D:%5BProgram_ID%5D%20%3D%20%22*NONCD0003175*%22%7D,7/2/2026 12:00:00 AM,-75.833723,36.3842080000001
50155,NONCD0003177,MT GILEAD COTTON OIL CO,299 INDUSTRY AVE,MOUNT GILEAD,MONTGOMERY,35.217847,-80.006535,ON SCREEN PLACEMENT ON GEOREFERENCED MAP,ESRI AGOL BASE MAP,FALSE,FALSE,https://edocs.deq.nc.gov/WasteManagement/Search.aspx?dbid=0&searchcommand=%7B%5BWM%5D:%5BProgram_ID%5D%20%3D%20%22*NONCD0003176*%22%7D,7/2/2026 12:00:00 AM,-80.006535,35.2178470000001
50156,NONCD0003178,LUDWIG MUSSER FACILITY,2804 & 2806 MASON ST,MONROE,UNION,34.986244,-80.49857,ON SCREEN PLACEMENT ON GEOREFERENCED MAP,ESRI AGOL BASE MAP,FALSE,FALSE,https://edocs.deq.nc.gov/WasteManagement/Search.aspx?dbid=0&searchcommand=%7B%5BWM%5D:%5BProgram_ID%5D%20%3D%20%22*NONCD0003177*%22%7D,7/2/2026 12:00:00 AM,-80.49857,34.9862440000001
50157,NONCD0003179,CRAYTON PRINTING,"2301, 2321, 2327 DISTRIBUTION",CHARLOTTE,MECKLENBURG,35.206626,-80.865876,ON SCREEN PLACEMENT ON GEOREFERENCED MAP,ESRI AGOL BASE MAP,FALSE,FALSE,https://edocs.deq.nc.gov/WasteManagement/Search.aspx?dbid=0&searchcommand=%7B%5BWM%5D:%5BProgram_ID%5D%20%3D%20%22*NONCD0003178*%22%7D,7/2/2026 12:00:00 AM,-80.865876,35.206626
50158,NONCD0003180,WEBB METALS,1305 PHILADELPHIA CHURCH RD,DALLAS,GASTON,35.33973,-81.17139,ON SCREEN PLACEMENT ON GEOREFERENCED MAP,ESRI AGOL BASE MAP,FALSE,FALSE,https://edocs.deq.nc.gov/WasteManagement/Search.aspx?dbid=0&searchcommand=%7B%5BWM%5D:%5BProgram_ID%5D%20%3D%20%22*NONCD0003179*%22%7D,7/2/2026 12:00:00 AM,-81.17139,35.33973
50159,NONCD0003181,THOMASVILLE PLANT B,310 FISHER FERRY ST,THOMASVILLE,DAVIDSON,35.87638,-80.084624,ON SCREEN PLACEMENT ON GEOREFERENCED MAP,ESRI AGOL BASE MAP,FALSE,FALSE,https://edocs.deq.nc.gov/WasteManagement/Search.aspx?dbid=0&searchcommand=%7B%5BWM%5D:%5BProgram_ID%5D%20%3D%20%22*NONCD0003180*%22%7D,7/2/2026 12:00:00 AM,-80.084624,35.87638
50160,NONCD0003182,LIBERTY ST METALS,3305 N LIBERTY ST,WINSTON SALEM,FORSYTH,36.132191,-80.231072,ON SCREEN PLACEMENT ON GEOREFERENCED MAP,ESRI AGOL BASE MAP,FALSE,FALSE,https://edocs.deq.nc.gov/WasteManagement/Search.aspx?dbid=0&searchcommand=%7B%5BWM%5D:%5BProgram_ID%5D%20%3D%20%22*NONCD0003181*%22%7D,7/2/2026 12:00:00 AM,-80.231072,36.132191
50161,NONCD0003183,ELIZABETH AVE PCE,1609 ELIZABETH AVE,CHARLOTTE,MECKLENBURG,35.213882,-80.826043,ON SCREEN PLACEMENT ON GEOREFERENCED MAP,ESRI AGOL BASE MAP,FALSE,FALSE,https://edocs.deq.nc.gov/WasteManagement/Search.aspx?dbid=0&searchcommand=%7B%5BWM%5D:%5BProgram_ID%5D%20%3D%20%22*NONCD0003182*%22%7D,7/2/2026 12:00:00 AM,-80.826043,35.2138820000001
50162,NONCD0003184,BANK ST TCE,3331 GRIFFITH ST,CHARLOTTE,MECKLENBURG,35.202277,-80.875232,ON SCREEN PLACEMENT ON GEOREFERENCED MAP,ESRI AGOL BASE MAP,FALSE,FALSE,https://edocs.deq.nc.gov/WasteManagement/Search.aspx?dbid=0&searchcommand=%7B%5BWM%5D:%5BProgram_ID%5D%20%3D%20%22*NONCD0003183*%22%7D,7/2/2026 12:00:00 AM,-80.875232,35.202277
50163,NONCD0003185,AUTO TOP MANUFACTURING,1532 S TRYON ST,CHARLOTTE,MECKLENBURG,35.215616,-80.857542,ON SCREEN PLACEMENT ON GEOREFERENCED MAP,ESRI AGOL BASE MAP,FALSE,FALSE,https://edocs.deq.nc.gov/WasteManagement/Search.aspx?dbid=0&searchcommand=%7B%5BWM%5D:%5BProgram_ID%5D%20%3D%20%22*NONCD0003184*%22%7D,7/2/2026 12:00:00 AM,-80.857542,35.2156160000001
50164,NONCD0003186,W SOUTH ST TCE,601 W SOUTH ST,RALEIGH,WAKE,35.772094,-78.648581,ON SCREEN PLACEMENT ON GEOREFERENCED MAP,GOOGLE MAPS,FALSE,FALSE,https://edocs.deq.nc.gov/WasteManagement/Search.aspx?dbid=0&searchcommand=%7B%5BWM%5D:%5BProgram_ID%5D%20%3D%20%22*NONCD0003185*%22%7D,7/2/2026 12:00:00 AM,-78.648581,35.772094
50165,NONCD0003187,KOURY ENTERPRISES COMPANY LLC,1029 WINSTON ST,GREENSBORO,GUILFORD,36.085761,-79.763047,ON SCREEN PLACEMENT ON GEOREFERENCED MAP,GOOGLE MAPS,FALSE,FALSE,https://edocs.deq.nc.gov/WasteManagement/Search.aspx?dbid=0&searchcommand=%7B%5BWM%5D:%5BProgram_ID%5D%20%3D%20%22*NONCD0003186*%22%7D,7/2/2026 12:00:00 AM,-79.763047,36.085761
50166,NONCD0003188,RENFRO CORPORATION,611 LINVILLE ROAD,MOUNT AIRY,SURRY,36.51157,-80.59277,ON SCREEN PLACEMENT ON GEOREFERENCED MAP,ACMEMAPPER,FALSE,FALSE,https://edocs.deq.nc.gov/WasteManagement/Search.aspx?dbid=0&searchcommand=%7B%5BWM%5D:%5BProgram_ID%5D%20%3D%20%22*NONCD0003187*%22%7D,7/2/2026 12:00:00 AM,-80.59277,36.5115700000001
50167,NONCD0003189,MOUNTAIN POINT LN PCE,MOUNTAIN POINT LN,CHARLOTTE,MECKLENBURG,35.34293,-80.92316,GEOCODE (ADDRESS MATCH),UNKNOWN,FALSE,FALSE,https://edocs.deq.nc.gov/WasteManagement/Search.aspx?dbid=0&searchcommand=%7B%5BWM%5D:%5BProgram_ID%5D%20%3D%20%22*NONCD0003188*%22%7D,7/2/2026 12:00:00 AM,-80.9231599999999,35.34293
50168,NONCD0003190,ATLANTIC AVE METALS,1110 ATLANTIC AVE,ROCKY MOUNT,EDGECOMBE,35.961769,-77.785492,ON SCREEN PLACEMENT ON GEOREFERENCED MAP,ESRI AGOL BASE MAP,FALSE,FALSE,https://edocs.deq.nc.gov/WasteManagement/Search.aspx?dbid=0&searchcommand=%7B%5BWM%5D:%5BProgram_ID%5D%20%3D%20%22*NONCD0003189*%22%7D,7/2/2026 12:00:00 AM,-77.785492,35.9617690000001
50169,NONCD0003192,CHINA GROVE INDUSTRIAL COMPLEX,308 E THOM ST,CHINA GROVE,ROWAN,35.55804,-80.58611,ON SCREEN PLACEMENT ON GEOREFERENCED MAP,ACMEMAPPER,FALSE,FALSE,https://edocs.deq.nc.gov/WasteManagement/Search.aspx?dbid=0&searchcommand=%7B%5BWM%5D:%5BProgram_ID%5D%20%3D%20%22*NONCD0003190*%22%7D,7/2/2026 12:00:00 AM,-80.58611,35.5580400000001
50170,NONCD0003193,FARM CHEMICALS RAEFORD,2274 ST. PAULS HWY,RAEFORD,HOKE,34.956198,-79.193233,ON SCREEN PLACEMENT ON GEOREFERENCED MAP,GOOGLE MAPS,FALSE,FALSE,https://edocs.deq.nc.gov/WasteManagement/Search.aspx?dbid=0&searchcommand=%7B%5BWM%5D:%5BProgram_ID%5D%20%3D%20%22*NONCD0003192*%22%7D,7/2/2026 12:00:00 AM,-79.193233,34.956198
50171,NONCD0003194,DURHAM MAIN SUBSTATION,947 WASHINGTON ST,DURHAM,DURHAM,36.00849,-78.90118,ON SCREEN PLACEMENT ON GEOREFERENCED MAP,ACMEMAPPER,FALSE,FALSE,https://edocs.deq.nc.gov/WasteManagement/Search.aspx?dbid=0&searchcommand=%7B%5BWM%5D:%5BProgram_ID%5D%20%3D%20%22*NONCD0003193*%22%7D,7/2/2026 12:00:00 AM,-78.90118,36.0084900000001
50172,NONCD0003195,CENTRAL AVE PESTICIDES AND VOCS,3512 & 3534 CENTRAL AVE,CHARLOTTE,MECKLENBURG,35.215627,-80.784938,ON SCREEN PLACEMENT ON GEOREFERENCED MAP,GOOGLE MAPS,FALSE,FALSE,https://edocs.deq.nc.gov/WasteManagement/Search.aspx?dbid=0&searchcommand=%7B%5BWM%5D:%5BProgram_ID%5D%20%3D%20%22*NONCD0003194*%22%7D,7/2/2026 12:00:00 AM,-80.784938,35.215627
50173,NONCD0003196,FAULKNERS GULF GREENSBORO,2910 WEST GATE BLVD,GREENSBORO,GUILFORD,36.050284,-79.834927,ON SCREEN PLACEMENT ON GEOREFERENCED MAP,GOOGLE MAPS,FALSE,FALSE,https://edocs.deq.nc.gov/WasteManagement/Search.aspx?dbid=0&searchcommand=%7B%5BWM%5D:%5BProgram_ID%5D%20%3D%20%22*NONCD0003195*%22%7D,7/2/2026 12:00:00 AM,-79.8349269999999,36.050284
50174,NONCD0003198,W MARTIN STREET TCE,313 W MARTIN ST,RALEIGH,WAKE,35.77701,-78.64432,ON SCREEN PLACEMENT ON GEOREFERENCED MAP,ACMEMAPPER,FALSE,FALSE,https://edocs.deq.nc.gov/WasteManagement/Search.aspx?dbid=0&searchcommand=%7B%5BWM%5D:%5BProgram_ID%5D%20%3D%20%22*NONCD0003196*%22%7D,7/2/2026 12:00:00 AM,-78.6443199999999,35.7770100000001
50175,NONCD0003199,BLYTHE BLVD HOSPITAL PROPERTY,1130 BLYTHE BLVD,CHARLOTTE,MECKLENBURG,35.20006,-80.83905,ON SCREEN PLACEMENT ON GEOREFERENCED MAP,ACMEMAPPER,FALSE,FALSE,https://edocs.deq.nc.gov/WasteManagement/Search.aspx?dbid=0&searchcommand=%7B%5BWM%5D:%5BProgram_ID%5D%20%3D%20%22*NONCD0003198*%22%7D,7/2/2026 12:00:00 AM,-80.83905,35.2000600000001
50176,NONCD0003200,INDUSTRIAL DRIVE TCE,430 INDUSTRIAL DR,WENDELL,WAKE,35.78845,-78.3782,ON SCREEN PLACEMENT ON GEOREFERENCED MAP,ACMEMAPPER,FALSE,FALSE,https://edocs.deq.nc.gov/WasteManagement/Search.aspx?dbid=0&searchcommand=%7B%5BWM%5D:%5BProgram_ID%5D%20%3D%20%22*NONCD0003199*%22%7D,7/2/2026 12:00:00 AM,-78.3781999999999,35.7884500000001
50177,NONCD0003201,HENDERSON LAUNDRY,341 N CHESTNUT ST,HENDERSON,VANCE,36.331097,-78.401637,ON SCREEN PLACEMENT ON GEOREFERENCED MAP,ACMEMAPPER,FALSE,FALSE,https://edocs.deq.nc.gov/WasteManagement/Search.aspx?dbid=0&searchcommand=%7B%5BWM%5D:%5BProgram_ID%5D%20%3D%20%22*NONCD0003200*%22%7D,7/2/2026 12:00:00 AM,-78.4016369999999,36.3310970000001
50178,NONCD0003202,N ROXBORO ST PCE,5258 N ROXBORO ST,DURHAM,DURHAM,36.07495,-78.90882,ON SCREEN PLACEMENT ON GEOREFERENCED MAP,ACMEMAPPER,FALSE,FALSE,https://edocs.deq.nc.gov/WasteManagement/Search.aspx?dbid=0&searchcommand=%7B%5BWM%5D:%5BProgram_ID%5D%20%3D%20%22*NONCD0003201*%22%7D,7/2/2026 12:00:00 AM,-78.9088199999999,36.0749500000001
50179,NONCD0003203,ROAD WOLVES INC FERTILIZER SPILL,"MILE MARKER 11, I-40 EAST",I-40 EAST,HAYWOOD,35.698318,-83.045473,ON SCREEN PLACEMENT ON GEOREFERENCED MAP,GOOGLE MAPS,FALSE,FALSE,https://edocs.deq.nc.gov/WasteManagement/Search.aspx?dbid=0&searchcommand=%7B%5BWM%5D:%5BProgram_ID%5D%20%3D%20%22*NONCD0003202*%22%7D,7/2/2026 12:00:00 AM,-83.045473,35.698318
50180,NONCD0003204,KINGSLEY DR METALS,2035 KINGSLEY DR,ALBEMARLE,STANLY,35.349919,-80.222788,ON SCREEN PLACEMENT ON GEOREFERENCED MAP,GOOGLE MAPS,FALSE,FALSE,https://edocs.deq.nc.gov/WasteManagement/Search.aspx?dbid=0&searchcommand=%7B%5BWM%5D:%5BProgram_ID%5D%20%3D%20%22*NONCD0003203*%22%7D,7/2/2026 12:00:00 AM,-80.222788,35.3499190000001
50181,NONCD0003205,EVERHART TIRE NON-UST,806 N MAIN ST,LEXINGTON,DAVIDSON,35.830767,-80.245393,ON SCREEN PLACEMENT ON GEOREFERENCED MAP,GOOGLE MAPS,FALSE,FALSE,https://edocs.deq.nc.gov/WasteManagement/Search.aspx?dbid=0&searchcommand=%7B%5BWM%5D:%5BProgram_ID%5D%20%3D%20%22*NONCD0003204*%22%7D,7/2/2026 12:00:00 AM,-80.245393,35.830767
50182,NONCD0003206,ETHAN ALLEN WOODFIN,950 RIVERSIDE DR,WOODFIN,BUNCOMBE,35.623803,-82.578909,ON SCREEN PLACEMENT ON GEOREFERENCED MAP,GOOGLE MAPS,FALSE,TRUE,https://edocs.deq.nc.gov/WasteManagement/Search.aspx?dbid=0&searchcommand=%7B%5BWM%5D:%5BProgram_ID%5D%20%3D%20%22*NONCD0003205*%22%7D,7/2/2026 12:00:00 AM,-82.578909,35.6238030000001
50183,NONCD0003207,PENDER COUNTY ABC BOARD,HWY 117 S,BURGAW,PENDER,34.55355,-77.91319,ON SCREEN PLACEMENT ON GEOREFERENCED MAP,ACMEMAPPER,FALSE,FALSE,https://edocs.deq.nc.gov/WasteManagement/Search.aspx?dbid=0&searchcommand=%7B%5BWM%5D:%5BProgram_ID%5D%20%3D%20%22*NONCD0003206*%22%7D,7/2/2026 12:00:00 AM,-77.91319,34.55355
50184,NONCD0003208,FORMER PRESBYTERIAN HOME OF HIGH POINT,201 GREENSBORO ROAD,HIGH POINT,GUILFORD,35.982758,-79.976864,ON SCREEN PLACEMENT ON GEOREFERENCED MAP,GOOGLE MAPS,FALSE,FALSE,https://edocs.deq.nc.gov/WasteManagement/Search.aspx?dbid=0&searchcommand=%7B%5BWM%5D:%5BProgram_ID%5D%20%3D%20%22*NONCD0003207*%22%7D,7/2/2026 12:00:00 AM,-79.976864,35.982758
50185,NONCD0003209,SOUTHSIDE DR TCE,101 AND 117 SOUTHSIDE DR,CHARLOTTE,MECKLENBURG,35.184971,-80.879416,ON SCREEN PLACEMENT ON GEOREFERENCED MAP,GOOGLE MAPS,FALSE,FALSE,https://edocs.deq.nc.gov/WasteManagement/Search.aspx?dbid=0&searchcommand=%7B%5BWM%5D:%5BProgram_ID%5D%20%3D%20%22*NONCD0003208*%22%7D,7/2/2026 12:00:00 AM,-80.8794159999999,35.1849710000001
50186,NONCD0003210,ETNA 231,226 W HARRISON ST,REIDSVILLE,ROCKINGHAM,36.3553,-79.66358,ON SCREEN PLACEMENT ON GEOREFERENCED MAP,ACMEMAPPER,FALSE,FALSE,https://edocs.deq.nc.gov/WasteManagement/Search.aspx?dbid=0&searchcommand=%7B%5BWM%5D:%5BProgram_ID%5D%20%3D%20%22*NONCD0003209*%22%7D,7/2/2026 12:00:00 AM,-79.66358,36.3553000000001
50187,NONCD0003211,NCDOT MAINT FACILITY CASHIERS NON-UST,150 US 64 W,CASHIERS,JACKSON,35.114477,-83.103549,ON SCREEN PLACEMENT ON GEOREFERENCED MAP,GOOGLE MAPS,FALSE,FALSE,https://edocs.deq.nc.gov/WasteManagement/Search.aspx?dbid=0&searchcommand=%7B%5BWM%5D:%5BProgram_ID%5D%20%3D%20%22*NONCD0003210*%22%7D,7/2/2026 12:00:00 AM,-83.103549,35.1144770000001
50188,NONCD0003212,CIRCLE K 2723303 - SOLVENTS,2506 S SAUNDERS ST,RALEIGH,WAKE,35.7497,-78.649585,ON SCREEN PLACEMENT ON GEOREFERENCED MAP,ACMEMAPPER,FALSE,FALSE,https://edocs.deq.nc.gov/WasteManagement/Search.aspx?dbid=0&searchcommand=%7B%5BWM%5D:%5BProgram_ID%5D%20%3D%20%22*NONCD0003211*%22%7D,7/2/2026 12:00:00 AM,-78.6495849999999,35.7497000000001
50189,NONCD0003214,SELKIRK RLTY: PHARR YARNS SPACE DYE PLNT,MAIN ST,MCADENVILLE,GASTON,35.260232,-81.076601,ON SCREEN PLACEMENT ON GEOREFERENCED MAP,GOOGLE MAPS,FALSE,TRUE,https://edocs.deq.nc.gov/WasteManagement/Search.aspx?dbid=0&searchcommand=%7B%5BWM%5D:%5BProgram_ID%5D%20%3D%20%22*NONCD0003212*%22%7D,7/2/2026 12:00:00 AM,-81.076601,35.260232
50190,NONCD0003215,D&H DEHAII PROPERTY,1155 ENTERPRISE BLVD,KINSTON,LENOIR,35.266469,-77.66922,ON SCREEN PLACEMENT ON GEOREFERENCED MAP,GOOGLE MAPS,FALSE,FALSE,https://edocs.deq.nc.gov/WasteManagement/Search.aspx?dbid=0&searchcommand=%7B%5BWM%5D:%5BProgram_ID%5D%20%3D%20%22*NONCD0003214*%22%7D,7/2/2026 12:00:00 AM,-77.6692199999999,35.266469
50191,NONCD0003216,"SODA POP CENTER, LLC",5 N 12TH ST,WILMINGTON,NEW HANOVER,34.237226,-77.934527,ON SCREEN PLACEMENT ON GEOREFERENCED MAP,GOOGLE MAPS,FALSE,FALSE,https://edocs.deq.nc.gov/WasteManagement/Search.aspx?dbid=0&searchcommand=%7B%5BWM%5D:%5BProgram_ID%5D%20%3D%20%22*NONCD0003215*%22%7D,7/2/2026 12:00:00 AM,-77.9345269999999,34.2372260000001
50192,NONCD0003217,POLK STREET CONTAMINATION,"311, 313, & 315 N POLK ST",PINEVILLE,MECKLENBURG,35.08738,-80.88818,ON SCREEN PLACEMENT ON GEOREFERENCED MAP,ACMEMAPPER,FALSE,FALSE,https://edocs.deq.nc.gov/WasteManagement/Search.aspx?dbid=0&searchcommand=%7B%5BWM%5D:%5BProgram_ID%5D%20%3D%20%22*NONCD0003216*%22%7D,7/2/2026 12:00:00 AM,-80.88818,35.0873800000001
50193,NONCD0003218,GREENSBORO AIRPORT VICINITY PFAS,803 N TERMINAL SERVICE RD,GREENSBORO,GUILFORD,36.10789,-79.93146,ON SCREEN PLACEMENT ON GEOREFERENCED MAP,GOOGLE MAPS,FALSE,FALSE,https://edocs.deq.nc.gov/WasteManagement/Search.aspx?dbid=0&searchcommand=%7B%5BWM%5D:%5BProgram_ID%5D%20%3D%20%22*NONCD0003217*%22%7D,7/2/2026 12:00:00 AM,-79.93146,36.1078900000001
50194,NONCD0003219,SAWYER ROAD STOCKPILES - A,1451 SAWYER RD,RALEIGH,WAKE,35.760871,-78.62947,ON SCREEN PLACEMENT ON GEOREFERENCED MAP,ESRI AGOL BASE MAP,FALSE,FALSE,https://edocs.deq.nc.gov/WasteManagement/Search.aspx?dbid=0&searchcommand=%7B%5BWM%5D:%5BProgram_ID%5D%20%3D%20%22*NONCD0003218*%22%7D,7/2/2026 12:00:00 AM,-78.62947,35.7608710000001
50195,NONCD0003221,GUC OPERATIONS CENTER,801 MUMFORD RD,GREENVILLE,PITT,35.6300032,-77.363274,ON SCREEN PLACEMENT ON GEOREFERENCED MAP,ACMEMAPPER,FALSE,TRUE,https://edocs.deq.nc.gov/WasteManagement/Search.aspx?dbid=0&searchcommand=%7B%5BWM%5D:%5BProgram_ID%5D%20%3D%20%22*NONCD0003219*%22%7D,7/2/2026 12:00:00 AM,-77.363274,35.6300032
50196,NONCD0003222,W CUMBERLAND ST PCE,1206 WEST CUMBERLAND ST,DUNN,HARNETT,35.314283,-78.622322,ON SCREEN PLACEMENT ON GEOREFERENCED MAP,ACMEMAPPER,FALSE,FALSE,https://edocs.deq.nc.gov/WasteManagement/Search.aspx?dbid=0&searchcommand=%7B%5BWM%5D:%5BProgram_ID%5D%20%3D%20%22*NONCD0003221*%22%7D,7/2/2026 12:00:00 AM,-78.6223219999999,35.314283
50197,NONCD0003223,WEAVER FERTILIZER WINSTON-SALEM,4440 N CHERRY ST,WINSTON-SALEM,FORSYTH,36.149726,-80.26417,ON SCREEN PLACEMENT ON GEOREFERENCED MAP,ACMEMAPPER,FALSE,TRUE,https://edocs.deq.nc.gov/WasteManagement/Search.aspx?dbid=0&searchcommand=%7B%5BWM%5D:%5BProgram_ID%5D%20%3D%20%22*NONCD0003222*%22%7D,7/2/2026 12:00:00 AM,-80.26417,36.149726
50198,NONCD0003224,"CAROLINA HOSIERY MILLS, INC",220 ELMIRA ST,BURLINGTON,ALAMANCE,36.103202,-79.44522,ON SCREEN PLACEMENT ON GEOREFERENCED MAP,GOOGLE MAPS,FALSE,FALSE,https://edocs.deq.nc.gov/WasteManagement/Search.aspx?dbid=0&searchcommand=%7B%5BWM%5D:%5BProgram_ID%5D%20%3D%20%22*NONCD0003223*%22%7D,7/2/2026 12:00:00 AM,-79.4452199999999,36.1032020000001
50199,NONCD0003226,SAWYER ROAD STOCKPILES - B,1421 SAWYER RD,RALEIGH,WAKE,35.762218,-78.629682,ON SCREEN PLACEMENT ON GEOREFERENCED MAP,ESRI AGOL BASE MAP,FALSE,FALSE,https://edocs.deq.nc.gov/WasteManagement/Search.aspx?dbid=0&searchcommand=%7B%5BWM%5D:%5BProgram_ID%5D%20%3D%20%22*NONCD0003224*%22%7D,7/2/2026 12:00:00 AM,-78.6296819999999,35.7622180000001
50200,NONCD0003227,TRIANGLE CHEMICAL COMPANY,WASHINGTON ST & DIXIE DR,WILLIAMSTON,MARTIN,35.852561,-77.055775,ON SCREEN PLACEMENT ON GEOREFERENCED MAP,GOOGLE MAPS,FALSE,FALSE,https://edocs.deq.nc.gov/WasteManagement/Search.aspx?dbid=0&searchcommand=%7B%5BWM%5D:%5BProgram_ID%5D%20%3D%20%22*NONCD0003226*%22%7D,7/2/2026 12:00:00 AM,-77.055775,35.852561
50201,NONCD0003229,NC-43 & CRESTVILLE BLVD PCE-TCE,502 SW GREENVILLE BLVD,GREENVILLE,PITT,35.57378,-77.39442,ON SCREEN PLACEMENT ON GEOREFERENCED MAP,ACMEMAPPER,FALSE,FALSE,https://edocs.deq.nc.gov/WasteManagement/Search.aspx?dbid=0&searchcommand=%7B%5BWM%5D:%5BProgram_ID%5D%20%3D%20%22*NONCD0003227*%22%7D,7/2/2026 12:00:00 AM,-77.39442,35.5737800000001
50202,NONCD0003232,GURLEY MILL PRINCETON,120 S PINE ST,PRINCETON,JOHNSTON,35.465526,-78.161242,ON SCREEN PLACEMENT ON GEOREFERENCED MAP,ESRI AGOL BASE MAP,FALSE,FALSE,https://edocs.deq.nc.gov/WasteManagement/Search.aspx?dbid=0&searchcommand=%7B%5BWM%5D:%5BProgram_ID%5D%20%3D%20%22*NONCD0003229*%22%7D,7/2/2026 12:00:00 AM,-78.161242,35.4655260000001
50203,NONCD0003233,NORTHWEST BLVD WASTE OIL TANK,727 W NORTHWEST BLVD,WINSTON-SALEM,FORSYTH,36.106043,-80.254073,ON SCREEN PLACEMENT ON GEOREFERENCED MAP,ESRI AGOL BASE MAP,TRUE,FALSE,https://edocs.deq.nc.gov/WasteManagement/Search.aspx?dbid=0&searchcommand=%7B%5BWM%5D:%5BProgram_ID%5D%20%3D%20%22*NONCD0003232*%22%7D,7/2/2026 12:00:00 AM,-80.2540729999999,36.1060430000001
50204,NONCD0003235,WEAVER FERTILIZER BROWNSBORO ROAD,4020 BROWNSBORO RD,WINSTON-SALEM,FORSYTH,36.14473,-80.26687,ON SCREEN PLACEMENT ON GEOREFERENCED MAP,ACMEMAPPER,FALSE,FALSE,https://edocs.deq.nc.gov/WasteManagement/Search.aspx?dbid=0&searchcommand=%7B%5BWM%5D:%5BProgram_ID%5D%20%3D%20%22*NONCD0003233*%22%7D,7/2/2026 12:00:00 AM,-80.26687,36.14473
50205,NONCD0003236,SPEEDWAY 6986,3912 WESTERN BLVD,RALEIGH,WAKE,35.784825,-78.691337,ON SCREEN PLACEMENT ON GEOREFERENCED MAP,GOOGLE MAPS,FALSE,FALSE,https://edocs.deq.nc.gov/WasteManagement/Search.aspx?dbid=0&searchcommand=%7B%5BWM%5D:%5BProgram_ID%5D%20%3D%20%22*NONCD0003235*%22%7D,7/2/2026 12:00:00 AM,-78.691337,35.7848250000001
50206,NONCD0003237,GOLDSBORO BULK PLANT,610 N JAMES ST,GOLDSBORO,WAYNE,35.390745,-77.9950121,ON SCREEN PLACEMENT ON GEOREFERENCED MAP,GOOGLE MAPS,FALSE,FALSE,https://edocs.deq.nc.gov/WasteManagement/Search.aspx?dbid=0&searchcommand=%7B%5BWM%5D:%5BProgram_ID%5D%20%3D%20%22*NONCD0003236*%22%7D,7/2/2026 12:00:00 AM,-77.9950120999999,35.390745
50207,NONCD0003238,STEELE COTTON MILL,1201 STEEL ST,LENOIR,CALDWELL,35.91015,-81.546146,ON SCREEN PLACEMENT ON GEOREFERENCED MAP,ESRI AGOL BASE MAP,FALSE,FALSE,https://edocs.deq.nc.gov/WasteManagement/Search.aspx?dbid=0&searchcommand=%7B%5BWM%5D:%5BProgram_ID%5D%20%3D%20%22*NONCD0003237*%22%7D,7/2/2026 12:00:00 AM,-81.546146,35.91015
50208,NONCD0003239,CAROLINA CIVIC CENTER LUMBERTON,315 N CHESTNUT ST,LUMBERTON,ROBESON,34.619116,-79.007958,ON SCREEN PLACEMENT ON GEOREFERENCED MAP,ESRI AGOL BASE MAP,FALSE,FALSE,https://edocs.deq.nc.gov/WasteManagement/Search.aspx?dbid=0&searchcommand=%7B%5BWM%5D:%5BProgram_ID%5D%20%3D%20%22*NONCD0003238*%22%7D,7/2/2026 12:00:00 AM,-79.007958,34.6191160000001
50209,NONCD0003244,BLUE BELL MILL,1241 COLLEGE AVE SW,LENOIR,CALDWELL,35.908337,-81.545101,ON SCREEN PLACEMENT ON GEOREFERENCED MAP,ESRI AGOL BASE MAP,FALSE,FALSE,https://edocs.deq.nc.gov/WasteManagement/Search.aspx?dbid=0&searchcommand=%7B%5BWM%5D:%5BProgram_ID%5D%20%3D%20%22*NONCD0003239*%22%7D,7/2/2026 12:00:00 AM,-81.545101,35.9083370000001
50210,NONCD0003245,WEBBER AUTOMOTIVE,10624 OLD US HWY 52,WINSTON-SALEM,DAVIDSON,35.96221,-80.2198,ON SCREEN PLACEMENT ON GEOREFERENCED MAP,ACMEMAPPER,FALSE,FALSE,https://edocs.deq.nc.gov/WasteManagement/Search.aspx?dbid=0&searchcommand=%7B%5BWM%5D:%5BProgram_ID%5D%20%3D%20%22*NONCD0003244*%22%7D,7/2/2026 12:00:00 AM,-80.2198,35.96221
50211,NONCD0003246,SOUTHBANK BUILDING,400 WEST MAIN ST,DURHAM,DURHAM,35.99762,-78.90441,ON SCREEN PLACEMENT ON GEOREFERENCED MAP,ACMEMAPPER,FALSE,FALSE,https://edocs.deq.nc.gov/WasteManagement/Search.aspx?dbid=0&searchcommand=%7B%5BWM%5D:%5BProgram_ID%5D%20%3D%20%22*NONCD0003245*%22%7D,7/2/2026 12:00:00 AM,-78.90441,35.99762
50212,NONCD0003248,CLEVELAND MILLS,101 W MAIN ST,LAWNDALE,CLEVELAND,35.41163,-81.562391,ON SCREEN PLACEMENT ON GEOREFERENCED MAP,ESRI AGOL BASE MAP,FALSE,FALSE,https://edocs.deq.nc.gov/WasteManagement/Search.aspx?dbid=0&searchcommand=%7B%5BWM%5D:%5BProgram_ID%5D%20%3D%20%22*NONCD0003246*%22%7D,7/2/2026 12:00:00 AM,-81.5623909999999,35.4116300000001
50213,NONCD0003249,N TRYON STREET VOCS,2231 N TRYON ST,CHARLOTTE,MECKLENBURG,35.245345,-80.819963,ON SCREEN PLACEMENT ON GEOREFERENCED MAP,ESRI AGOL BASE MAP,FALSE,FALSE,https://edocs.deq.nc.gov/WasteManagement/Search.aspx?dbid=0&searchcommand=%7B%5BWM%5D:%5BProgram_ID%5D%20%3D%20%22*NONCD0003248*%22%7D,7/2/2026 12:00:00 AM,-80.819963,35.245345
50214,NONCD0003250,SWEETEN CREEK ROAD VOCS,130 SWEETEN CREEK ROAD,ASHEVILLE,BUNCOMBE,35.5593,-82.5231,ON SCREEN PLACEMENT ON GEOREFERENCED MAP,ESRI AGOL BASE MAP,FALSE,FALSE,https://edocs.deq.nc.gov/WasteManagement/Search.aspx?dbid=0&searchcommand=%7B%5BWM%5D:%5BProgram_ID%5D%20%3D%20%22*NONCD0003249*%22%7D,7/2/2026 12:00:00 AM,-82.5230999999999,35.5593000000001
50215,NONCD0003251,E 2ND AVE PCE,19 E 2ND AVE,LEXINGTON,DAVIDSON,35.82203,-80.25366,ON SCREEN PLACEMENT ON GEOREFERENCED MAP,ACMEMAPPER,FALSE,FALSE,https://edocs.deq.nc.gov/WasteManagement/Search.aspx?dbid=0&searchcommand=%7B%5BWM%5D:%5BProgram_ID%5D%20%3D%20%22*NONCD0003250*%22%7D,7/2/2026 12:00:00 AM,-80.25366,35.82203
50216,NONCD0003253,SKENES AVE PCE,220 SKENES AVE,HENDERSON,VANCE,36.30902,-78.40567,ON SCREEN PLACEMENT ON GEOREFERENCED MAP,ACMEMAPPER,FALSE,FALSE,https://edocs.deq.nc.gov/WasteManagement/Search.aspx?dbid=0&searchcommand=%7B%5BWM%5D:%5BProgram_ID%5D%20%3D%20%22*NONCD0003251*%22%7D,7/2/2026 12:00:00 AM,-78.40567,36.30902
50217,NONCD0003255,FORTRESS WOOD PRODUCTS GSO,1 METALS DR,GREENSBORO,GUILFORD,36.014594,-79.900318,ON SCREEN PLACEMENT ON GEOREFERENCED MAP,ESRI AGOL BASE MAP,FALSE,FALSE,https://edocs.deq.nc.gov/WasteManagement/Search.aspx?dbid=0&searchcommand=%7B%5BWM%5D:%5BProgram_ID%5D%20%3D%20%22*NONCD0003253*%22%7D,7/2/2026 12:00:00 AM,-79.900318,36.014594
50218,NONCD0003256,HERITAGE SQUARE III,606 FAYETTEVILLE RD,DURHAM,DURHAM,35.987877,-78.899948,ON SCREEN PLACEMENT ON GEOREFERENCED MAP,ESRI AGOL BASE MAP,FALSE,FALSE,https://edocs.deq.nc.gov/WasteManagement/Search.aspx?dbid=0&searchcommand=%7B%5BWM%5D:%5BProgram_ID%5D%20%3D%20%22*NONCD0003255*%22%7D,7/2/2026 12:00:00 AM,-78.8999479999999,35.987877
50219,NONCD0003257,ADMIRATION HOSIERY MILLS,4210 YANCEY RD,CHARLOTTE,MECKLENBURG,35.186329,-80.883168,ON SCREEN PLACEMENT ON GEOREFERENCED MAP,ESRI AGOL BASE MAP,FALSE,FALSE,https://edocs.deq.nc.gov/WasteManagement/Search.aspx?dbid=0&searchcommand=%7B%5BWM%5D:%5BProgram_ID%5D%20%3D%20%22*NONCD0003256*%22%7D,7/2/2026 12:00:00 AM,-80.883168,35.1863290000001
50220,NONCD0003258,MYRTLE DESK CO,"GREEN DR, GRIMES AVE, & TAYLOR",HIGH POINT,GUILFORD,35.949698,-80.014222,ON SCREEN PLACEMENT ON GEOREFERENCED MAP,ESRI AGOL BASE MAP,FALSE,FALSE,https://edocs.deq.nc.gov/WasteManagement/Search.aspx?dbid=0&searchcommand=%7B%5BWM%5D:%5BProgram_ID%5D%20%3D%20%22*NONCD0003257*%22%7D,7/2/2026 12:00:00 AM,-80.014222,35.9496980000001
50221,NONCD0003259,SHOP TOWEL RENTALS,216 W 24TH ST,CHARLOTTE,MECKLENBURG,35.245104,-80.823295,ON SCREEN PLACEMENT ON GEOREFERENCED MAP,ESRI AGOL BASE MAP,FALSE,FALSE,https://edocs.deq.nc.gov/WasteManagement/Search.aspx?dbid=0&searchcommand=%7B%5BWM%5D:%5BProgram_ID%5D%20%3D%20%22*NONCD0003258*%22%7D,7/2/2026 12:00:00 AM,-80.823295,35.245104
50222,NONCD0003260,RALEIGH ICE CENTER,912 HODGES ST,RALEIGH,WAKE,35.813883,-78.622991,ON SCREEN PLACEMENT ON GEOREFERENCED MAP,ESRI AGOL BASE MAP,FALSE,FALSE,https://edocs.deq.nc.gov/WasteManagement/Search.aspx?dbid=0&searchcommand=%7B%5BWM%5D:%5BProgram_ID%5D%20%3D%20%22*NONCD0003259*%22%7D,7/2/2026 12:00:00 AM,-78.622991,35.813883
50223,NONCD0003261,SOUTH AND HOLLIS LOSO,SOUTH BLVD & HOLLIS RD,CHARLOTTE,MECKLENBURG,35.193285,-80.872454,ON SCREEN PLACEMENT ON GEOREFERENCED MAP,ESRI AGOL BASE MAP,FALSE,FALSE,https://edocs.deq.nc.gov/WasteManagement/Search.aspx?dbid=0&searchcommand=%7B%5BWM%5D:%5BProgram_ID%5D%20%3D%20%22*NONCD0003260*%22%7D,7/2/2026 12:00:00 AM,-80.8724539999999,35.1932850000001
50224,NONCD0003262,SOUTH GRAHAM TOWER,401 SOUTH GRAHAM ST,CHARLOTTE,MECKLENBURG,35.227825,-80.85024,ON SCREEN PLACEMENT ON GEOREFERENCED MAP,ESRI AGOL BASE MAP,FALSE,FALSE,https://edocs.deq.nc.gov/WasteManagement/Search.aspx?dbid=0&searchcommand=%7B%5BWM%5D:%5BProgram_ID%5D%20%3D%20%22*NONCD0003261*%22%7D,7/2/2026 12:00:00 AM,-80.85024,35.2278250000001
50225,NONCD0003263,SOUTH TRYON COMMERCIAL,2027 S TRYON ST,CHARLOTTE,MECKLENBURG,35.211589,-80.86588,ON SCREEN PLACEMENT ON GEOREFERENCED MAP,ESRI AGOL BASE MAP,FALSE,FALSE,https://edocs.deq.nc.gov/WasteManagement/Search.aspx?dbid=0&searchcommand=%7B%5BWM%5D:%5BProgram_ID%5D%20%3D%20%22*NONCD0003262*%22%7D,7/2/2026 12:00:00 AM,-80.8658799999999,35.2115890000001
50226,NONCD0003264,CRESCENT AVE AND PROVIDENCE ROAD PCE,CRESCENT AVE AND PROVIDENCE RD,CHARLOTTE,MECKLENBURG,35.20401,-80.8245,ON SCREEN PLACEMENT ON GEOREFERENCED MAP,ACMEMAPPER,FALSE,FALSE,https://edocs.deq.nc.gov/WasteManagement/Search.aspx?dbid=0&searchcommand=%7B%5BWM%5D:%5BProgram_ID%5D%20%3D%20%22*NONCD0003263*%22%7D,7/2/2026 12:00:00 AM,-80.8244999999999,35.20401
50227,NONCD0003265,HILLSBOROUGH ST SOLVENTS,5651 HILLSBOROUGH ST,RALEIGH,WAKE,35.786043,-78.72411,ON SCREEN PLACEMENT ON GEOREFERENCED MAP,ESRI AGOL BASE MAP,FALSE,FALSE,https://edocs.deq.nc.gov/WasteManagement/Search.aspx?dbid=0&searchcommand=%7B%5BWM%5D:%5BProgram_ID%5D%20%3D%20%22*NONCD0003264*%22%7D,7/2/2026 12:00:00 AM,-78.7241099999999,35.7860430000001
50228,NONCD0003266,WILLIAMS AND GENTRY PCE,913 W MAIN ST,YADKINVILLE,YADKIN,36.1351,-80.6768,ON SCREEN PLACEMENT ON GEOREFERENCED MAP,ESRI AGOL BASE MAP,FALSE,FALSE,https://edocs.deq.nc.gov/WasteManagement/Search.aspx?dbid=0&searchcommand=%7B%5BWM%5D:%5BProgram_ID%5D%20%3D%20%22*NONCD0003265*%22%7D,7/2/2026 12:00:00 AM,-80.6768,36.1351000000001
50229,NONCD0003269,BAILEYTOWN CHURCH RD AND NC HWY 89 E PCE,BAILEYTOWN CHURCH RD NCHWY89 E,WALNUT COVE,STOKES,36.32046,-80.14228,ON SCREEN PLACEMENT ON GEOREFERENCED MAP,ACMEMAPPER,FALSE,FALSE,https://edocs.deq.nc.gov/WasteManagement/Search.aspx?dbid=0&searchcommand=%7B%5BWM%5D:%5BProgram_ID%5D%20%3D%20%22*NONCD0003266*%22%7D,7/2/2026 12:00:00 AM,-80.14228,36.32046
50230,NONCD0003270,BROWNING TIRE AND AUTO,601 SOUTH 17TH ST,WILMINGTON,NEW HANOVER,34.229299,-77.926467,ON SCREEN PLACEMENT ON GEOREFERENCED MAP,ESRI AGOL BASE MAP,FALSE,FALSE,https://edocs.deq.nc.gov/WasteManagement/Search.aspx?dbid=0&searchcommand=%7B%5BWM%5D:%5BProgram_ID%5D%20%3D%20%22*NONCD0003269*%22%7D,7/2/2026 12:00:00 AM,-77.9264669999999,34.229299
50231,NONCD0003271,ROSE ICE AND COAL,1122 - 1202 MARKET ST,WILMINGTON,NEW HANOVER,34.23617,-77.93415,ON SCREEN PLACEMENT ON GEOREFERENCED MAP,ACMEMAPPER,FALSE,FALSE,https://edocs.deq.nc.gov/WasteManagement/Search.aspx?dbid=0&searchcommand=%7B%5BWM%5D:%5BProgram_ID%5D%20%3D%20%22*NONCD0003270*%22%7D,7/2/2026 12:00:00 AM,-77.93415,34.2361700000001
50232,NONCD0003273,AC DELCO BUILDING,N SPRUCE ST AND W 2ND ST,WINSTON-SALEM,FORSYTH,36.09631,-80.2484,ON SCREEN PLACEMENT ON GEOREFERENCED MAP,ACMEMAPPER,FALSE,FALSE,https://edocs.deq.nc.gov/WasteManagement/Search.aspx?dbid=0&searchcommand=%7B%5BWM%5D:%5BProgram_ID%5D%20%3D%20%22*NONCD0003271*%22%7D,7/2/2026 12:00:00 AM,-80.2483999999999,36.0963100000001
50233,NONCD0003274,SAMS PIT STOP,FRANCIS ST AND WAUGHTOWN ST,WINSTON-SALEM,FORSYTH,36.06938,-80.21929,ON SCREEN PLACEMENT ON GEOREFERENCED MAP,ACMEMAPPER,FALSE,FALSE,https://edocs.deq.nc.gov/WasteManagement/Search.aspx?dbid=0&searchcommand=%7B%5BWM%5D:%5BProgram_ID%5D%20%3D%20%22*NONCD0003273*%22%7D,7/2/2026 12:00:00 AM,-80.2192899999999,36.06938
50234,NONCD0003275,RENTAL UNIFORM SERVICES OF STATESVILLE,1203 NORTH BARKLEY ROAD,STATESVILLE,IREDELL,35.767141,-80.854597,ON SCREEN PLACEMENT ON GEOREFERENCED MAP,ESRI AGOL BASE MAP,FALSE,FALSE,https://edocs.deq.nc.gov/WasteManagement/Search.aspx?dbid=0&searchcommand=%7B%5BWM%5D:%5BProgram_ID%5D%20%3D%20%22*NONCD0003274*%22%7D,7/2/2026 12:00:00 AM,-80.854597,35.767141
50235,NONCD0003276,NISSEN WAGON WORKS,1539 WAUGHTOWN ST,WINSTON-SALEM,FORSYTH,36.06971,-80.20563,ON SCREEN PLACEMENT ON GEOREFERENCED MAP,ACMEMAPPER,FALSE,FALSE,https://edocs.deq.nc.gov/WasteManagement/Search.aspx?dbid=0&searchcommand=%7B%5BWM%5D:%5BProgram_ID%5D%20%3D%20%22*NONCD0003275*%22%7D,7/2/2026 12:00:00 AM,-80.20563,36.06971
50236,NONCD0003277,UNIVERSAL INDUSTRIAL PARK SITE,2411 E MLK JR DR,HIGH POINT,GUILFORD,35.965552,-79.963042,ON SCREEN PLACEMENT ON GEOREFERENCED MAP,GOOGLE MAPS,FALSE,FALSE,https://edocs.deq.nc.gov/WasteManagement/Search.aspx?dbid=0&searchcommand=%7B%5BWM%5D:%5BProgram_ID%5D%20%3D%20%22*NONCD0003276*%22%7D,7/2/2026 12:00:00 AM,-79.963042,35.9655520000001
50237,NONCD0003278,AVONDALE MILLS SANFORD,500 N 7TH ST,SANFORD,LEE,35.489079,-79.165436,ON SCREEN PLACEMENT ON GEOREFERENCED MAP,GOOGLE MAPS,FALSE,FALSE,https://edocs.deq.nc.gov/WasteManagement/Search.aspx?dbid=0&searchcommand=%7B%5BWM%5D:%5BProgram_ID%5D%20%3D%20%22*NONCD0003277*%22%7D,7/2/2026 12:00:00 AM,-79.1654359999999,35.4890790000001
50238,NONCD0003279,NORTH RALEIGH BLVD VOCS,2512 YONKERS RD,RALEIGH,WAKE,35.80871,-78.60079,ON SCREEN PLACEMENT ON GEOREFERENCED MAP,ACMEMAPPER,FALSE,FALSE,https://edocs.deq.nc.gov/WasteManagement/Search.aspx?dbid=0&searchcommand=%7B%5BWM%5D:%5BProgram_ID%5D%20%3D%20%22*NONCD0003278*%22%7D,7/2/2026 12:00:00 AM,-78.60079,35.8087100000001
50239,NONCD0003280,HWY 70 MOREHEAD CITY,5429 HIGHWAY 70 EAST,MOREHEAD CITY,CARTERET,34.74379,-76.8273,ON SCREEN PLACEMENT ON GEOREFERENCED MAP,ACMEMAPPER,FALSE,FALSE,https://edocs.deq.nc.gov/WasteManagement/Search.aspx?dbid=0&searchcommand=%7B%5BWM%5D:%5BProgram_ID%5D%20%3D%20%22*NONCD0003279*%22%7D,7/2/2026 12:00:00 AM,-76.8273,34.74379
50240,NONCD0003281,CAPITAL POWER,1281 POWERHOUSE DR,SOUTHPORT,BRUNSWICK,33.94505,-78.01083,ON SCREEN PLACEMENT ON GEOREFERENCED MAP,ACMEMAPPER,FALSE,TRUE,https://edocs.deq.nc.gov/WasteManagement/Search.aspx?dbid=0&searchcommand=%7B%5BWM%5D:%5BProgram_ID%5D%20%3D%20%22*NONCD0003280*%22%7D,7/2/2026 12:00:00 AM,-78.0108299999999,33.94505
50241,NONCD0003283,S MAIN SALISBURY,S MAIN ST,SALISBURY,ROWAN,35.66309,-80.47549,ON SCREEN PLACEMENT ON GEOREFERENCED MAP,ACMEMAPPER,FALSE,FALSE,https://edocs.deq.nc.gov/WasteManagement/Search.aspx?dbid=0&searchcommand=%7B%5BWM%5D:%5BProgram_ID%5D%20%3D%20%22*NONCD0003281*%22%7D,7/2/2026 12:00:00 AM,-80.47549,35.6630900000001
50242,NONCD0003284,SUNBELT 4500 SITE,HUFFMAN MILL RD AND KERNEY DR.,BURLINGTON,ALAMANCE,36.075172,-79.491339,ON SCREEN PLACEMENT ON GEOREFERENCED MAP,ESRI AGOL BASE MAP,FALSE,FALSE,https://edocs.deq.nc.gov/WasteManagement/Search.aspx?dbid=0&searchcommand=%7B%5BWM%5D:%5BProgram_ID%5D%20%3D%20%22*NONCD0003283*%22%7D,7/2/2026 12:00:00 AM,-79.491339,36.0751720000001
50243,NONCD0003285,CEMEX CONSTRUCTION,3290 AND 3230 N LIBERTY ST,WINSTON-SALEM,FORSYTH,36.130825,-80.232674,ON SCREEN PLACEMENT ON GEOREFERENCED MAP,ESRI AGOL BASE MAP,FALSE,FALSE,https://edocs.deq.nc.gov/WasteManagement/Search.aspx?dbid=0&searchcommand=%7B%5BWM%5D:%5BProgram_ID%5D%20%3D%20%22*NONCD0003284*%22%7D,7/2/2026 12:00:00 AM,-80.232674,36.1308250000001
50244,NONCD0003286,NISBET MARINE MART,1320 AND 1328 S TRYON ST,CHARLOTTE,MECKLENBURG,35.217765,-80.854863,ON SCREEN PLACEMENT ON GEOREFERENCED MAP,ESRI AGOL BASE MAP,FALSE,FALSE,https://edocs.deq.nc.gov/WasteManagement/Search.aspx?dbid=0&searchcommand=%7B%5BWM%5D:%5BProgram_ID%5D%20%3D%20%22*NONCD0003285*%22%7D,7/2/2026 12:00:00 AM,-80.854863,35.217765
50245,NONCD0003287,SOUTH END BUSINESS PARK,CLANTON RD AND S TRYON ST,CHARLOTTE,MECKLENBURG,35.197207,-80.87825,ON SCREEN PLACEMENT ON GEOREFERENCED MAP,ESRI AGOL BASE MAP,FALSE,FALSE,https://edocs.deq.nc.gov/WasteManagement/Search.aspx?dbid=0&searchcommand=%7B%5BWM%5D:%5BProgram_ID%5D%20%3D%20%22*NONCD0003286*%22%7D,7/2/2026 12:00:00 AM,-80.87825,35.197207
50246,NONCD0003288,SERVICEMASTER FOX ASSOCIATES,3638 AND 3642 TRYCLAN DR,CHARLOTTE,MECKLENBURG,35.194684,-80.876851,ON SCREEN PLACEMENT ON GEOREFERENCED MAP,ESRI AGOL BASE MAP,FALSE,FALSE,https://edocs.deq.nc.gov/WasteManagement/Search.aspx?dbid=0&searchcommand=%7B%5BWM%5D:%5BProgram_ID%5D%20%3D%20%22*NONCD0003287*%22%7D,7/2/2026 12:00:00 AM,-80.876851,35.1946840000001
50247,NONCD0003289,TARMAC VIRGINIA,3934 RALEIGH ST,CHARLOTTE,MECKLENBURG,35.251519,-80.7963,ON SCREEN PLACEMENT ON GEOREFERENCED MAP,ESRI AGOL BASE MAP,FALSE,FALSE,https://edocs.deq.nc.gov/WasteManagement/Search.aspx?dbid=0&searchcommand=%7B%5BWM%5D:%5BProgram_ID%5D%20%3D%20%22*NONCD0003288*%22%7D,7/2/2026 12:00:00 AM,-80.7963,35.251519
50248,NONCD0003290,HWY 70 BUSINESS AUTOMOTIVE,7748 US HWY 70 BUS W,CLAYTON,JOHNSTON,35.609453,-78.415661,ON SCREEN PLACEMENT ON GEOREFERENCED MAP,ESRI AGOL BASE MAP,FALSE,FALSE,https://edocs.deq.nc.gov/WasteManagement/Search.aspx?dbid=0&searchcommand=%7B%5BWM%5D:%5BProgram_ID%5D%20%3D%20%22*NONCD0003289*%22%7D,7/2/2026 12:00:00 AM,-78.4156609999999,35.609453
50249,NONCD0003291,ACADEMI TRAINING FACILITY,850 PUDDIN RIDGE RD,MOYOCK,CAMDEN,36.45441,-76.20576,ON SCREEN PLACEMENT ON GEOREFERENCED MAP,ACMEMAPPER,FALSE,FALSE,https://edocs.deq.nc.gov/WasteManagement/Search.aspx?dbid=0&searchcommand=%7B%5BWM%5D:%5BProgram_ID%5D%20%3D%20%22*NONCD0003290*%22%7D,7/2/2026 12:00:00 AM,-76.2057599999999,36.4544100000001
50250,NONCD0003292,NCSU WATER CHILLER RELEASE,20 WATAUGA CLUB DR,RALEIGH,WAKE,34.78548,-78.664013,ON SCREEN PLACEMENT ON GEOREFERENCED MAP,GOOGLE MAPS,FALSE,FALSE,https://edocs.deq.nc.gov/WasteManagement/Search.aspx?dbid=0&searchcommand=%7B%5BWM%5D:%5BProgram_ID%5D%20%3D%20%22*NONCD0003291*%22%7D,7/2/2026 12:00:00 AM,-78.664013,34.7854800000001
50251,NONCD0003294,BYNUM FIRST AND LAST MART,5520 US HWY 15-501 N,PITTSBORO,CHATHAM,35.78173,-79.130722,ON SCREEN PLACEMENT ON GEOREFERENCED MAP,ESRI AGOL BASE MAP,FALSE,FALSE,https://edocs.deq.nc.gov/WasteManagement/Search.aspx?dbid=0&searchcommand=%7B%5BWM%5D:%5BProgram_ID%5D%20%3D%20%22*NONCD0003292*%22%7D,7/2/2026 12:00:00 AM,-79.1307219999999,35.78173
50252,NONCD0003296,EAST CHURCH ST CONTAMINATION,EAST CHURCH ST,LAURINBURG,SCOTLAND,34.767006,-79.434975,ON SCREEN PLACEMENT ON GEOREFERENCED MAP,GOOGLE MAPS,FALSE,FALSE,https://edocs.deq.nc.gov/WasteManagement/Search.aspx?dbid=0&searchcommand=%7B%5BWM%5D:%5BProgram_ID%5D%20%3D%20%22*NONCD0003294*%22%7D,7/2/2026 12:00:00 AM,-79.434975,34.767006
50253,NONCD0003297,GIGI HOLDINGS LLC,905 W 5TH ST,WASHINGTON,BEAUFORT,35.551891,-77.064297,ON SCREEN PLACEMENT ON GEOREFERENCED MAP,GOOGLE MAPS,FALSE,FALSE,https://edocs.deq.nc.gov/WasteManagement/Search.aspx?dbid=0&searchcommand=%7B%5BWM%5D:%5BProgram_ID%5D%20%3D%20%22*NONCD0003296*%22%7D,7/2/2026 12:00:00 AM,-77.064297,35.5518910000001
50254,NONCD0003298,OLD US HWY 1 BROMOFORM,1010 OLD US HWY 1,SOUTHERN PINES,MOORE,35.167101,-79.404007,ON SCREEN PLACEMENT ON GEOREFERENCED MAP,ESRI AGOL BASE MAP,FALSE,FALSE,https://edocs.deq.nc.gov/WasteManagement/Search.aspx?dbid=0&searchcommand=%7B%5BWM%5D:%5BProgram_ID%5D%20%3D%20%22*NONCD0003297*%22%7D,7/2/2026 12:00:00 AM,-79.404007,35.1671010000001
50255,NONCD0003299,BUD MORRIS RD,7648 BUD MORRIS RD,WAKE FOREST,WAKE,35.99803,-78.61068,ON SCREEN PLACEMENT ON GEOREFERENCED MAP,ACMEMAPPER,FALSE,FALSE,https://edocs.deq.nc.gov/WasteManagement/Search.aspx?dbid=0&searchcommand=%7B%5BWM%5D:%5BProgram_ID%5D%20%3D%20%22*NONCD0003298*%22%7D,7/2/2026 12:00:00 AM,-78.6106799999999,35.99803
50256,NONCD0003300,N CHERRY ST AND INDIANA AVE PCE,N CHERRY ST AND INDIANA AVE,WINSTON-SALEM,FORSYTH,36.152,-80.26471,ON SCREEN PLACEMENT ON GEOREFERENCED MAP,ACMEMAPPER,FALSE,FALSE,https://edocs.deq.nc.gov/WasteManagement/Search.aspx?dbid=0&searchcommand=%7B%5BWM%5D:%5BProgram_ID%5D%20%3D%20%22*NONCD0003299*%22%7D,7/2/2026 12:00:00 AM,-80.26471,36.152
50257,NONCD0003301,GEMSEAL PAVEMENT PRODUCTS,139 S WALNUT CIRCLE,GREENSBORO,GUILFORD,36.06616,-79.880889,ON SCREEN PLACEMENT ON GEOREFERENCED MAP,ACMEMAPPER,FALSE,FALSE,https://edocs.deq.nc.gov/WasteManagement/Search.aspx?dbid=0&searchcommand=%7B%5BWM%5D:%5BProgram_ID%5D%20%3D%20%22*NONCD0003300*%22%7D,7/2/2026 12:00:00 AM,-79.880889,36.06616
50258,NONCD0003302,SPEED WASH,1805 E GREEN DR,HIGH POINT,GUILFORD,35.95344,-79.98409,ON SCREEN PLACEMENT ON GEOREFERENCED MAP,ACMEMAPPER,FALSE,FALSE,https://edocs.deq.nc.gov/WasteManagement/Search.aspx?dbid=0&searchcommand=%7B%5BWM%5D:%5BProgram_ID%5D%20%3D%20%22*NONCD0003301*%22%7D,7/2/2026 12:00:00 AM,-79.98409,35.9534400000001
50259,NONCD0003303,N CALDWELL STREET PCE,N CALDWELL ST,BREVARD,TRANSYLVANIA,35.2376,-82.73244,ON SCREEN PLACEMENT ON GEOREFERENCED MAP,ACMEMAPPER,FALSE,FALSE,https://edocs.deq.nc.gov/WasteManagement/Search.aspx?dbid=0&searchcommand=%7B%5BWM%5D:%5BProgram_ID%5D%20%3D%20%22*NONCD0003302*%22%7D,7/2/2026 12:00:00 AM,-82.7324399999999,35.2376
50260,NONCD0003304,ALS CLEANERS,270 SOUTH STRATFORD ROAD,WINSTON-SALEM,FORSYTH,36.09266,-80.28252,ON SCREEN PLACEMENT ON GEOREFERENCED MAP,ESRI AGOL BASE MAP,FALSE,FALSE,https://edocs.deq.nc.gov/WasteManagement/Search.aspx?dbid=0&searchcommand=%7B%5BWM%5D:%5BProgram_ID%5D%20%3D%20%22*NONCD0003303*%22%7D,7/2/2026 12:00:00 AM,-80.28252,36.0926600000001
50261,NONCD0003305,USCT LLC,212 W HANOVER RD,GRAHAM,ALAMANCE,36.084063,-79.403862,ON SCREEN PLACEMENT ON GEOREFERENCED MAP,GOOGLE MAPS,FALSE,FALSE,https://edocs.deq.nc.gov/WasteManagement/Search.aspx?dbid=0&searchcommand=%7B%5BWM%5D:%5BProgram_ID%5D%20%3D%20%22*NONCD0003304*%22%7D,7/2/2026 12:00:00 AM,-79.4038619999999,36.0840630000001
50262,NONCD0003306,"CULP, INC.",1150 SILVER CT,HIGH POINT,GUILFORD,35.92515,-80.00263,ON SCREEN PLACEMENT ON GEOREFERENCED MAP,ACMEMAPPER,FALSE,FALSE,https://edocs.deq.nc.gov/WasteManagement/Search.aspx?dbid=0&searchcommand=%7B%5BWM%5D:%5BProgram_ID%5D%20%3D%20%22*NONCD0003305*%22%7D,7/2/2026 12:00:00 AM,-80.00263,35.92515
50263,NONCD0003307,BUNKER RD,2835 HARVEY POINT RD,HERTFORD,PERQUIMANS,36.09869,-76.33737,ON SCREEN PLACEMENT ON GEOREFERENCED MAP,ACMEMAPPER,FALSE,FALSE,https://edocs.deq.nc.gov/WasteManagement/Search.aspx?dbid=0&searchcommand=%7B%5BWM%5D:%5BProgram_ID%5D%20%3D%20%22*NONCD0003306*%22%7D,7/2/2026 12:00:00 AM,-76.33737,36.09869
50264,NONCD0003308,KIDDE FENWAL PFAS,5036 ONE WORLD WAY,WAKE FOREST,WAKE,35.923143,-78.535709,ON SCREEN PLACEMENT ON GEOREFERENCED MAP,ESRI AGOL BASE MAP,FALSE,FALSE,https://edocs.deq.nc.gov/WasteManagement/Search.aspx?dbid=0&searchcommand=%7B%5BWM%5D:%5BProgram_ID%5D%20%3D%20%22*NONCD0003307*%22%7D,7/2/2026 12:00:00 AM,-78.5357089999999,35.923143
50265,NONCD0003309,CHAPEL HILL COMMUNITY CENTER PARK,120 SOUTH ESTES DR,CHAPEL HILL,ORANGE,35.92594141,-79.03283081,ON SCREEN PLACEMENT ON GEOREFERENCED MAP,ESRI AGOL BASE MAP,FALSE,FALSE,https://edocs.deq.nc.gov/WasteManagement/Search.aspx?dbid=0&searchcommand=%7B%5BWM%5D:%5BProgram_ID%5D%20%3D%20%22*NONCD0003308*%22%7D,7/2/2026 12:00:00 AM,-79.03283081,35.9259414100001
50266,NONCD0003310,PINEVILLE RD TCE IN GROUNDWATER,6000 OLD PINEVILLE RD,CHARLOTTE,MECKLENBURG,35.159044,-80.880171,ON SCREEN PLACEMENT ON GEOREFERENCED MAP,ESRI AGOL BASE MAP,FALSE,FALSE,https://edocs.deq.nc.gov/WasteManagement/Search.aspx?dbid=0&searchcommand=%7B%5BWM%5D:%5BProgram_ID%5D%20%3D%20%22*NONCD0003309*%22%7D,7/2/2026 12:00:00 AM,-80.880171,35.1590440000001
50267,NONCD0003311,VIRGINIA MILLS,2703 DARRELL NEWTON DR,GRAHAM,ALAMANCE,36.023141,-79.364165,ON SCREEN PLACEMENT ON GEOREFERENCED MAP,ESRI AGOL BASE MAP,FALSE,FALSE,https://edocs.deq.nc.gov/WasteManagement/Search.aspx?dbid=0&searchcommand=%7B%5BWM%5D:%5BProgram_ID%5D%20%3D%20%22*NONCD0003310*%22%7D,7/2/2026 12:00:00 AM,-79.364165,36.0231410000001
50268,NONCD0003312,THE MADISON,"603, 605, 607, 609 GLENWOOD AV",RALEIGH,WAKE,35.788049,-78.647928,ON SCREEN PLACEMENT ON GEOREFERENCED MAP,ESRI AGOL BASE MAP,FALSE,FALSE,https://edocs.deq.nc.gov/WasteManagement/Search.aspx?dbid=0&searchcommand=%7B%5BWM%5D:%5BProgram_ID%5D%20%3D%20%22*NONCD0003311*%22%7D,7/2/2026 12:00:00 AM,-78.647928,35.7880490000001
50269,NONCD0003314,DEPOT ST PCE IN GROUNDWATER,59 DEPOT ST,WAYNESVILLE,HAYWOOD,35.492355,-82.988155,ON SCREEN PLACEMENT ON GEOREFERENCED MAP,ESRI AGOL BASE MAP,FALSE,FALSE,https://edocs.deq.nc.gov/WasteManagement/Search.aspx?dbid=0&searchcommand=%7B%5BWM%5D:%5BProgram_ID%5D%20%3D%20%22*NONCD0003312*%22%7D,7/2/2026 12:00:00 AM,-82.9881549999999,35.492355
50270,NONCD0003315,WORTHVILLE MILL,216 RUSSELL WALKER AVE,RANDLEMAN,RANDOLPH,35.801437,-79.777471,ON SCREEN PLACEMENT ON GEOREFERENCED MAP,ESRI AGOL BASE MAP,FALSE,FALSE,https://edocs.deq.nc.gov/WasteManagement/Search.aspx?dbid=0&searchcommand=%7B%5BWM%5D:%5BProgram_ID%5D%20%3D%20%22*NONCD0003314*%22%7D,7/2/2026 12:00:00 AM,-79.7774709999999,35.8014370000001
50271,NONCD0003316,HD SUPPLY,1414  SOUTH TRYON ST,CHARLOTTE,MECKLENBURG,35.217203,-80.855771,ON SCREEN PLACEMENT ON GEOREFERENCED MAP,ESRI AGOL BASE MAP,FALSE,FALSE,https://edocs.deq.nc.gov/WasteManagement/Search.aspx?dbid=0&searchcommand=%7B%5BWM%5D:%5BProgram_ID%5D%20%3D%20%22*NONCD0003315*%22%7D,7/2/2026 12:00:00 AM,-80.8557709999999,35.217203
50272,NONCD0003317,IDEAL TOOL & DIE,3021 BANK ST,CHARLOTTE,MECKLENBURG,35.201321,-80.875304,ON SCREEN PLACEMENT ON GEOREFERENCED MAP,ESRI AGOL BASE MAP,FALSE,FALSE,https://edocs.deq.nc.gov/WasteManagement/Search.aspx?dbid=0&searchcommand=%7B%5BWM%5D:%5BProgram_ID%5D%20%3D%20%22*NONCD0003316*%22%7D,7/2/2026 12:00:00 AM,-80.875304,35.2013210000001
50273,NONCD0003318,EAST 7TH STREET SOLVENTS,965 E 7TH ST,CHARLOTTE,MECKLENBURG,35.22216,-80.83092,ON SCREEN PLACEMENT ON GEOREFERENCED MAP,ESRI AGOL BASE MAP,FALSE,FALSE,https://edocs.deq.nc.gov/WasteManagement/Search.aspx?dbid=0&searchcommand=%7B%5BWM%5D:%5BProgram_ID%5D%20%3D%20%22*NONCD0003317*%22%7D,7/2/2026 12:00:00 AM,-80.8309199999999,35.22216
50274,NONCD0003319,HARDY GULF,484 CARTHAGE ST,CAMERON,MOORE,35.326611,-79.254931,ON SCREEN PLACEMENT ON GEOREFERENCED MAP,GOOGLE MAPS,FALSE,FALSE,https://edocs.deq.nc.gov/WasteManagement/Search.aspx?dbid=0&searchcommand=%7B%5BWM%5D:%5BProgram_ID%5D%20%3D%20%22*NONCD0003318*%22%7D,7/2/2026 12:00:00 AM,-79.2549309999999,35.3266110000001
50275,NONCD0003320,TROLLEY AND BUS YARD,920 ORANGE ST,WILMINGTON,NEW HANOVER,34.23315,-77.93703,ON SCREEN PLACEMENT ON GEOREFERENCED MAP,ACMEMAPPER,FALSE,FALSE,https://edocs.deq.nc.gov/WasteManagement/Search.aspx?dbid=0&searchcommand=%7B%5BWM%5D:%5BProgram_ID%5D%20%3D%20%22*NONCD0003319*%22%7D,7/2/2026 12:00:00 AM,-77.9370299999999,34.2331500000001
50276,NONCD0003322,COASTAL CLEANERS,100 WESTERN BLVD,JACKSONVILLE,ONSLOW,34.74527,-77.37758,ON SCREEN PLACEMENT ON GEOREFERENCED MAP,ACMEMAPPER,FALSE,FALSE,https://edocs.deq.nc.gov/WasteManagement/Search.aspx?dbid=0&searchcommand=%7B%5BWM%5D:%5BProgram_ID%5D%20%3D%20%22*NONCD0003320*%22%7D,7/2/2026 12:00:00 AM,-77.37758,34.7452700000001
50277,NONCD0003323,BP FOOD SHOP,924 E HARDEN ST,GRAHAM,ALAMANCE,36.06116,-79.38056,ON SCREEN PLACEMENT ON GEOREFERENCED MAP,ACMEMAPPER,FALSE,FALSE,https://edocs.deq.nc.gov/WasteManagement/Search.aspx?dbid=0&searchcommand=%7B%5BWM%5D:%5BProgram_ID%5D%20%3D%20%22*NONCD0003322*%22%7D,7/2/2026 12:00:00 AM,-79.3805599999999,36.06116
50278,NONCD0003324,CORBIN ST PCE JACKSONVILLE,501 CORBIN ST,JACKSONVILLE,ONSLOW,34.741763,-77.362901,ON SCREEN PLACEMENT ON GEOREFERENCED MAP,GOOGLE MAPS,FALSE,FALSE,https://edocs.deq.nc.gov/WasteManagement/Search.aspx?dbid=0&searchcommand=%7B%5BWM%5D:%5BProgram_ID%5D%20%3D%20%22*NONCD0003323*%22%7D,7/2/2026 12:00:00 AM,-77.362901,34.741763
50279,NONCD0003325,BENTLEY BEATTIES FORD,10725 & 10719 BEATTIES FORD RD,HUNTERSVILLE,MECKLENBURG,35.36833,-80.90217,ON SCREEN PLACEMENT ON GEOREFERENCED MAP,ACMEMAPPER,FALSE,FALSE,https://edocs.deq.nc.gov/WasteManagement/Search.aspx?dbid=0&searchcommand=%7B%5BWM%5D:%5BProgram_ID%5D%20%3D%20%22*NONCD0003324*%22%7D,7/2/2026 12:00:00 AM,-80.90217,35.3683300000001
50280,NONCD0003326,SOUTHERN PAINT & WATERPROOFING COMPANY,"3300, 3302, 3306 LIBERTY RD",GREENSBORO,GUILFORD,36.023865,-79.764087,ON SCREEN PLACEMENT ON GEOREFERENCED MAP,GOOGLE MAPS,FALSE,FALSE,https://edocs.deq.nc.gov/WasteManagement/Search.aspx?dbid=0&searchcommand=%7B%5BWM%5D:%5BProgram_ID%5D%20%3D%20%22*NONCD0003325*%22%7D,7/2/2026 12:00:00 AM,-79.764087,36.0238650000001
50281,NONCD0003327,UNIVERSITY PARKWAY BLOCK SOLVENT RELEASE,2710-2700 UNIVERSITY PARKWAY,WINSTON-SALEM,FORSYTH,36.12505,-80.25906,ON SCREEN PLACEMENT ON GEOREFERENCED MAP,ACMEMAPPER,FALSE,FALSE,https://edocs.deq.nc.gov/WasteManagement/Search.aspx?dbid=0&searchcommand=%7B%5BWM%5D:%5BProgram_ID%5D%20%3D%20%22*NONCD0003326*%22%7D,7/2/2026 12:00:00 AM,-80.25906,36.12505
50282,NONCD0003328,MINT HILL SPECIALTY PRINTING,1737 UNIVERSITY COMMERCIAL PL,CHARLOTTE,MECKLENBURG,35.2653,-80.74474,ON SCREEN PLACEMENT ON GEOREFERENCED MAP,ACMEMAPPER,FALSE,FALSE,https://edocs.deq.nc.gov/WasteManagement/Search.aspx?dbid=0&searchcommand=%7B%5BWM%5D:%5BProgram_ID%5D%20%3D%20%22*NONCD0003327*%22%7D,7/2/2026 12:00:00 AM,-80.74474,35.2653
50283,NONCD0003329,VCP WAKE FOREST LLC,KEARNEY & WAKE UNION CHURCH RD,WAKE FOREST,WAKE,35.982967,-78.54112,ON SCREEN PLACEMENT ON GEOREFERENCED MAP,GOOGLE MAPS,FALSE,FALSE,https://edocs.deq.nc.gov/WasteManagement/Search.aspx?dbid=0&searchcommand=%7B%5BWM%5D:%5BProgram_ID%5D%20%3D%20%22*NONCD0003328*%22%7D,7/2/2026 12:00:00 AM,-78.54112,35.982967
50284,NONCD0003330,WEST AVE PCE,WEST AVENUE,KANNAPOLIS,CABARRUS,35.497754,-80.625158,ON SCREEN PLACEMENT ON GEOREFERENCED MAP,GOOGLE MAPS,FALSE,FALSE,https://edocs.deq.nc.gov/WasteManagement/Search.aspx?dbid=0&searchcommand=%7B%5BWM%5D:%5BProgram_ID%5D%20%3D%20%22*NONCD0003329*%22%7D,7/2/2026 12:00:00 AM,-80.6251579999999,35.497754
50285,NONCD0003331,WEBBS CLEANERS,2808 HILLSBOROUGH ST,RALEIGH,WAKE,35.78942,-78.6744,ON SCREEN PLACEMENT ON GEOREFERENCED MAP,ACMEMAPPER,FALSE,FALSE,https://edocs.deq.nc.gov/WasteManagement/Search.aspx?dbid=0&searchcommand=%7B%5BWM%5D:%5BProgram_ID%5D%20%3D%20%22*NONCD0003330*%22%7D,7/2/2026 12:00:00 AM,-78.6743999999999,35.7894200000001
50286,NONCD0003332,SHOPTON ROAD SITE,4401 SHOPTON ROAD,CHARLOTTE,MECKLENBURG,35.17041,-80.95597,ON SCREEN PLACEMENT ON GEOREFERENCED MAP,ESRI AGOL BASE MAP,FALSE,FALSE,https://edocs.deq.nc.gov/WasteManagement/Search.aspx?dbid=0&searchcommand=%7B%5BWM%5D:%5BProgram_ID%5D%20%3D%20%22*NONCD0003331*%22%7D,7/2/2026 12:00:00 AM,-80.95597,35.1704100000001
50287,NONCD0003334,CONCEPT PLASTICS,1200 HICKORY CHAPEL RD,HIGH POINT,GUILFORD,35.95302,-79.969054,ON SCREEN PLACEMENT ON GEOREFERENCED MAP,ESRI AGOL BASE MAP,FALSE,FALSE,https://edocs.deq.nc.gov/WasteManagement/Search.aspx?dbid=0&searchcommand=%7B%5BWM%5D:%5BProgram_ID%5D%20%3D%20%22*NONCD0003332*%22%7D,7/2/2026 12:00:00 AM,-79.969054,35.95302
50288,NONCD0003335,SOUTH CHURCH STREET,2090 SOUTH CHURCH ST,BURLINGTON,ALAMANCE,36.0819,-79.46808,ON SCREEN PLACEMENT ON GEOREFERENCED MAP,ACMEMAPPER,FALSE,FALSE,https://edocs.deq.nc.gov/WasteManagement/Search.aspx?dbid=0&searchcommand=%7B%5BWM%5D:%5BProgram_ID%5D%20%3D%20%22*NONCD0003334*%22%7D,7/2/2026 12:00:00 AM,-79.46808,36.0819000000001
50289,NONCD0003339,KILROYS SERVICE STATION,1892 CHARLOTTE HIGHWAY,MOORESVILLE,IREDELL,35.628981,-80.824492,ON SCREEN PLACEMENT ON GEOREFERENCED MAP,ESRI AGOL BASE MAP,FALSE,FALSE,https://edocs.deq.nc.gov/WasteManagement/Search.aspx?dbid=0&searchcommand=%7B%5BWM%5D:%5BProgram_ID%5D%20%3D%20%22*NONCD0003335*%22%7D,7/2/2026 12:00:00 AM,-80.824492,35.6289810000001
50290,NONCD0003340,COMMERCIAL VEHICLE GROUP,629 S BATTLEGROUND AVE,GROVER,CLEVELAND,35.17689,-81.43428,ON SCREEN PLACEMENT ON GEOREFERENCED MAP,ACMEMAPPER,FALSE,FALSE,https://edocs.deq.nc.gov/WasteManagement/Search.aspx?dbid=0&searchcommand=%7B%5BWM%5D:%5BProgram_ID%5D%20%3D%20%22*NONCD0003339*%22%7D,7/2/2026 12:00:00 AM,-81.4342799999999,35.1768900000001
50291,NONCD0003341,FAIRVIEW RD PCE,8621 FAIRVIEW ROAD,MINT HILL,MECKLENBURG,35.18093,-80.63736,ON SCREEN PLACEMENT ON GEOREFERENCED MAP,ESRI AGOL BASE MAP,FALSE,FALSE,https://edocs.deq.nc.gov/WasteManagement/Search.aspx?dbid=0&searchcommand=%7B%5BWM%5D:%5BProgram_ID%5D%20%3D%20%22*NONCD0003340*%22%7D,7/2/2026 12:00:00 AM,-80.6373599999999,35.18093
50292,NONCD0003337,RESEARCH COMMONS PROPERTY,79 TW ALEXANDER DR,DURHAM,DURHAM,35.904901,-78.876679,ON SCREEN PLACEMENT ON GEOREFERENCED MAP,GOOGLE MAPS,FALSE,FALSE,https://edocs.deq.nc.gov/WasteManagement/Search.aspx?dbid=0&searchcommand=%7B%5BWM%5D:%5BProgram_ID%5D%20%3D%20%22*NONCD0003341*%22%7D,7/2/2026 12:00:00 AM,-78.876679,35.9049010000001
50293,NONCD0003338,BEACON BAPTIST CHURCH,1622 KIRKPATRICK RD,BURLINGTON,ALAMANCE,36.0466,-79.48852,ON SCREEN PLACEMENT ON GEOREFERENCED MAP,ACMEMAPPER,FALSE,FALSE,https://edocs.deq.nc.gov/WasteManagement/Search.aspx?dbid=0&searchcommand=%7B%5BWM%5D:%5BProgram_ID%5D%20%3D%20%22*NONCD0003337*%22%7D,7/2/2026 12:00:00 AM,-79.4885199999999,36.0466000000001
50294,NONCD0003342,PIEDMONT TRIAD AIRPORT,1000A JOHNSON PARKWAY,GREENSBORO,GUILFORD,36.09465,-79.95283,ON SCREEN PLACEMENT ON GEOREFERENCED MAP,ACMEMAPPER,FALSE,FALSE,https://edocs.deq.nc.gov/WasteManagement/Search.aspx?dbid=0&searchcommand=%7B%5BWM%5D:%5BProgram_ID%5D%20%3D%20%22*NONCD0003338*%22%7D,7/2/2026 12:00:00 AM,-79.9528299999999,36.0946500000001
50295,NONCD0003343,SIX FORKS RD PFAS,5241 SIX FORKS RD,RALEIGH,WAKE,35.852947,-78.643575,ON SCREEN PLACEMENT ON GEOREFERENCED MAP,GOOGLE MAPS,FALSE,FALSE,https://edocs.deq.nc.gov/WasteManagement/Search.aspx?dbid=0&searchcommand=%7B%5BWM%5D:%5BProgram_ID%5D%20%3D%20%22*NONCD0003342*%22%7D,7/2/2026 12:00:00 AM,-78.6435749999999,35.852947
50296,NONCD0003353,CHERRYVILLE DISTRIBUTING COMPANY INC,322 EAST MAIN STREET,CHERRYVILLE,GASTON,35.379507,-81.376436,ON SCREEN PLACEMENT ON GEOREFERENCED MAP,ESRI AGOL BASE MAP,FALSE,FALSE,https://edocs.deq.nc.gov/WasteManagement/Search.aspx?dbid=0&searchcommand=%7B%5BWM%5D:%5BProgram_ID%5D%20%3D%20%22*NONCD0003343*%22%7D,7/2/2026 12:00:00 AM,-81.376436,35.379507
50297,NONCD0003344,WINSTON AVENUE PCE,1441 WINSTON AVE,STATESVILLE,IREDELL,35.76899,-80.90365,ON SCREEN PLACEMENT ON GEOREFERENCED MAP,ESRI AGOL BASE MAP,FALSE,FALSE,https://edocs.deq.nc.gov/WasteManagement/Search.aspx?dbid=0&searchcommand=%7B%5BWM%5D:%5BProgram_ID%5D%20%3D%20%22*NONCD0003353*%22%7D,7/2/2026 12:00:00 AM,-80.90365,35.76899
50298,NONCD0003345,CHEVRON TRAVEL STORE,3352 EAST BURMA ROAD,NEBO,MCDOWELL,35.683983,-81.912558,ON SCREEN PLACEMENT ON GEOREFERENCED MAP,ESRI AGOL BASE MAP,FALSE,FALSE,https://edocs.deq.nc.gov/WasteManagement/Search.aspx?dbid=0&searchcommand=%7B%5BWM%5D:%5BProgram_ID%5D%20%3D%20%22*NONCD0003344*%22%7D,7/2/2026 12:00:00 AM,-81.912558,35.6839830000001
50299,NONCD0003347,MOUNTAIN STREET SOLVENTS,300 E MOUNTAIN ST,KERNERSVILLE,FORSYTH,36.11833,-80.06939,ON SCREEN PLACEMENT ON GEOREFERENCED MAP,ESRI AGOL BASE MAP,FALSE,FALSE,https://edocs.deq.nc.gov/WasteManagement/Search.aspx?dbid=0&searchcommand=%7B%5BWM%5D:%5BProgram_ID%5D%20%3D%20%22*NONCD0003345*%22%7D,7/2/2026 12:00:00 AM,-80.0693899999999,36.1183300000001
50300,NONCD0003348,US 70 HWY AND WARREN WILSON ROAD,1920 US 70 HWY,SWANNANOA,BUNCOMBE,35.593519,-82.436634,ON SCREEN PLACEMENT ON GEOREFERENCED MAP,ESRI AGOL BASE MAP,FALSE,FALSE,https://edocs.deq.nc.gov/WasteManagement/Search.aspx?dbid=0&searchcommand=%7B%5BWM%5D:%5BProgram_ID%5D%20%3D%20%22*NONCD0003347*%22%7D,7/2/2026 12:00:00 AM,-82.436634,35.5935190000001
50301,NONCD0003350,EMTELLE USA INC,"101 MILLS GAP ROAD, UNIT A",FLETCHER,HENDERSON,35.43753,-82.485306,ON SCREEN PLACEMENT ON GEOREFERENCED MAP,ESRI AGOL BASE MAP,FALSE,FALSE,https://edocs.deq.nc.gov/WasteManagement/Search.aspx?dbid=0&searchcommand=%7B%5BWM%5D:%5BProgram_ID%5D%20%3D%20%22*NONCD0003348*%22%7D,7/2/2026 12:00:00 AM,-82.485306,35.43753
50302,NONCD0003346,AUTO REPAIR SHOP - NAPA,3722 MARKET ST,WILMINGTON,NEW HANOVER,34.2403,-77.8999,ON SCREEN PLACEMENT ON GEOREFERENCED MAP,ACMEMAPPER,FALSE,FALSE,https://edocs.deq.nc.gov/WasteManagement/Search.aspx?dbid=0&searchcommand=%7B%5BWM%5D:%5BProgram_ID%5D%20%3D%20%22*NONCD0003350*%22%7D,7/2/2026 12:00:00 AM,-77.8998999999999,34.2403
50303,NONCD0003349,CROSSROADS CHRYSLER DODGE JEEP RAM,120 US 158 BYPASS,HENDERSON,VANCE,36.337695,-78.443447,ON SCREEN PLACEMENT ON GEOREFERENCED MAP,GOOGLE MAPS,FALSE,FALSE,https://edocs.deq.nc.gov/WasteManagement/Search.aspx?dbid=0&searchcommand=%7B%5BWM%5D:%5BProgram_ID%5D%20%3D%20%22*NONCD0003346*%22%7D,7/2/2026 12:00:00 AM,-78.4434469999999,36.3376950000001
50304,NCD981858707,ONE HOUR KORETIZING,177 S CHURCH ST,ROCKY MOUNT,NASH,35.941629,-77.797161,ON SCREEN PLACEMENT ON GEOREFERENCED MAP,ESRI AGOL BASE MAP,FALSE,FALSE,https://edocs.deq.nc.gov/WasteManagement/Search.aspx?dbid=0&searchcommand=%7B%5BWM%5D:%5BProgram_ID%5D%20%3D%20%22*NONCD0003349*%22%7D,7/2/2026 12:00:00 AM,-77.797161,35.941629
50305,NCD986205011,"MANUFACTURING SERVICES, INC.",725 E. MAINE AVENUE,BESSEMER CITY,GASTON,35.28754,-81.26766,ON SCREEN PLACEMENT ON GEOREFERENCED MAP,ESRI AGOL BASE MAP,FALSE,FALSE,https://edocs.deq.nc.gov/WasteManagement/Search.aspx?dbid=0&searchcommand=%7B%5BWM%5D:%5BProgram_ID%5D%20%3D%20%22*NCD981858707*%22%7D,7/2/2026 12:00:00 AM,-81.26766,35.28754
50306,NCD035999200,PRO CLEANERS,2330 N PATTERSON AVE,WINSTON-SALEM,FORSYTH,36.11904,-80.24225,ON SCREEN PLACEMENT ON GEOREFERENCED MAP,ACMEMAPPER,FALSE,FALSE,https://edocs.deq.nc.gov/WasteManagement/Search.aspx?dbid=0&searchcommand=%7B%5BWM%5D:%5BProgram_ID%5D%20%3D%20%22*NCD986205011*%22%7D,7/2/2026 12:00:00 AM,-80.24225,36.11904
50307,NONCD0003352,BALFOUR MILL,69 BALFOUR ROAD,HENDERSONVILLE,HENDERSON,35.351956,-82.470092,ON SCREEN PLACEMENT ON GEOREFERENCED MAP,ESRI AGOL BASE MAP,FALSE,FALSE,https://edocs.deq.nc.gov/WasteManagement/Search.aspx?dbid=0&searchcommand=%7B%5BWM%5D:%5BProgram_ID%5D%20%3D%20%22*NCD035999200*%22%7D,7/2/2026 12:00:00 AM,-82.470092,35.351956
50308,NONCD0003355,1ST AVE PCE CONTAMINATION,420 1ST AVE SW,HICKORY,CATAWBA,35.73106,-81.34541,ON SCREEN PLACEMENT ON GEOREFERENCED MAP,ACMEMAPPER,FALSE,FALSE,https://edocs.deq.nc.gov/WasteManagement/Search.aspx?dbid=0&searchcommand=%7B%5BWM%5D:%5BProgram_ID%5D%20%3D%20%22*NONCD0003352*%22%7D,7/2/2026 12:00:00 AM,-81.34541,35.7310600000001
50309,NONCD0003356,NORTH TECHNOLOGY EDUCATION COMPLEX PFAS,1075 COLLEGE DRIVE,SALISBURY,ROWAN,35.63369,-80.47928,ON SCREEN PLACEMENT ON GEOREFERENCED MAP,ACMEMAPPER,FALSE,FALSE,https://edocs.deq.nc.gov/WasteManagement/Search.aspx?dbid=0&searchcommand=%7B%5BWM%5D:%5BProgram_ID%5D%20%3D%20%22*NONCD0003355*%22%7D,7/2/2026 12:00:00 AM,-80.47928,35.6336900000001
50310,NONCD0003354,FORMER SOUTHERN FURNITURE,415 PEANUT RD,ELIZABETHTOWN,BLADEN,34.62725,-78.62162,ON SCREEN PLACEMENT ON GEOREFERENCED MAP,ACMEMAPPER,FALSE,FALSE,https://edocs.deq.nc.gov/WasteManagement/Search.aspx?dbid=0&searchcommand=%7B%5BWM%5D:%5BProgram_ID%5D%20%3D%20%22*NONCD0003356*%22%7D,7/2/2026 12:00:00 AM,-78.62162,34.6272500000001
50311,NONCD0003359,GUM BRANCH RD,120 GUM BRANCH ROAD,CHARLOTTE,MECKLENBURG,35.3022,-80.93787,ON SCREEN PLACEMENT ON GEOREFERENCED MAP,ESRI AGOL BASE MAP,FALSE,FALSE,https://edocs.deq.nc.gov/WasteManagement/Search.aspx?dbid=0&searchcommand=%7B%5BWM%5D:%5BProgram_ID%5D%20%3D%20%22*NONCD0003354*%22%7D,7/2/2026 12:00:00 AM,-80.93787,35.3022
50312,NONCD0003362,MECKLENBURG HIGHWAY PFAS,1035 MECKLENBURG HIGHWAY,MOORESVILLE,IREDELL,35.56371,-80.82752,ON SCREEN PLACEMENT ON GEOREFERENCED MAP,ACMEMAPPER,FALSE,FALSE,https://edocs.deq.nc.gov/WasteManagement/Search.aspx?dbid=0&searchcommand=%7B%5BWM%5D:%5BProgram_ID%5D%20%3D%20%22*NONCD0003359*%22%7D,7/2/2026 12:00:00 AM,-80.8275199999999,35.5637100000001
50313,NONCD0003357,PATES SUPPLY FEED AND LIVESTOCK,OLD MAIN AND SALLY RD,PEMBROKE,ROBESON,34.689772,-79.213432,ON SCREEN PLACEMENT ON GEOREFERENCED MAP,GOOGLE MAPS,FALSE,FALSE,https://edocs.deq.nc.gov/WasteManagement/Search.aspx?dbid=0&searchcommand=%7B%5BWM%5D:%5BProgram_ID%5D%20%3D%20%22*NONCD0003362*%22%7D,7/2/2026 12:00:00 AM,-79.213432,34.6897720000001
50314,NONCD0003360,GREENSBORO BONDED WAREHOUSE INC,501 GUILFORD AVE,GREENSBORO,GUILFORD,36.07484,-79.800381,ON SCREEN PLACEMENT ON GEOREFERENCED MAP,ESRI AGOL BASE MAP,FALSE,FALSE,https://edocs.deq.nc.gov/WasteManagement/Search.aspx?dbid=0&searchcommand=%7B%5BWM%5D:%5BProgram_ID%5D%20%3D%20%22*NONCD0003357*%22%7D,7/2/2026 12:00:00 AM,-79.800381,36.0748400000001
50315,NONCD0003361,UNITED THERAPEUTICS CORPORATION,67 TW ALEXANDER DR,DURHAM,DURHAM,35.909277,-78.87325,ON SCREEN PLACEMENT ON GEOREFERENCED MAP,GOOGLE MAPS,FALSE,FALSE,https://edocs.deq.nc.gov/WasteManagement/Search.aspx?dbid=0&searchcommand=%7B%5BWM%5D:%5BProgram_ID%5D%20%3D%20%22*NONCD0003360*%22%7D,7/2/2026 12:00:00 AM,-78.87325,35.909277
50316,NONCD0003367,SULPHUR SPRINGS CONTAMINATION,3728 SULPHUR SPRINGS ROAD,HICKORY,CATAWBA,35.78138,-81.26197,ON SCREEN PLACEMENT ON GEOREFERENCED MAP,ACMEMAPPER,FALSE,FALSE,https://edocs.deq.nc.gov/WasteManagement/Search.aspx?dbid=0&searchcommand=%7B%5BWM%5D:%5BProgram_ID%5D%20%3D%20%22*NONCD0003361*%22%7D,7/2/2026 12:00:00 AM,-81.26197,35.7813800000001
50317,NONCD0003368,DIXIE REEL AND BOX,10901 CARPET STREET,CHARLOTTE,MECKLENBURG,35.115786,-80.914534,ON SCREEN PLACEMENT ON GEOREFERENCED MAP,ESRI AGOL BASE MAP,FALSE,FALSE,https://edocs.deq.nc.gov/WasteManagement/Search.aspx?dbid=0&searchcommand=%7B%5BWM%5D:%5BProgram_ID%5D%20%3D%20%22*NONCD0003367*%22%7D,7/2/2026 12:00:00 AM,-80.9145339999999,35.1157860000001
50318,NONCD0003363,ASKINS CREEK BP PFAS,42676 NC HWY 12,AVON,DARE,35.323179,-75.509117,ON SCREEN PLACEMENT ON GEOREFERENCED MAP,ESRI AGOL BASE MAP,FALSE,FALSE,https://edocs.deq.nc.gov/WasteManagement/Search.aspx?dbid=0&searchcommand=%7B%5BWM%5D:%5BProgram_ID%5D%20%3D%20%22*NONCD0003368*%22%7D,7/2/2026 12:00:00 AM,-75.5091169999999,35.323179
50319,NONCD0003364,HYKAL PROPERTIES LLC,1951 OLD WILSON RD,ROCKY MOUNT,EDGECOMBE,35.916698,-77.786955,ON SCREEN PLACEMENT ON GEOREFERENCED MAP,GOOGLE MAPS,FALSE,FALSE,https://edocs.deq.nc.gov/WasteManagement/Search.aspx?dbid=0&searchcommand=%7B%5BWM%5D:%5BProgram_ID%5D%20%3D%20%22*NONCD0003363*%22%7D,7/2/2026 12:00:00 AM,-77.786955,35.9166980000001
50320,NONCD0003366,SOUTH ELM STREET,1914 SOUTH ELM ST,HIGH POINT,GUILFORD,35.93012,-80.01072,ON SCREEN PLACEMENT ON GEOREFERENCED MAP,ACMEMAPPER,FALSE,FALSE,https://edocs.deq.nc.gov/WasteManagement/Search.aspx?dbid=0&searchcommand=%7B%5BWM%5D:%5BProgram_ID%5D%20%3D%20%22*NONCD0003364*%22%7D,7/2/2026 12:00:00 AM,-80.0107199999999,35.93012
50321,NONCD0003369,BATTLEFIELD MOYOCK LLC,468 AND 472 CARATOKE HWY,MOYOCK,CURRITUCK,36.52675,-76.18141,ON SCREEN PLACEMENT ON GEOREFERENCED MAP,ACMEMAPPER,FALSE,FALSE,https://edocs.deq.nc.gov/WasteManagement/Search.aspx?dbid=0&searchcommand=%7B%5BWM%5D:%5BProgram_ID%5D%20%3D%20%22*NONCD0003366*%22%7D,7/2/2026 12:00:00 AM,-76.18141,36.52675
50322,NONCD0003365,CJH2 ENTERPRISES LLC,"3100, 3102, 3104 SUMMIT AVE",GREENSBORO,GUILFORD,36.114488,-79.764562,ON SCREEN PLACEMENT ON GEOREFERENCED MAP,GOOGLE MAPS,FALSE,FALSE,https://edocs.deq.nc.gov/WasteManagement/Search.aspx?dbid=0&searchcommand=%7B%5BWM%5D:%5BProgram_ID%5D%20%3D%20%22*NONCD0003369*%22%7D,7/2/2026 12:00:00 AM,-79.764562,36.1144880000001
50323,NONCD0003370,CAROLINA TECHNICAL PLASTICS,901 INDUSTRIAL DR,NEW BERN,CRAVEN,35.13716,-77.160502,ON SCREEN PLACEMENT ON GEOREFERENCED MAP,ESRI AGOL BASE MAP,FALSE,FALSE,https://edocs.deq.nc.gov/WasteManagement/Search.aspx?dbid=0&searchcommand=%7B%5BWM%5D:%5BProgram_ID%5D%20%3D%20%22*NONCD0003365*%22%7D,7/2/2026 12:00:00 AM,-77.160502,35.1371600000001
50324,NONCD0003371,RICHBOURG MOTOR,52 COX AVE,ASHEVILLE,BUNCOMBE,35.591897,-82.554336,ON SCREEN PLACEMENT ON GEOREFERENCED MAP,ESRI AGOL BASE MAP,FALSE,FALSE,https://edocs.deq.nc.gov/WasteManagement/Search.aspx?dbid=0&searchcommand=%7B%5BWM%5D:%5BProgram_ID%5D%20%3D%20%22*NONCD0003370*%22%7D,7/2/2026 12:00:00 AM,-82.554336,35.5918970000001
50325,NONCD0003372,ASPLUNDH TREE SERVICE,351 ORCHARD CIR,CHARLOTTE,MECKLENBURG,35.1875,-80.88536,ON SCREEN PLACEMENT ON GEOREFERENCED MAP,ESRI AGOL BASE MAP,FALSE,FALSE,https://edocs.deq.nc.gov/WasteManagement/Search.aspx?dbid=0&searchcommand=%7B%5BWM%5D:%5BProgram_ID%5D%20%3D%20%22*NONCD0003371*%22%7D,7/2/2026 12:00:00 AM,-80.8853599999999,35.1875000000001
50326,NONCD0003373,KAPKE ENTERPRISES,1928 ZEBULON RD,ZEBULON,WAKE,35.8486,-78.33232,ON SCREEN PLACEMENT ON GEOREFERENCED MAP,ESRI AGOL BASE MAP,FALSE,FALSE,https://edocs.deq.nc.gov/WasteManagement/Search.aspx?dbid=0&searchcommand=%7B%5BWM%5D:%5BProgram_ID%5D%20%3D%20%22*NONCD0003372*%22%7D,7/2/2026 12:00:00 AM,-78.33232,35.8486
50327,NONCD0003374,ASHEVILLE TRUCK SERVICE,45 SOUTHSIDE AVE,ASHEVILLE,BUNCOMBE,35.587831,-82.553161,ON SCREEN PLACEMENT ON GEOREFERENCED MAP,ESRI AGOL BASE MAP,FALSE,FALSE,https://edocs.deq.nc.gov/WasteManagement/Search.aspx?dbid=0&searchcommand=%7B%5BWM%5D:%5BProgram_ID%5D%20%3D%20%22*NONCD0003373*%22%7D,7/2/2026 12:00:00 AM,-82.553161,35.5878310000001
50328,NONCD0003375,SOUTH CANNON BLVD,511 SOUTH CANNON BLVD,KANNAPOLIS,CABARRUS,35.487863,-80.610784,ON SCREEN PLACEMENT ON GEOREFERENCED MAP,ESRI AGOL BASE MAP,FALSE,FALSE,https://edocs.deq.nc.gov/WasteManagement/Search.aspx?dbid=0&searchcommand=%7B%5BWM%5D:%5BProgram_ID%5D%20%3D%20%22*NONCD0003374*%22%7D,7/2/2026 12:00:00 AM,-80.610784,35.4878630000001
50329,NONCD0003376,RC BOTTLING CO,191 BILTMORE AVE,ASHEVILLE,BUNCOMBE,35.587064,-82.552342,ON SCREEN PLACEMENT ON GEOREFERENCED MAP,ESRI AGOL BASE MAP,FALSE,FALSE,https://edocs.deq.nc.gov/WasteManagement/Search.aspx?dbid=0&searchcommand=%7B%5BWM%5D:%5BProgram_ID%5D%20%3D%20%22*NONCD0003375*%22%7D,7/2/2026 12:00:00 AM,-82.552342,35.5870640000001
50330,NONCD0003377,WELCHS SUNOCO,507 PROVIDENCE RD,CHARLOTTE,MECKLENBURG,35.203569,-80.824438,ON SCREEN PLACEMENT ON GEOREFERENCED MAP,ESRI AGOL BASE MAP,FALSE,FALSE,https://edocs.deq.nc.gov/WasteManagement/Search.aspx?dbid=0&searchcommand=%7B%5BWM%5D:%5BProgram_ID%5D%20%3D%20%22*NONCD0003376*%22%7D,7/2/2026 12:00:00 AM,-80.824438,35.2035690000001
50331,NONCD0003378,SEABOARD AIR LINE RAILYARD,400-498 WINCHESTER AVE,MONROE,UNION,34.984647,-80.54459,ON SCREEN PLACEMENT ON GEOREFERENCED MAP,ESRI AGOL BASE MAP,FALSE,FALSE,https://edocs.deq.nc.gov/WasteManagement/Search.aspx?dbid=0&searchcommand=%7B%5BWM%5D:%5BProgram_ID%5D%20%3D%20%22*NONCD0003377*%22%7D,7/2/2026 12:00:00 AM,-80.54459,34.9846470000001
50332,NONCD0003379,G&M HAULING AND GRADING,11855 MT. HOLLY-HUNTERSVILLE R,HUNTERSVILLE,MECKLENBURG,35.384818,-80.854091,ON SCREEN PLACEMENT ON GEOREFERENCED MAP,ESRI AGOL BASE MAP,FALSE,FALSE,https://edocs.deq.nc.gov/WasteManagement/Search.aspx?dbid=0&searchcommand=%7B%5BWM%5D:%5BProgram_ID%5D%20%3D%20%22*NONCD0003378*%22%7D,7/2/2026 12:00:00 AM,-80.854091,35.3848180000001
50333,NONCD0003380,TOYOTA OF BOONE,675 EAST KING ST,BOONE,WATAUGA,36.218147,-81.664247,ON SCREEN PLACEMENT ON GEOREFERENCED MAP,ESRI AGOL BASE MAP,FALSE,FALSE,https://edocs.deq.nc.gov/WasteManagement/Search.aspx?dbid=0&searchcommand=%7B%5BWM%5D:%5BProgram_ID%5D%20%3D%20%22*NONCD0003379*%22%7D,7/2/2026 12:00:00 AM,-81.664247,36.218147
50334,NONCD0003381,FULBRIGHT LABORATORIES,1923 SOUTH BLVD,CHARLOTTE,MECKLENBURG,35.20966,-80.85908,ON SCREEN PLACEMENT ON GEOREFERENCED MAP,ESRI AGOL BASE MAP,FALSE,FALSE,https://edocs.deq.nc.gov/WasteManagement/Search.aspx?dbid=0&searchcommand=%7B%5BWM%5D:%5BProgram_ID%5D%20%3D%20%22*NONCD0003380*%22%7D,7/2/2026 12:00:00 AM,-80.8590799999999,35.20966
50335,NONCD0003382,PERFORMANCE AUTO MALL,130 OLD DURHAM RD,CHAPEL HILL,ORANGE,35.944456,-79.009714,ON SCREEN PLACEMENT ON GEOREFERENCED MAP,ESRI AGOL BASE MAP,FALSE,FALSE,https://edocs.deq.nc.gov/WasteManagement/Search.aspx?dbid=0&searchcommand=%7B%5BWM%5D:%5BProgram_ID%5D%20%3D%20%22*NONCD0003381*%22%7D,7/2/2026 12:00:00 AM,-79.009714,35.9444560000001
